{
  "metrics": [
    {
      "accuracy": 0.1041,
      "f1": 0.025060449392979356,
      "precision": 0.03294641452782796,
      "recall": 0.10328255526460788,
      "loss": 2.310351022338867,
      "round": -1,
      "evaluated": true,
      "cum_time": 0.0,
      "cum_modelled_energy_wh": 0.0,
      "cum_modelled_carbon_g": 0.0,
      "cum_training_tflops": 0.0,
      "cum_comm_mb": 0.0
    },
    {
      "accuracy": 0.1891,
      "f1": 0.12131434167856987,
      "precision": 0.19292796454145703,
      "recall": 0.1869637430814341,
      "loss": 2.1196106273651125,
      "round": 0,
      "evaluated": true,
      "selected_clients": [
        91,
        66,
        73,
        11,
        6,
        89,
        9,
        40,
        24,
        53
      ],
      "selected_count": 10,
      "selection_seconds": 8.112500654533505e-05,
      "selection_overhead_seconds": 8.112500654533505e-05,
      "round_time": 530.9935655574767,
      "cum_time": 530.9935655574767,
      "round_modelled_energy_wh": 6.115388045820671,
      "cum_modelled_energy_wh": 6.115388045820671,
      "round_modelled_carbon_g": 2.904809321764819,
      "cum_modelled_carbon_g": 2.904809321764819,
      "training_tflops": 0.0092443395,
      "cum_training_tflops": 0.0092443395,
      "round_comm_mb": 1.666259765625,
      "cum_comm_mb": 1.666259765625,
      "fairness_variance": 0.09,
      "fairness_gini": 0.9,
      "fairness_jain": 0.1,
      "utilization_entropy": 0.4999999999999999,
      "participation_coverage_ratio": 0.1,
      "tier_0_selection_rate": 0.1,
      "tier_1_selection_rate": 0.7,
      "tier_2_selection_rate": 0.2,
      "label_coverage_ratio": 1.0,
      "mean_local_loss_reduction": 0.9995307922363281,
      "accuracy_delta": 0.08499999999999999,
      "criticalfl_sparse_round": false
    },
    {
      "accuracy": 0.1891,
      "f1": 0.12131434167856987,
      "precision": 0.19292796454145703,
      "recall": 0.1869637430814341,
      "loss": 2.1196106273651125,
      "round": 1,
      "evaluated": false,
      "selected_clients": [
        18,
        28,
        45,
        30,
        53
      ],
      "selected_count": 5,
      "selection_seconds": 0.00015645800158381462,
      "selection_overhead_seconds": 0.00015645800158381462,
      "round_time": 580.7861126299088,
      "cum_time": 1111.7796781873853,
      "round_modelled_energy_wh": 2.874095218836035,
      "cum_modelled_energy_wh": 8.989483264656705,
      "round_modelled_carbon_g": 1.3651952289471168,
      "cum_modelled_carbon_g": 4.270004550711935,
      "training_tflops": 0.00438216,
      "cum_training_tflops": 0.0136264995,
      "round_comm_mb": 0.4998779296875,
      "cum_comm_mb": 2.1661376953125,
      "fairness_variance": 0.1475,
      "fairness_gini": 0.8686666666666667,
      "fairness_jain": 0.1323529411764706,
      "utilization_entropy": 0.5679769631502419,
      "participation_coverage_ratio": 0.14,
      "tier_0_selection_rate": 0.13333333333333333,
      "tier_1_selection_rate": 0.6,
      "tier_2_selection_rate": 0.26666666666666666,
      "label_coverage_ratio": 1.0,
      "mean_local_loss_reduction": 0.8725517392158508,
      "accuracy_delta": 0.0,
      "criticalfl_sparse_round": true
    },
    {
      "accuracy": 0.1891,
      "f1": 0.12131434167856987,
      "precision": 0.19292796454145703,
      "recall": 0.1869637430814341,
      "loss": 2.1196106273651125,
      "round": 2,
      "evaluated": false,
      "selected_clients": [
        22,
        15,
        81,
        4,
        20,
        94,
        23,
        93,
        3,
        28
      ],
      "selected_count": 10,
      "selection_seconds": 0.00015291699673980474,
      "selection_overhead_seconds": 0.00015291699673980474,
      "round_time": 1001.7680709321256,
      "cum_time": 2113.547749119511,
      "round_modelled_energy_wh": 7.210715809492161,
      "cum_modelled_energy_wh": 16.200199074148866,
      "round_modelled_carbon_g": 3.4250900095087764,
      "cum_modelled_carbon_g": 7.695094560220712,
      "training_tflops": 0.0106916055,
      "cum_training_tflops": 0.024318105,
      "round_comm_mb": 1.666259765625,
      "cum_comm_mb": 3.8323974609375,
      "fairness_variance": 0.2275,
      "fairness_gini": 0.7868,
      "fairness_jain": 0.21551724137931033,
      "utilization_entropy": 0.6748876046829,
      "participation_coverage_ratio": 0.23,
      "tier_0_selection_rate": 0.16,
      "tier_1_selection_rate": 0.52,
      "tier_2_selection_rate": 0.32,
      "label_coverage_ratio": 1.0,
      "mean_local_loss_reduction": 1.220090388207609,
      "accuracy_delta": 0.0,
      "criticalfl_sparse_round": false
    },
    {
      "accuracy": 0.1891,
      "f1": 0.12131434167856987,
      "precision": 0.19292796454145703,
      "recall": 0.1869637430814341,
      "loss": 2.1196106273651125,
      "round": 3,
      "evaluated": false,
      "selected_clients": [
        73,
        47,
        44,
        91,
        71
      ],
      "selected_count": 5,
      "selection_seconds": 0.00014012499013915658,
      "selection_overhead_seconds": 0.00014012499013915658,
      "round_time": 472.97708482153513,
      "cum_time": 2586.5248339410464,
      "round_modelled_energy_wh": 2.4507079274417345,
      "cum_modelled_energy_wh": 18.6509070015906,
      "round_modelled_carbon_g": 1.1640862655348239,
      "cum_modelled_carbon_g": 8.859180825755535,
      "training_tflops": 0.0037551075,
      "cum_training_tflops": 0.0280732125,
      "round_comm_mb": 0.8331298828125,
      "cum_comm_mb": 4.66552734375,
      "fairness_variance": 0.29,
      "fairness_gini": 0.7693333333333333,
      "fairness_jain": 0.23684210526315788,
      "utilization_entropy": 0.6984232946046336,
      "participation_coverage_ratio": 0.26,
      "tier_0_selection_rate": 0.16666666666666666,
      "tier_1_selection_rate": 0.5,
      "tier_2_selection_rate": 0.3333333333333333,
      "label_coverage_ratio": 1.0,
      "mean_local_loss_reduction": 0.23391089886426925,
      "accuracy_delta": 0.0,
      "criticalfl_sparse_round": false
    },
    {
      "accuracy": 0.1891,
      "f1": 0.12131434167856987,
      "precision": 0.19292796454145703,
      "recall": 0.1869637430814341,
      "loss": 2.1196106273651125,
      "round": 4,
      "evaluated": false,
      "selected_clients": [
        67,
        11,
        22,
        81,
        10
      ],
      "selected_count": 5,
      "selection_seconds": 0.00013962501543574035,
      "selection_overhead_seconds": 0.00013962501543574035,
      "round_time": 219.72246632555533,
      "cum_time": 2806.2473002666015,
      "round_modelled_energy_wh": 1.9172376414132795,
      "cum_modelled_energy_wh": 20.56814464300388,
      "round_modelled_carbon_g": 0.9106878796713077,
      "cum_modelled_carbon_g": 9.769868705426843,
      "training_tflops": 0.0030977835,
      "cum_training_tflops": 0.031170996,
      "round_comm_mb": 0.4998779296875,
      "cum_comm_mb": 5.1654052734375,
      "fairness_variance": 0.3675,
      "fairness_gini": 0.762,
      "fairness_jain": 0.25,
      "utilization_entropy": 0.7118280230423415,
      "participation_coverage_ratio": 0.28,
      "tier_0_selection_rate": 0.14285714285714285,
      "tier_1_selection_rate": 0.4857142857142857,
      "tier_2_selection_rate": 0.37142857142857144,
      "label_coverage_ratio": 1.0,
      "mean_local_loss_reduction": 0.05288160741329193,
      "accuracy_delta": 0.0,
      "criticalfl_sparse_round": true
    },
    {
      "accuracy": 0.1891,
      "f1": 0.12131434167856987,
      "precision": 0.19292796454145703,
      "recall": 0.1869637430814341,
      "loss": 2.1196106273651125,
      "round": 5,
      "evaluated": false,