{
  "run_label": "cifar10_lambda_sensitivity_cifar10_review_100_research.maml_select.cifar10_lambda_5p0_s2026",
  "round": 99,
  "rounds": 100,
  "latest_metrics": {
    "accuracy": 0.5787,
    "f1": 0.5662658789983629,
    "precision": 0.5756272892415486,
    "recall": 0.5786999999999999,
    "loss": 1.4310923652648926,
    "round": 99,
    "evaluated": true,
    "selected_clients": [
      15,
      59,
      99,
      86,
      93,
      82,
      83,
      2,
      20,
      96
    ],
    "selected_count": 10,
    "selection_seconds": 0.016988000003038906,
    "selection_overhead_seconds": 0.016988000003038906,
    "round_time": 593.018322954935,
    "cum_time": 160266.1754395219,
    "round_modelled_energy_wh": 11.70156990364743,
    "cum_modelled_energy_wh": 1344.906407149723,
    "round_modelled_carbon_g": 5.5582457042325295,
    "cum_modelled_carbon_g": 638.8305433961184,
    "training_tflops": 23.08650713856,
    "cum_training_tflops": 2525.20231744512,
    "round_comm_mb": 851.7732238769531,
    "cum_comm_mb": 85177.32238769531,
    "fairness_variance": 538.48,
    "fairness_gini": 0.72096,
    "fairness_jain": 0.15662197719584012,
    "utilization_entropy": 0.7145788721370167,
    "participation_coverage_ratio": 1.0,
    "tier_0_selection_rate": 0.04,
    "tier_1_selection_rate": 0.223,
    "tier_2_selection_rate": 0.737,
    "label_coverage_ratio": 1.0,
    "mean_local_loss_reduction": 0.4396918466314673,
    "accuracy_delta": 0.016800000000000037,
    "criticalfl_sparse_round": false
  }
}