{
  "run_label": "feature_ablation_fashion_main_research.maml_select.no_grad_norm_s123",
  "round": 199,
  "rounds": 200,
  "latest_metrics": {
    "accuracy": 0.9057,
    "f1": 0.9030084063163148,
    "precision": 0.9071791758042677,
    "recall": 0.9057000000000001,
    "loss": 0.38216381491720675,
    "round": 199,
    "evaluated": true,
    "selected_clients": [
      72,
      98,
      33,
      86,
      61,
      18,
      82,
      25,
      51,
      46
    ],
    "selected_count": 10,
    "selection_seconds": 0.00954208301845938,
    "selection_overhead_seconds": 0.00954208301845938,
    "round_time": 3781.257956194664,
    "cum_time": 584712.6732437571,
    "round_modelled_energy_wh": 23.74970703526188,
    "cum_modelled_energy_wh": 4830.438751374036,
    "round_modelled_carbon_g": 11.281110841749394,
    "cum_modelled_carbon_g": 2294.458406902667,
    "training_tflops": 0.59105776896,
    "cum_training_tflops": 121.15314300672,
    "round_comm_mb": 28.159942626953125,
    "cum_comm_mb": 5631.988525390625,
    "fairness_variance": 74.7,
    "fairness_gini": 0.23233,
    "fairness_jain": 0.8426374552348852,
    "utilization_entropy": 0.9765619713856118,
    "participation_coverage_ratio": 1.0,
    "tier_0_selection_rate": 0.124,
    "tier_1_selection_rate": 0.471,
    "tier_2_selection_rate": 0.405,
    "label_coverage_ratio": 1.0,
    "mean_local_loss_reduction": 0.16305337976955342,
    "accuracy_delta": -0.0029000000000000137,
    "criticalfl_sparse_round": false
  }
}