{
  "run_label": "cifar10_lambda_sensitivity_cifar10_review_100_research.maml_select.cifar10_lambda_5p0_s42",
  "round": 99,
  "rounds": 100,
  "latest_metrics": {
    "accuracy": 0.5315,
    "f1": 0.5258806721531455,
    "precision": 0.5442065394549909,
    "recall": 0.5315000000000001,
    "loss": 1.5391111894607543,
    "round": 99,
    "evaluated": true,
    "selected_clients": [
      7,
      38,
      17,
      82,
      6,
      61,
      12,
      87,
      70,
      42
    ],
    "selected_count": 10,
    "selection_seconds": 0.0152186250052182,
    "selection_overhead_seconds": 0.0152186250052182,
    "round_time": 960.3911721678911,
    "cum_time": 156641.4943245822,
    "round_modelled_energy_wh": 10.948712348268144,
    "cum_modelled_energy_wh": 1339.8391129811803,
    "round_modelled_carbon_g": 5.200638365427368,
    "cum_modelled_carbon_g": 636.4235786660606,
    "training_tflops": 20.80368398592,
    "cum_training_tflops": 2519.79519253248,
    "round_comm_mb": 851.7732238769531,
    "cum_comm_mb": 85177.32238769531,
    "fairness_variance": 588.26,
    "fairness_gini": 0.72574,
    "fairness_jain": 0.14529392961962048,
    "utilization_entropy": 0.6946850089536576,
    "participation_coverage_ratio": 1.0,
    "tier_0_selection_rate": 0.04,
    "tier_1_selection_rate": 0.286,
    "tier_2_selection_rate": 0.674,
    "label_coverage_ratio": 1.0,
    "mean_local_loss_reduction": 0.6345066752284765,
    "accuracy_delta": 0.013399999999999967,
    "criticalfl_sparse_round": false
  }
}