{
  "run_label": "architecture_ablation_fashion_main_research.maml_select.hidden_64_s123",
  "round": 199,
  "rounds": 200,
  "latest_metrics": {
    "accuracy": 0.905,
    "f1": 0.9035875649510897,
    "precision": 0.9047171291100126,
    "recall": 0.9049999999999999,
    "loss": 0.3590233756035566,
    "round": 199,
    "evaluated": true,
    "selected_clients": [
      10,
      91,
      48,
      99,
      68,
      76,
      83,
      53,
      9,
      49
    ],
    "selected_count": 10,
    "selection_seconds": 0.009623499998269835,
    "selection_overhead_seconds": 0.009623499998269835,
    "round_time": 3005.422212258769,
    "cum_time": 571380.998903946,
    "round_modelled_energy_wh": 21.884553514752085,
    "cum_modelled_energy_wh": 4848.076284788725,
    "round_modelled_carbon_g": 10.395162919507241,
    "cum_modelled_carbon_g": 2302.836235274645,
    "training_tflops": 0.525345984,
    "cum_training_tflops": 121.77009075456,
    "round_comm_mb": 28.159942626953125,
    "cum_comm_mb": 5631.988525390625,
    "fairness_variance": 76.38,
    "fairness_gini": 0.23155,
    "fairness_jain": 0.8396658130064234,
    "utilization_entropy": 0.9757202726753067,
    "participation_coverage_ratio": 1.0,
    "tier_0_selection_rate": 0.119,
    "tier_1_selection_rate": 0.4735,
    "tier_2_selection_rate": 0.4075,
    "label_coverage_ratio": 1.0,
    "mean_local_loss_reduction": 0.07224113693009712,
    "accuracy_delta": -0.0023999999999999577,
    "criticalfl_sparse_round": false
  }
}