{
  "run_label": "feature_ablation_fashion_main_research.maml_select.no_battery_s123",
  "round": 199,
  "rounds": 200,
  "latest_metrics": {
    "accuracy": 0.9024,
    "f1": 0.9010686561666843,
    "precision": 0.9033749157273915,
    "recall": 0.9024000000000001,
    "loss": 0.3718438071370125,
    "round": 199,
    "evaluated": true,
    "selected_clients": [
      98,
      22,
      53,
      17,
      83,
      43,
      69,
      64,
      44,
      46
    ],
    "selected_count": 10,
    "selection_seconds": 0.009467750001931563,
    "selection_overhead_seconds": 0.009467750001931563,
    "round_time": 3781.257956194664,
    "cum_time": 587849.6033376883,
    "round_modelled_energy_wh": 25.48009400307386,
    "cum_modelled_energy_wh": 4845.704127937221,
    "round_modelled_carbon_g": 12.103044651460083,
    "cum_modelled_carbon_g": 2301.7094607701797,
    "training_tflops": 0.6344786304,
    "cum_training_tflops": 121.30836678144,
    "round_comm_mb": 28.159942626953125,
    "cum_comm_mb": 5631.988525390625,
    "fairness_variance": 69.22,
    "fairness_gini": 0.2202,
    "fairness_jain": 0.8524785814756404,
    "utilization_entropy": 0.9778836106675708,
    "participation_coverage_ratio": 1.0,
    "tier_0_selection_rate": 0.129,
    "tier_1_selection_rate": 0.4735,
    "tier_2_selection_rate": 0.3975,
    "label_coverage_ratio": 1.0,
    "mean_local_loss_reduction": 0.15088095006140065,
    "accuracy_delta": 0.0041999999999999815,
    "criticalfl_sparse_round": false
  }
}