{
  "run_label": "feature_ablation_fashion_main_research.maml_select.no_loss_s2026",
  "round": 199,
  "rounds": 200,
  "latest_metrics": {
    "accuracy": 0.894,
    "f1": 0.8942211761912076,
    "precision": 0.8999762786707514,
    "recall": 0.8939999999999999,
    "loss": 0.38907566022872925,
    "round": 199,
    "evaluated": true,
    "selected_clients": [
      66,
      47,
      38,
      11,
      2,
      81,
      43,
      70,
      91,
      37
    ],
    "selected_count": 10,
    "selection_seconds": 0.009452083992073312,
    "selection_overhead_seconds": 0.009452083992073312,
    "round_time": 2322.7724555474742,
    "cum_time": 471610.6614191282,
    "round_modelled_energy_wh": 28.728400630568505,
    "cum_modelled_energy_wh": 4947.388146010375,
    "round_modelled_carbon_g": 13.64599029952004,
    "cum_modelled_carbon_g": 2350.009369354928,
    "training_tflops": 0.72840236544,
    "cum_training_tflops": 125.961132672,
    "round_comm_mb": 28.159942626953125,
    "cum_comm_mb": 5631.988525390625,
    "fairness_variance": 119.68,
    "fairness_gini": 0.30506,
    "fairness_jain": 0.7697044334975369,
    "utilization_entropy": 0.9642389934740894,
    "participation_coverage_ratio": 1.0,
    "tier_0_selection_rate": 0.073,
    "tier_1_selection_rate": 0.474,
    "tier_2_selection_rate": 0.453,
    "label_coverage_ratio": 1.0,
    "mean_local_loss_reduction": 0.09967908770777285,
    "accuracy_delta": -0.005299999999999971,
    "criticalfl_sparse_round": false
  }
}