{
  "run_label": "conv_fashion_fashion_main_maml_select_s42",
  "round": 199,
  "rounds": 200,
  "latest_metrics": {
    "accuracy": 0.9023,
    "f1": 0.899833623326096,
    "precision": 0.9040057413573426,
    "recall": 0.9022999999999998,
    "loss": 0.37367545547485354,
    "round": 199,
    "evaluated": true,
    "selected_clients": [
      21,
      48,
      22,
      61,
      83,
      29,
      5,
      7,
      50,
      91
    ],
    "selected_count": 10,
    "selection_seconds": 0.016401100001530722,
    "selection_overhead_seconds": 0.016401100001530722,
    "round_time": 2088.249660387355,
    "cum_time": 545138.8455113668,
    "round_modelled_energy_wh": 23.51910694522385,
    "cum_modelled_energy_wh": 4717.920947456592,
    "round_modelled_carbon_g": 11.171575798981328,
    "cum_modelled_carbon_g": 2241.0124500418815,
    "training_tflops": 0.59721099264,
    "cum_training_tflops": 119.87733593088,
    "round_comm_mb": 28.159942626953125,
    "cum_comm_mb": 5631.988525390625,
    "fairness_variance": 135.46,
    "fairness_gini": 0.32389,
    "fairness_jain": 0.7470212527546408,
    "utilization_entropy": 0.9616539282846814,
    "participation_coverage_ratio": 1.0,
    "tier_0_selection_rate": 0.0705,
    "tier_1_selection_rate": 0.4805,
    "tier_2_selection_rate": 0.449,
    "label_coverage_ratio": 1.0,
    "mean_local_loss_reduction": 0.15024095768048937,
    "accuracy_delta": -0.0010999999999999899,
    "criticalfl_sparse_round": false
  }
}