{
  "run_label": "feature_ablation_fashion_main_research.maml_select.no_battery_s2026",
  "round": 199,
  "rounds": 200,
  "latest_metrics": {
    "accuracy": 0.894,
    "f1": 0.8956044324819186,
    "precision": 0.903252166569569,
    "recall": 0.8939999999999999,
    "loss": 0.391158610868454,
    "round": 199,
    "evaluated": true,
    "selected_clients": [
      60,
      54,
      19,
      90,
      36,
      47,
      11,
      22,
      16,
      94
    ],
    "selected_count": 10,
    "selection_seconds": 0.009354209003504366,
    "selection_overhead_seconds": 0.009354209003504366,
    "round_time": 2246.5386131228724,
    "cum_time": 477717.72212627495,
    "round_modelled_energy_wh": 27.525402606633875,
    "cum_modelled_energy_wh": 4831.204291012663,
    "round_modelled_carbon_g": 13.07456623815109,
    "cum_modelled_carbon_g": 2294.8220382310146,
    "training_tflops": 0.70053871104,
    "cum_training_tflops": 123.17813409024,
    "round_comm_mb": 28.159942626953125,
    "cum_comm_mb": 5631.988525390625,
    "fairness_variance": 141.62,
    "fairness_gini": 0.33328,
    "fairness_jain": 0.7385251652450058,
    "utilization_entropy": 0.9597501597270351,
    "participation_coverage_ratio": 1.0,
    "tier_0_selection_rate": 0.071,
    "tier_1_selection_rate": 0.4585,
    "tier_2_selection_rate": 0.4705,
    "label_coverage_ratio": 1.0,
    "mean_local_loss_reduction": 0.17568733401958525,
    "accuracy_delta": -0.007000000000000006,
    "criticalfl_sparse_round": false
  }
}