{
  "run_label": "architecture_ablation_fashion_main_research.maml_select.hidden_16_s42",
  "round": 199,
  "rounds": 200,
  "latest_metrics": {
    "accuracy": 0.9013,
    "f1": 0.9018980336543775,
    "precision": 0.9040226355385613,
    "recall": 0.9013,
    "loss": 0.3704009187221527,
    "round": 199,
    "evaluated": true,
    "selected_clients": [
      74,
      71,
      85,
      27,
      75,
      84,
      21,
      22,
      53,
      23
    ],
    "selected_count": 10,
    "selection_seconds": 0.012015299999802664,
    "selection_overhead_seconds": 0.012015299999802664,
    "round_time": 1292.899046931854,
    "cum_time": 480409.51387592143,
    "round_modelled_energy_wh": 20.28837261050664,
    "cum_modelled_energy_wh": 4466.258359617805,
    "round_modelled_carbon_g": 9.636976989990654,
    "cum_modelled_carbon_g": 2121.472720818457,
    "training_tflops": 0.52859674368,
    "cum_training_tflops": 114.2508514176,
    "round_comm_mb": 28.159942626953125,
    "cum_comm_mb": 5631.988525390625,
    "fairness_variance": 231.2,
    "fairness_gini": 0.40486,
    "fairness_jain": 0.6337135614702155,
    "utilization_entropy": 0.9390257963231725,
    "participation_coverage_ratio": 1.0,
    "tier_0_selection_rate": 0.057,
    "tier_1_selection_rate": 0.463,
    "tier_2_selection_rate": 0.48,
    "label_coverage_ratio": 1.0,
    "mean_local_loss_reduction": 0.0921115202452711,
    "accuracy_delta": 0.0014999999999999458,
    "criticalfl_sparse_round": false
  }
}