{
  "metrics": [
    {
      "accuracy": 0.1041,
      "f1": 0.025060449392979356,
      "precision": 0.03294641452782796,
      "recall": 0.10328255526460788,
      "loss": 2.3103507289886474,
      "round": -1,
      "evaluated": true,
      "cum_time": 0.0,
      "cum_modelled_energy_wh": 0.0,
      "cum_modelled_carbon_g": 0.0,
      "cum_training_tflops": 0.0,
      "cum_comm_mb": 0.0
    },
    {
      "accuracy": 0.1052,
      "f1": 0.03164399346333417,
      "precision": 0.08076041082413085,
      "recall": 0.10758754863813229,
      "loss": 2.2695005744934083,
      "round": 0,
      "evaluated": true,
      "selected_clients": [
        194,
        179,
        164,
        43,
        49,
        71,
        90,
        35,
        134,
        83,
        30,
        123,
        72,
        197,
        154,
        76,
        47,
        116,
        6,
        125
      ],
      "selected_count": 20,
      "selection_seconds": 0.018375900006503798,
      "selection_overhead_seconds": 0.018375900006503798,
      "round_time": 346.6236974190574,
      "cum_time": 346.6236974190574,
      "round_modelled_energy_wh": 5.545713895461779,
      "cum_modelled_energy_wh": 5.545713895461779,
      "round_modelled_carbon_g": 2.634214100344345,
      "cum_modelled_carbon_g": 2.634214100344345,
      "training_tflops": 0.0083650245,
      "cum_training_tflops": 0.0083650245,
      "round_comm_mb": 3.33251953125,
      "cum_comm_mb": 3.33251953125,
      "fairness_variance": 0.09000000000000002,
      "fairness_gini": 0.9,
      "fairness_jain": 0.1,
      "utilization_entropy": 0.5654120103239064,
      "participation_coverage_ratio": 0.1,
      "tier_0_selection_rate": 0.2,
      "tier_1_selection_rate": 0.45,
      "tier_2_selection_rate": 0.35,
      "label_coverage_ratio": 1.0,
      "mean_local_loss_reduction": 0.5739590883255005,
      "accuracy_delta": 0.0011000000000000038,
      "criticalfl_sparse_round": false
    },
    {
      "accuracy": 0.1052,
      "f1": 0.03164399346333417,
      "precision": 0.08076041082413085,
      "recall": 0.10758754863813229,
      "loss": 2.2695005744934083,
      "round": 1,
      "evaluated": false,
      "selected_clients": [
        123,
        167,
        49,
        186,
        100,
        157,
        133,
        115,
        56,
        92,
        82,
        81,
        17,
        114,
        158,
        12,
        88,
        64,
        98,
        40
      ],
      "selected_count": 20,
      "selection_seconds": 0.040349199989577755,
      "selection_overhead_seconds": 0.040349199989577755,
      "round_time": 368.425150982491,
      "cum_time": 715.0488484015484,
      "round_modelled_energy_wh": 5.24368240455654,
      "cum_modelled_energy_wh": 10.789396300018318,
      "round_modelled_carbon_g": 2.4907491421643564,
      "cum_modelled_carbon_g": 5.1249632425087,
      "training_tflops": 0.007709142,
      "cum_training_tflops": 0.0160741665,
      "round_comm_mb": 3.33251953125,
      "cum_comm_mb": 6.6650390625,
      "fairness_variance": 0.18000000000000005,
      "fairness_gini": 0.819,
      "fairness_jain": 0.18181818181818182,
      "utilization_entropy": 0.6831536289069382,
      "participation_coverage_ratio": 0.19,
      "tier_0_selection_rate": 0.2,
      "tier_1_selection_rate": 0.55,
      "tier_2_selection_rate": 0.25,
      "label_coverage_ratio": 1.0,
      "mean_local_loss_reduction": 0.6926287800073624,
      "accuracy_delta": 0.0,
      "criticalfl_sparse_round": false
    },
    {
      "accuracy": 0.1052,
      "f1": 0.03164399346333417,
      "precision": 0.08076041082413085,
      "recall": 0.10758754863813229,
      "loss": 2.2695005744934083,
      "round": 2,
      "evaluated": false,
      "selected_clients": [
        133,
        30,
        191,
        60,
        123,
        76,
        25,
        132,
        126,
        187,
        171,
        17,
        89,
        19,
        52,
        107,
        156,
        10,
        85,
        155
      ],
      "selected_count": 20,
      "selection_seconds": 0.02842139999847859,
      "selection_overhead_seconds": 0.02842139999847859,
      "round_time": 310.35623661850195,
      "cum_time": 1025.4050850200504,
      "round_modelled_energy_wh": 5.274731150854919,
      "cum_modelled_energy_wh": 16.064127450873237,
      "round_modelled_carbon_g": 2.5054972966560864,
      "cum_modelled_carbon_g": 7.630460539164787,
      "training_tflops": 0.0081257355,
      "cum_training_tflops": 0.024199902,
      "round_comm_mb": 3.33251953125,
      "cum_comm_mb": 9.99755859375,
      "fairness_variance": 0.29,
      "fairness_gini": 0.7628333333333334,
      "fairness_jain": 0.23684210526315788,
      "utilization_entropy": 0.7405916154569402,
      "participation_coverage_ratio": 0.265,
      "tier_0_selection_rate": 0.15,
      "tier_1_selection_rate": 0.5833333333333334,
      "tier_2_selection_rate": 0.26666666666666666,
      "label_coverage_ratio": 1.0,
      "mean_local_loss_reduction": 0.6107072338461876,
      "accuracy_delta": 0.0,
      "criticalfl_sparse_round": false
    },
    {
      "accuracy": 0.1052,
      "f1": 0.03164399346333417,
      "precision": 0.08076041082413085,
      "recall": 0.10758754863813229,
      "loss": 2.2695005744934083,
      "round": 3,
      "evaluated": false,
      "selected_clients": [
        164,
        191,
        169,
        199,
        85,
        70,
        56,
        42,
        49,
        50,
        55,
        123,
        81,
        45,
        76,
        152,
        130,
        78,
        133,
        160
      ],
      "selected_count": 20,
      "selection_seconds": 0.03390390001004562,
      "selection_overhead_seconds": 0.03390390001004562,
      "round_time": 525.6025944934255,
      "cum_time": 1551.007679513476,
      "round_modelled_energy_wh": 5.224576704176905,
      "cum_modelled_energy_wh": 21.28870415505014,
      "round_modelled_carbon_g": 2.48167393448403,
      "cum_modelled_carbon_g": 10.112134473648817,
      "training_tflops": 0.007720674,
      "cum_training_tflops": 0.031920576,
      "round_comm_mb": 3.33251953125,
      "cum_comm_mb": 13.330078125,
      "fairness_variance": 0.4600000000000001,
      "fairness_gini": 0.735375,
      "fairness_jain": 0.25806451612903225,
      "utilization_entropy": 0.7677564396628436,
      "participation_coverage_ratio": 0.32,
      "tier_0_selection_rate": 0.15,
      "tier_1_selection_rate": 0.6,
      "tier_2_selection_rate": 0.25,
      "label_coverage_ratio": 1.0,
      "mean_local_loss_reduction": 0.8359250359237194,
      "accuracy_delta": 0.0,
      "criticalfl_sparse_round": false
    },
    {
      "accuracy": 0.1052,
      "f1": 0.03164399346333417,
      "precision": 0.08076041082413085,
      "recall": 0.10758754863813229,
      "loss": 2.2695005744934083,
      "round": 4,
      "evaluated": false,
      "selected_clients": [
        75,
        88,
        173,
        98,
        79,
        25,
        56,
        55,
        164,
        107,
        45,
        171,
        126,
        102,
        52,
        130,
        76,
        108,
        78,
        89
      ],
      "selected_count": 20,
      "selection_seconds": 0.030933400004869327,
      "selection_overhead_seconds": 0.030933400004869327,
      "round_time": 525.6283328371769,
      "cum_time": 2076.636012350653,
      "round_modelled_energy_wh": 4.743872923640342,
      "cum_modelled_energy_wh": 26.032577078690483,
      "round_modelled_carbon_g": 2.2533396387291624,
      "cum_modelled_carbon_g": 12.36547411237798,
      "training_tflops": 0.0070676745,
      "cum_training_tflops": 0.0389882505,