{
  "run_label": "inner_step_ablation_cifar10_review_100_research.maml_select.inner_steps_1_s2026",
  "round": 99,
  "rounds": 100,
  "latest_metrics": {
    "accuracy": 0.6476,
    "f1": 0.624383724080346,
    "precision": 0.6681090183260594,
    "recall": 0.6476,
    "loss": 1.0159897314071655,
    "round": 99,
    "evaluated": true,
    "selected_clients": [
      23,
      7,
      89,
      47,
      5,
      95,
      4,
      60,
      84,
      13
    ],
    "selected_count": 10,
    "selection_seconds": 0.017435291985748336,
    "selection_overhead_seconds": 0.017435291985748336,
    "round_time": 2023.5949965903685,
    "cum_time": 230832.21448423594,
    "round_modelled_energy_wh": 22.246989886228068,
    "cum_modelled_energy_wh": 1809.3350729119463,
    "round_modelled_carbon_g": 10.567320195958333,
    "cum_modelled_carbon_g": 859.4341596331745,
    "training_tflops": 40.26600108288,
    "cum_training_tflops": 3285.29078108928,
    "round_comm_mb": 851.7732238769531,
    "cum_comm_mb": 85177.32238769531,
    "fairness_variance": 104.5,
    "fairness_gini": 0.4097,
    "fairness_jain": 0.4889975550122249,
    "utilization_entropy": 0.9294423231626263,
    "participation_coverage_ratio": 1.0,
    "tier_0_selection_rate": 0.096,
    "tier_1_selection_rate": 0.364,
    "tier_2_selection_rate": 0.54,
    "label_coverage_ratio": 1.0,
    "mean_local_loss_reduction": 0.6302046269178391,
    "accuracy_delta": 0.01959999999999995,
    "criticalfl_sparse_round": false
  }
}