{
  "metrics": [
    {
      "accuracy": 0.1041,
      "f1": 0.025060449392979356,
      "precision": 0.03294641452782796,
      "recall": 0.10328255526460788,
      "loss": 2.310351022338867,
      "round": -1,
      "evaluated": true,
      "cum_time": 0.0,
      "cum_modelled_energy_wh": 0.0,
      "cum_modelled_carbon_g": 0.0,
      "cum_training_tflops": 0.0,
      "cum_comm_mb": 0.0
    },
    {
      "accuracy": 0.1891,
      "f1": 0.12131434167856987,
      "precision": 0.19292796454145703,
      "recall": 0.1869637430814341,
      "loss": 2.1196106212615966,
      "round": 0,
      "evaluated": true,
      "selected_clients": [
        91,
        66,
        73,
        11,
        6,
        89,
        9,
        40,
        24,
        53
      ],
      "selected_count": 10,
      "selection_seconds": 8.637498831376433e-05,
      "selection_overhead_seconds": 8.637498831376433e-05,
      "round_time": 530.9935655574767,
      "cum_time": 530.9935655574767,
      "round_modelled_energy_wh": 6.115388045820671,
      "cum_modelled_energy_wh": 6.115388045820671,
      "round_modelled_carbon_g": 2.904809321764819,
      "cum_modelled_carbon_g": 2.904809321764819,
      "training_tflops": 0.0092443395,
      "cum_training_tflops": 0.0092443395,
      "round_comm_mb": 1.666259765625,
      "cum_comm_mb": 1.666259765625,
      "fairness_variance": 0.09,
      "fairness_gini": 0.9,
      "fairness_jain": 0.1,
      "utilization_entropy": 0.4999999999999999,
      "participation_coverage_ratio": 0.1,
      "tier_0_selection_rate": 0.1,
      "tier_1_selection_rate": 0.7,
      "tier_2_selection_rate": 0.2,
      "label_coverage_ratio": 1.0,
      "mean_local_loss_reduction": 0.9995307922363281,
      "accuracy_delta": 0.08499999999999999,
      "criticalfl_sparse_round": false
    },
    {
      "accuracy": 0.1891,
      "f1": 0.12131434167856987,
      "precision": 0.19292796454145703,
      "recall": 0.1869637430814341,
      "loss": 2.1196106212615966,
      "round": 1,
      "evaluated": false,
      "selected_clients": [
        18,
        28,
        45,
        30,
        53,
        72,
        82,
        31,
        74,
        58
      ],
      "selected_count": 10,
      "selection_seconds": 0.0001332079991698265,
      "selection_overhead_seconds": 0.0001332079991698265,
      "round_time": 580.7861126299088,
      "cum_time": 1111.7796781873853,
      "round_modelled_energy_wh": 5.463436261606203,
      "cum_modelled_energy_wh": 11.578824307426874,
      "round_modelled_carbon_g": 2.5951322242629464,
      "cum_modelled_carbon_g": 5.499941546027765,
      "training_tflops": 0.0087340485,
      "cum_training_tflops": 0.017978388,
      "round_comm_mb": 1.666259765625,
      "cum_comm_mb": 3.33251953125,
      "fairness_variance": 0.18,
      "fairness_gini": 0.819,
      "fairness_jain": 0.18181818181818182,
      "utilization_entropy": 0.6354634980487915,
      "participation_coverage_ratio": 0.19,
      "tier_0_selection_rate": 0.1,
      "tier_1_selection_rate": 0.5,
      "tier_2_selection_rate": 0.4,
      "label_coverage_ratio": 1.0,
      "mean_local_loss_reduction": 1.0059751898050309,
      "accuracy_delta": 0.0,
      "criticalfl_sparse_round": false
    },
    {
      "accuracy": 0.1891,
      "f1": 0.12131434167856987,
      "precision": 0.19292796454145703,
      "recall": 0.1869637430814341,
      "loss": 2.1196106212615966,
      "round": 2,
      "evaluated": false,
      "selected_clients": [
        22,
        15,
        81,
        4,
        20,
        94,
        23,
        93,
        3,
        28
      ],
      "selected_count": 10,
      "selection_seconds": 0.0001001250057015568,
      "selection_overhead_seconds": 0.0001001250057015568,
      "round_time": 1001.7680709321256,
      "cum_time": 2113.547749119511,
      "round_modelled_energy_wh": 7.210715809492161,
      "cum_modelled_energy_wh": 18.789540116919035,
      "round_modelled_carbon_g": 3.4250900095087764,
      "cum_modelled_carbon_g": 8.925031555536542,
      "training_tflops": 0.0106916055,
      "cum_training_tflops": 0.0286699935,
      "round_comm_mb": 1.666259765625,
      "cum_comm_mb": 4.998779296875,
      "fairness_variance": 0.24999999999999997,
      "fairness_gini": 0.7373333333333333,
      "fairness_jain": 0.2647058823529412,
      "utilization_entropy": 0.7184919609822323,
      "participation_coverage_ratio": 0.28,
      "tier_0_selection_rate": 0.13333333333333333,
      "tier_1_selection_rate": 0.4666666666666667,
      "tier_2_selection_rate": 0.4,
      "label_coverage_ratio": 1.0,
      "mean_local_loss_reduction": 0.7490381866693496,
      "accuracy_delta": 0.0,
      "criticalfl_sparse_round": false
    },
    {
      "accuracy": 0.1891,
      "f1": 0.12131434167856987,
      "precision": 0.19292796454145703,
      "recall": 0.1869637430814341,
      "loss": 2.1196106212615966,
      "round": 3,
      "evaluated": false,
      "selected_clients": [
        73,
        47,
        44,
        91,
        71,
        18,
        41,
        10,
        65,
        93
      ],
      "selected_count": 10,
      "selection_seconds": 9.579199831932783e-05,
      "selection_overhead_seconds": 9.579199831932783e-05,
      "round_time": 1001.8565207523851,
      "cum_time": 3115.4042698718963,
      "round_modelled_energy_wh": 5.0531476313389465,
      "cum_modelled_energy_wh": 23.84268774825798,
      "round_modelled_carbon_g": 2.4002451248859997,
      "cum_modelled_carbon_g": 11.32527668042254,
      "training_tflops": 0.007464087,
      "cum_training_tflops": 0.0361340805,
      "round_comm_mb": 1.666259765625,
      "cum_comm_mb": 6.6650390625,
      "fairness_variance": 0.35999999999999993,
      "fairness_gini": 0.702,
      "fairness_jain": 0.3076923076923077,
      "utilization_entropy": 0.755875496314384,
      "participation_coverage_ratio": 0.34,
      "tier_0_selection_rate": 0.175,
      "tier_1_selection_rate": 0.45,
      "tier_2_selection_rate": 0.375,
      "label_coverage_ratio": 1.0,
      "mean_local_loss_reduction": 0.37188871230464426,
      "accuracy_delta": 0.0,
      "criticalfl_sparse_round": false
    },
    {
      "accuracy": 0.1891,
      "f1": 0.12131434167856987,
      "precision": 0.19292796454145703,
      "recall": 0.1869637430814341,
      "loss": 2.1196106212615966,
      "round": 4,
      "evaluated": false,
      "selected_clients": [
        67,
        11,
        22,
        81,
        10,
        98,
        1,
        80,
        45,
        66
      ],
      "selected_count": 10,
      "selection_seconds": 9.583300561644137e-05,
      "selection_overhead_seconds": 9.583300561644137e-05,
      "round_time": 700.4352765121454,
      "cum_time": 3815.8395463840416,
      "round_modelled_energy_wh": 4.53287356919232,
      "cum_modelled_energy_wh": 28.3755613174503,
      "round_modelled_carbon_g": 2.1531149453663523,
      "cum_modelled_carbon_g": 13.478391625788893,
      "training_tflops": 0.0069177585,
      "cum_training_tflops": 0.043051839,
      "round_comm_mb": 1.666259765625,
      "cum_comm_mb": 8.331298828125,
      "fairness_variance": 0.49,
      "fairness_gini": 0.6824,
      "fairness_jain": 0.33783783783783783,
      "utilization_entropy": 0.7772378032086539,
      "participation_coverage_ratio": 0.38,
      "tier_0_selection_rate": 0.18,
      "tier_1_selection_rate": 0.42,
      "tier_2_selection_rate": 0.4,
      "label_coverage_ratio": 1.0,
      "mean_local_loss_reduction": 0.2838227848522365,
      "accuracy_delta": 0.0,
      "criticalfl_sparse_round": false
    },
    {
      "accuracy": 0.1891,
      "f1": 0.12131434167856987,
      "precision": 0.19292796454145703,
      "recall": 0.1869637430814341,