{
  "run_label": "lambda_sensitivity_fashion_main_research.maml_select.lambda_0p5_s42",
  "round": 199,
  "rounds": 200,
  "latest_metrics": {
    "accuracy": 0.9064,
    "f1": 0.9060990320514606,
    "precision": 0.9064984998425457,
    "recall": 0.9064,
    "loss": 0.34934399991035464,
    "round": 199,
    "evaluated": true,
    "selected_clients": [
      56,
      8,
      71,
      63,
      23,
      72,
      20,
      18,
      85,
      59
    ],
    "selected_count": 10,
    "selection_seconds": 0.009089291997952387,
    "selection_overhead_seconds": 0.009089291997952387,
    "round_time": 3140.897607723181,
    "cum_time": 525865.7794378862,
    "round_modelled_energy_wh": 25.240183373440868,
    "cum_modelled_energy_wh": 4681.405040915239,
    "round_modelled_carbon_g": 11.989087102384412,
    "cum_modelled_carbon_g": 2223.6673944347385,
    "training_tflops": 0.64457920512,
    "cum_training_tflops": 119.1461472,
    "round_comm_mb": 28.159942626953125,
    "cum_comm_mb": 5631.988525390625,
    "fairness_variance": 144.44,
    "fairness_gini": 0.33702,
    "fairness_jain": 0.7346998751010212,
    "utilization_entropy": 0.9587356569481107,
    "participation_coverage_ratio": 1.0,
    "tier_0_selection_rate": 0.0655,
    "tier_1_selection_rate": 0.4835,
    "tier_2_selection_rate": 0.451,
    "label_coverage_ratio": 1.0,
    "mean_local_loss_reduction": 0.1414801763383366,
    "accuracy_delta": 0.02290000000000003,
    "criticalfl_sparse_round": false
  }
}