{
  "run_label": "architecture_ablation_fashion_main_research.maml_select.hidden_32_s2026",
  "round": 199,
  "rounds": 200,
  "latest_metrics": {
    "accuracy": 0.9083,
    "f1": 0.9068710776527613,
    "precision": 0.9074484637118369,
    "recall": 0.9083,
    "loss": 0.35337236013412476,
    "round": 199,
    "evaluated": true,
    "selected_clients": [
      74,
      38,
      91,
      43,
      81,
      25,
      82,
      36,
      0,
      83
    ],
    "selected_count": 10,
    "selection_seconds": 0.0080232000000251,
    "selection_overhead_seconds": 0.0080232000000251,
    "round_time": 1588.0476085975351,
    "cum_time": 524191.2180607855,
    "round_modelled_energy_wh": 25.26092108750374,
    "cum_modelled_energy_wh": 5013.96018472203,
    "round_modelled_carbon_g": 11.998937516564276,
    "cum_modelled_carbon_g": 2381.6310877429646,
    "training_tflops": 0.65967201792,
    "cum_training_tflops": 126.0116355456,
    "round_comm_mb": 28.159942626953125,
    "cum_comm_mb": 5631.988525390625,
    "fairness_variance": 111.94,
    "fairness_gini": 0.26272,
    "fairness_jain": 0.7813415634644685,
    "utilization_entropy": 0.9735714270290878,
    "participation_coverage_ratio": 1.0,
    "tier_0_selection_rate": 0.1075,
    "tier_1_selection_rate": 0.4545,
    "tier_2_selection_rate": 0.438,
    "label_coverage_ratio": 1.0,
    "mean_local_loss_reduction": 0.1839136598568075,
    "accuracy_delta": 0.010700000000000043,
    "criticalfl_sparse_round": false
  }
}