{
  "run_label": "lambda_sensitivity_fashion_main_research.maml_select.lambda_0p1_s2026",
  "round": 199,
  "rounds": 200,
  "latest_metrics": {
    "accuracy": 0.9016,
    "f1": 0.9015733514847224,
    "precision": 0.9026421531803541,
    "recall": 0.9016,
    "loss": 0.3392617052078247,
    "round": 199,
    "evaluated": true,
    "selected_clients": [
      57,
      29,
      91,
      54,
      17,
      51,
      3,
      25,
      9,
      48
    ],
    "selected_count": 10,
    "selection_seconds": 0.009281375008868054,
    "selection_overhead_seconds": 0.009281375008868054,
    "round_time": 2130.8310375248307,
    "cum_time": 572994.9950805726,
    "round_modelled_energy_wh": 25.96600888894124,
    "cum_modelled_energy_wh": 5229.5757374354125,
    "round_modelled_carbon_g": 12.333854222247089,
    "cum_modelled_carbon_g": 2484.048475281821,
    "training_tflops": 0.64701727488,
    "cum_training_tflops": 129.90221438976,
    "round_comm_mb": 28.159942626953125,
    "cum_comm_mb": 5631.988525390625,
    "fairness_variance": 40.4,
    "fairness_gini": 0.17363,
    "fairness_jain": 0.9082652134423251,
    "utilization_entropy": 0.989626323241625,
    "participation_coverage_ratio": 1.0,
    "tier_0_selection_rate": 0.1395,
    "tier_1_selection_rate": 0.476,
    "tier_2_selection_rate": 0.3845,
    "label_coverage_ratio": 1.0,
    "mean_local_loss_reduction": 0.2653393336047884,
    "accuracy_delta": -0.00550000000000006,
    "criticalfl_sparse_round": false
  }
}