{
  "run_label": "cifar100_benchmarks_cifar100_main_fedgcs_s42",
  "round": 199,
  "rounds": 200,
  "latest_metrics": {
    "accuracy": 0.6003,
    "f1": 0.5950443931768504,
    "precision": 0.6109823429039226,
    "recall": 0.6003000000000001,
    "loss": 1.6320221660614014,
    "round": 199,
    "evaluated": true,
    "selected_clients": [
      33,
      43,
      36,
      6,
      54,
      85,
      87,
      37,
      25,
      52
    ],
    "selected_count": 10,
    "selection_seconds": 0.028624291999221896,
    "selection_overhead_seconds": 0.028624291999221896,
    "round_time": 2846.745444419108,
    "cum_time": 493499.4623484006,
    "round_modelled_energy_wh": 23.99208157906302,
    "cum_modelled_energy_wh": 4692.359023221802,
    "round_modelled_carbon_g": 11.396238750054934,
    "cum_modelled_carbon_g": 2228.870536030356,
    "training_tflops": 41.7614425344,
    "cum_training_tflops": 8194.3649756928,
    "round_comm_mb": 856.0281372070312,
    "cum_comm_mb": 171205.62744140625,
    "fairness_variance": 90.52,
    "fairness_gini": 0.2668,
    "fairness_jain": 0.8154611432765229,
    "utilization_entropy": 0.9703553164916381,
    "participation_coverage_ratio": 1.0,
    "tier_0_selection_rate": 0.21,
    "tier_1_selection_rate": 0.4775,
    "tier_2_selection_rate": 0.3125,
    "label_coverage_ratio": 1.0,
    "mean_local_loss_reduction": 0.6156640098430216,
    "accuracy_delta": -0.0032000000000000917,
    "criticalfl_sparse_round": false
  }
}