{
  "run_label": "feature_ablation_fashion_main_research.maml_select.no_frequency_s123",
  "round": 199,
  "rounds": 200,
  "latest_metrics": {
    "accuracy": 0.9037,
    "f1": 0.9035747016210076,
    "precision": 0.9042606384252737,
    "recall": 0.9037,
    "loss": 0.35526385420560835,
    "round": 199,
    "evaluated": true,
    "selected_clients": [
      41,
      7,
      59,
      12,
      50,
      98,
      26,
      28,
      99,
      54
    ],
    "selected_count": 10,
    "selection_seconds": 0.009210582997184247,
    "selection_overhead_seconds": 0.009210582997184247,
    "round_time": 1760.677585072306,
    "cum_time": 579616.4643294888,
    "round_modelled_energy_wh": 22.920962098951414,
    "cum_modelled_energy_wh": 4644.91222323724,
    "round_modelled_carbon_g": 10.887456997001921,
    "cum_modelled_carbon_g": 2206.333306037689,
    "training_tflops": 0.57364298496,
    "cum_training_tflops": 117.12765763584,
    "round_comm_mb": 28.159942626953125,
    "cum_comm_mb": 5631.988525390625,
    "fairness_variance": 118.06,
    "fairness_gini": 0.30591,
    "fairness_jain": 0.7721113384550052,
    "utilization_entropy": 0.9669119601814724,
    "participation_coverage_ratio": 1.0,
    "tier_0_selection_rate": 0.1295,
    "tier_1_selection_rate": 0.428,
    "tier_2_selection_rate": 0.4425,
    "label_coverage_ratio": 1.0,
    "mean_local_loss_reduction": 0.17945712785153772,
    "accuracy_delta": 0.0022999999999999687,
    "criticalfl_sparse_round": false
  }
}