{
  "run_label": "feature_ablation_fashion_main_research.maml_select.no_latency_s123",
  "round": 199,
  "rounds": 200,
  "latest_metrics": {
    "accuracy": 0.9026,
    "f1": 0.9022999421455268,
    "precision": 0.9050064278765131,
    "recall": 0.9026000000000002,
    "loss": 0.3771626067519188,
    "round": 199,
    "evaluated": true,
    "selected_clients": [
      62,
      23,
      3,
      21,
      69,
      83,
      89,
      26,
      96,
      40
    ],
    "selected_count": 10,
    "selection_seconds": 0.009537375008221716,
    "selection_overhead_seconds": 0.009537375008221716,
    "round_time": 1198.6426892041334,
    "cum_time": 524666.6781117271,
    "round_modelled_energy_wh": 23.10161300693741,
    "cum_modelled_energy_wh": 4711.311471534619,
    "round_modelled_carbon_g": 10.973266178295269,
    "cum_modelled_carbon_g": 2237.8729489789444,
    "training_tflops": 0.597907584,
    "cum_training_tflops": 119.27664198144,
    "round_comm_mb": 28.159942626953125,
    "cum_comm_mb": 5631.988525390625,
    "fairness_variance": 128.26,
    "fairness_gini": 0.32015,
    "fairness_jain": 0.7572028925150494,
    "utilization_entropy": 0.9635150139066909,
    "participation_coverage_ratio": 1.0,
    "tier_0_selection_rate": 0.1165,
    "tier_1_selection_rate": 0.43,
    "tier_2_selection_rate": 0.4535,
    "label_coverage_ratio": 1.0,
    "mean_local_loss_reduction": 0.13406619994493668,
    "accuracy_delta": -0.0027000000000000357,
    "criticalfl_sparse_round": false
  }
}