{
  "run_label": "architecture_ablation_fashion_main_research.maml_select.hidden_128_s2026",
  "round": 199,
  "rounds": 200,
  "latest_metrics": {
    "accuracy": 0.895,
    "f1": 0.8903347589726863,
    "precision": 0.90185491947203,
    "recall": 0.8950000000000001,
    "loss": 0.4290099368095398,
    "round": 199,
    "evaluated": true,
    "selected_clients": [
      73,
      9,
      72,
      40,
      97,
      28,
      54,
      21,
      33,
      80
    ],
    "selected_count": 10,
    "selection_seconds": 0.008537834015442058,
    "selection_overhead_seconds": 0.008537834015442058,
    "round_time": 2708.9557621685417,
    "cum_time": 482284.55696271005,
    "round_modelled_energy_wh": 29.205478461875487,
    "cum_modelled_energy_wh": 4834.132714787656,
    "round_modelled_carbon_g": 13.872602269390855,
    "cum_modelled_carbon_g": 2296.2130395241365,
    "training_tflops": 0.73652926464,
    "cum_training_tflops": 123.4545647616,
    "round_comm_mb": 28.159942626953125,
    "cum_comm_mb": 5631.988525390625,
    "fairness_variance": 145.4,
    "fairness_gini": 0.3389,
    "fairness_jain": 0.7334066740007334,
    "utilization_entropy": 0.9588879556806528,
    "participation_coverage_ratio": 1.0,
    "tier_0_selection_rate": 0.073,
    "tier_1_selection_rate": 0.4485,
    "tier_2_selection_rate": 0.4785,
    "label_coverage_ratio": 1.0,
    "mean_local_loss_reduction": 0.16166464717534837,
    "accuracy_delta": 0.0046000000000000485,
    "criticalfl_sparse_round": false
  }
}