{
  "run_label": "feature_ablation_fashion_main_research.maml_select.no_latency_s42",
  "round": 199,
  "rounds": 200,
  "latest_metrics": {
    "accuracy": 0.9017,
    "f1": 0.9002155657332367,
    "precision": 0.9017532327046389,
    "recall": 0.9017,
    "loss": 0.39767880873680117,
    "round": 199,
    "evaluated": true,
    "selected_clients": [
      35,
      56,
      27,
      47,
      98,
      15,
      2,
      48,
      37,
      89
    ],
    "selected_count": 10,
    "selection_seconds": 0.009884541010251269,
    "selection_overhead_seconds": 0.009884541010251269,
    "round_time": 853.376460793527,
    "cum_time": 481827.1755699115,
    "round_modelled_energy_wh": 15.505686867321785,
    "cum_modelled_energy_wh": 4537.051521442896,
    "round_modelled_carbon_g": 7.365201261977848,
    "cum_modelled_carbon_g": 2155.0994726853755,
    "training_tflops": 0.40541617152,
    "cum_training_tflops": 115.24511948544,
    "round_comm_mb": 28.159942626953125,
    "cum_comm_mb": 5631.988525390625,
    "fairness_variance": 238.96,
    "fairness_gini": 0.40352,
    "fairness_jain": 0.6260172780768749,
    "utilization_entropy": 0.9428230210136538,
    "participation_coverage_ratio": 1.0,
    "tier_0_selection_rate": 0.068,
    "tier_1_selection_rate": 0.4655,
    "tier_2_selection_rate": 0.4665,
    "label_coverage_ratio": 1.0,
    "mean_local_loss_reduction": 0.12690958461753327,
    "accuracy_delta": -0.0022000000000000908,
    "criticalfl_sparse_round": false
  }
}