{
  "metrics": [
    {
      "accuracy": 0.1041,
      "f1": 0.025060449392979356,
      "precision": 0.03294641452782796,
      "recall": 0.10328255526460788,
      "loss": 2.310351022338867,
      "round": -1,
      "evaluated": true,
      "cum_time": 0.0,
      "cum_modelled_energy_wh": 0.0,
      "cum_modelled_carbon_g": 0.0,
      "cum_training_tflops": 0.0,
      "cum_comm_mb": 0.0
    },
    {
      "accuracy": 0.1761,
      "f1": 0.08565747140554017,
      "precision": 0.09383800300761666,
      "recall": 0.1748667243128248,
      "loss": 2.1656908699035644,
      "round": 0,
      "evaluated": true,
      "selected_clients": [
        0,
        29,
        14,
        51,
        31,
        24,
        27,
        48,
        84,
        21
      ],
      "selected_count": 10,
      "selection_seconds": 0.04098091702326201,
      "selection_overhead_seconds": 0.04098091702326201,
      "round_time": 960.2927136431061,
      "cum_time": 960.2927136431061,
      "round_modelled_energy_wh": 6.830868911907609,
      "cum_modelled_energy_wh": 6.830868911907609,
      "round_modelled_carbon_g": 3.244662733156114,
      "cum_modelled_carbon_g": 3.244662733156114,
      "training_tflops": 0.0103788,
      "cum_training_tflops": 0.0103788,
      "round_comm_mb": 1.666259765625,
      "cum_comm_mb": 1.666259765625,
      "fairness_variance": 0.09,
      "fairness_gini": 0.9,
      "fairness_jain": 0.1,
      "utilization_entropy": 0.4999999999999999,
      "participation_coverage_ratio": 0.1,
      "tier_0_selection_rate": 0.1,
      "tier_1_selection_rate": 0.6,
      "tier_2_selection_rate": 0.3,
      "label_coverage_ratio": 1.0,
      "mean_local_loss_reduction": 1.3782611042261124,
      "accuracy_delta": 0.07200000000000001,
      "criticalfl_sparse_round": false
    },
    {
      "accuracy": 0.1761,
      "f1": 0.08565747140554017,
      "precision": 0.09383800300761666,
      "recall": 0.1748667243128248,
      "loss": 2.1656908699035644,
      "round": 1,
      "evaluated": false,
      "selected_clients": [
        84,
        21,
        48,
        27,
        24,
        0,
        51,
        31,
        29,
        14
      ],
      "selected_count": 10,
      "selection_seconds": 0.03986833299859427,
      "selection_overhead_seconds": 0.03986833299859427,
      "round_time": 960.2245996439314,
      "cum_time": 1920.5173132870375,
      "round_modelled_energy_wh": 6.831032281349833,
      "cum_modelled_energy_wh": 13.661901193257442,
      "round_modelled_carbon_g": 3.244740333641171,
      "cum_modelled_carbon_g": 6.489403066797285,
      "training_tflops": 0.0103788,
      "cum_training_tflops": 0.0207576,
      "round_comm_mb": 1.666259765625,
      "cum_comm_mb": 3.33251953125,
      "fairness_variance": 0.36,
      "fairness_gini": 0.9,
      "fairness_jain": 0.1,
      "utilization_entropy": 0.4999999999999999,
      "participation_coverage_ratio": 0.1,
      "tier_0_selection_rate": 0.1,
      "tier_1_selection_rate": 0.6,
      "tier_2_selection_rate": 0.3,
      "label_coverage_ratio": 1.0,
      "mean_local_loss_reduction": 1.4678213519975543,
      "accuracy_delta": 0.0,
      "criticalfl_sparse_round": false
    },
    {
      "accuracy": 0.1761,
      "f1": 0.08565747140554017,
      "precision": 0.09383800300761666,
      "recall": 0.1748667243128248,
      "loss": 2.1656908699035644,
      "round": 2,
      "evaluated": false,
      "selected_clients": [
        84,
        29,
        24,
        31,
        27,
        0,
        14,
        21,
        51,
        48
      ],
      "selected_count": 10,
      "selection_seconds": 0.04248025000561029,
      "selection_overhead_seconds": 0.04248025000561029,
      "round_time": 960.1570319895551,
      "cum_time": 2880.6743452765927,
      "round_modelled_energy_wh": 6.830726959445209,
      "cum_modelled_energy_wh": 20.49262815270265,
      "round_modelled_carbon_g": 3.2445953057364743,
      "cum_modelled_carbon_g": 9.73399837253376,
      "training_tflops": 0.0103788,
      "cum_training_tflops": 0.0311364,
      "round_comm_mb": 1.666259765625,
      "cum_comm_mb": 4.998779296875,
      "fairness_variance": 0.8100000000000002,
      "fairness_gini": 0.9,
      "fairness_jain": 0.1,
      "utilization_entropy": 0.4999999999999999,
      "participation_coverage_ratio": 0.1,
      "tier_0_selection_rate": 0.1,
      "tier_1_selection_rate": 0.6,
      "tier_2_selection_rate": 0.3,
      "label_coverage_ratio": 1.0,
      "mean_local_loss_reduction": 0.9836080569773913,
      "accuracy_delta": 0.0,
      "criticalfl_sparse_round": false
    },
    {
      "accuracy": 0.1761,
      "f1": 0.08565747140554017,
      "precision": 0.09383800300761666,
      "recall": 0.1748667243128248,
      "loss": 2.1656908699035644,
      "round": 3,
      "evaluated": false,
      "selected_clients": [
        0,
        27,
        21,
        51,
        31,
        14,
        29,
        48,
        84,
        24
      ],
      "selected_count": 10,
      "selection_seconds": 0.04134395800065249,
      "selection_overhead_seconds": 0.04134395800065249,
      "round_time": 960.1192072821148,
      "cum_time": 3840.7935525587072,
      "round_modelled_energy_wh": 6.830434816823129,
      "cum_modelled_energy_wh": 27.32306296952578,
      "round_modelled_carbon_g": 3.2444565379909864,
      "cum_modelled_carbon_g": 12.978454910524745,
      "training_tflops": 0.0103788,
      "cum_training_tflops": 0.0415152,
      "round_comm_mb": 1.666259765625,
      "cum_comm_mb": 6.6650390625,
      "fairness_variance": 1.44,
      "fairness_gini": 0.9,
      "fairness_jain": 0.1,
      "utilization_entropy": 0.4999999999999999,
      "participation_coverage_ratio": 0.1,
      "tier_0_selection_rate": 0.1,
      "tier_1_selection_rate": 0.6,
      "tier_2_selection_rate": 0.3,
      "label_coverage_ratio": 1.0,
      "mean_local_loss_reduction": 0.40629541454836726,
      "accuracy_delta": 0.0,
      "criticalfl_sparse_round": false
    },
    {
      "accuracy": 0.1761,
      "f1": 0.08565747140554017,
      "precision": 0.09383800300761666,
      "recall": 0.1748667243128248,
      "loss": 2.1656908699035644,
      "round": 4,
      "evaluated": false,
      "selected_clients": [
        48,
        24,
        31,
        84,
        27,
        21,
        51,
        14,
        0,
        29
      ],
      "selected_count": 10,
      "selection_seconds": 0.042102874984266236,
      "selection_overhead_seconds": 0.042102874984266236,
      "round_time": 960.1599364074112,
      "cum_time": 4800.953488966118,
      "round_modelled_energy_wh": 6.830299706676146,
      "cum_modelled_energy_wh": 34.15336267620192,
      "round_modelled_carbon_g": 3.2443923606711693,
      "cum_modelled_carbon_g": 16.222847271195914,
      "training_tflops": 0.0103788,
      "cum_training_tflops": 0.051894,
      "round_comm_mb": 1.666259765625,
      "cum_comm_mb": 8.331298828125,
      "fairness_variance": 2.25,
      "fairness_gini": 0.9,
      "fairness_jain": 0.1,
      "utilization_entropy": 0.4999999999999999,
      "participation_coverage_ratio": 0.1,
      "tier_0_selection_rate": 0.1,
      "tier_1_selection_rate": 0.6,
      "tier_2_selection_rate": 0.3,
      "label_coverage_ratio": 1.0,
      "mean_local_loss_reduction": 0.33563681971281767,
      "accuracy_delta": 0.0,
      "criticalfl_sparse_round": false
    },
    {
      "accuracy": 0.1761,
      "f1": 0.08565747140554017,
      "precision": 0.09383800300761666,
      "recall": 0.1748667243128248,
      "loss": 2.1656908699035644,
      "round": 5,
      "evaluated": false,