{
  "run_label": "architecture_ablation_fashion_main_research.maml_select.hidden_128_s42",
  "round": 199,
  "rounds": 200,
  "latest_metrics": {
    "accuracy": 0.9062,
    "f1": 0.9050757220779115,
    "precision": 0.9052551451625452,
    "recall": 0.9062000000000001,
    "loss": 0.3548879392147064,
    "round": 199,
    "evaluated": true,
    "selected_clients": [
      51,
      90,
      47,
      63,
      25,
      61,
      57,
      75,
      48,
      44
    ],
    "selected_count": 10,
    "selection_seconds": 0.010285699999940334,
    "selection_overhead_seconds": 0.010285699999940334,
    "round_time": 6057.049518388499,
    "cum_time": 557024.9327147526,
    "round_modelled_energy_wh": 22.846583258156727,
    "cum_modelled_energy_wh": 4752.349047045149,
    "round_modelled_carbon_g": 10.852127047624444,
    "cum_modelled_carbon_g": 2257.3657973464456,
    "training_tflops": 0.54427004928,
    "cum_training_tflops": 120.51216285696,
    "round_comm_mb": 28.159942626953125,
    "cum_comm_mb": 5631.988525390625,
    "fairness_variance": 122.98,
    "fairness_gini": 0.31391,
    "fairness_jain": 0.7648476041148801,
    "utilization_entropy": 0.9640924042523206,
    "participation_coverage_ratio": 1.0,
    "tier_0_selection_rate": 0.0725,
    "tier_1_selection_rate": 0.4925,
    "tier_2_selection_rate": 0.435,
    "label_coverage_ratio": 1.0,
    "mean_local_loss_reduction": 0.12147806136281361,
    "accuracy_delta": 0.0047000000000000375,
    "criticalfl_sparse_round": false
  }
}