{
  "run_label": "feature_ablation_fashion_main_research.maml_select.no_loss_s123",
  "round": 199,
  "rounds": 200,
  "latest_metrics": {
    "accuracy": 0.9046,
    "f1": 0.9046632681885555,
    "precision": 0.9058988820996117,
    "recall": 0.9046,
    "loss": 0.3476865021139383,
    "round": 199,
    "evaluated": true,
    "selected_clients": [
      93,
      44,
      99,
      10,
      80,
      21,
      31,
      17,
      69,
      54
    ],
    "selected_count": 10,
    "selection_seconds": 0.009834915981628,
    "selection_overhead_seconds": 0.009834915981628,
    "round_time": 1760.677585072306,
    "cum_time": 566634.0506713652,
    "round_modelled_energy_wh": 23.52744961984305,
    "cum_modelled_energy_wh": 4846.074360982396,
    "round_modelled_carbon_g": 11.175538569425449,
    "cum_modelled_carbon_g": 2301.885321466638,
    "training_tflops": 0.59419243008,
    "cum_training_tflops": 121.73073334272,
    "round_comm_mb": 28.159942626953125,
    "cum_comm_mb": 5631.988525390625,
    "fairness_variance": 76.54,
    "fairness_gini": 0.23009,
    "fairness_jain": 0.8393838922231083,
    "utilization_entropy": 0.9755433096305867,
    "participation_coverage_ratio": 1.0,
    "tier_0_selection_rate": 0.1175,
    "tier_1_selection_rate": 0.476,
    "tier_2_selection_rate": 0.4065,
    "label_coverage_ratio": 1.0,
    "mean_local_loss_reduction": 0.18616817734902896,
    "accuracy_delta": -0.0019000000000000128,
    "criticalfl_sparse_round": false
  }
}