{
  "run_label": "conv_cifar10_cifar10_main_maml_select_s42",
  "round": 199,
  "rounds": 200,
  "latest_metrics": {
    "accuracy": 0.7475,
    "f1": 0.7459270270501471,
    "precision": 0.7473907693908522,
    "recall": 0.7474999999999999,
    "loss": 0.7952113295555114,
    "round": 199,
    "evaluated": true,
    "selected_clients": [
      76,
      68,
      6,
      93,
      55,
      40,
      18,
      42,
      81,
      33
    ],
    "selected_count": 10,
    "selection_seconds": 0.015004700006102212,
    "selection_overhead_seconds": 0.015004700006102212,
    "round_time": 3926.7582105867336,
    "cum_time": 473902.4816786371,
    "round_modelled_energy_wh": 20.894117492318596,
    "cum_modelled_energy_wh": 3563.80341360465,
    "round_modelled_carbon_g": 9.924705808851334,
    "cum_modelled_carbon_g": 1692.8066214622086,
    "training_tflops": 37.00006430976,
    "cum_training_tflops": 6452.6412536064,
    "round_comm_mb": 851.7732238769531,
    "cum_comm_mb": 170354.64477539062,
    "fairness_variance": 249.18,
    "fairness_gini": 0.38691,
    "fairness_jain": 0.6161619273545088,
    "utilization_entropy": 0.94580973119284,
    "participation_coverage_ratio": 1.0,
    "tier_0_selection_rate": 0.107,
    "tier_1_selection_rate": 0.3985,
    "tier_2_selection_rate": 0.4945,
    "label_coverage_ratio": 1.0,
    "mean_local_loss_reduction": 0.5503796800971031,
    "accuracy_delta": 0.018200000000000105,
    "criticalfl_sparse_round": false
  }
}