{
  "run_label": "cifar100_benchmarks_cifar100_main_oort_s123",
  "round": 199,
  "rounds": 200,
  "latest_metrics": {
    "accuracy": 0.3001,
    "f1": 0.2905472164545117,
    "precision": 0.3101381864644688,
    "recall": 0.3000999999999999,
    "loss": 4.3539147918701175,
    "round": 199,
    "evaluated": true,
    "selected_clients": [
      6,
      0,
      8,
      1,
      7,
      3,
      5,
      4,
      9,
      2
    ],
    "selected_count": 10,
    "selection_seconds": 0.00010858300083782524,
    "selection_overhead_seconds": 0.00010858300083782524,
    "round_time": 2865.469383091069,
    "cum_time": 573110.0698353698,
    "round_modelled_energy_wh": 23.5068193808524,
    "cum_modelled_energy_wh": 4701.207853699582,
    "round_modelled_carbon_g": 11.16573920590489,
    "cum_modelled_carbon_g": 2233.0737305073017,
    "training_tflops": 40.32196996608,
    "cum_training_tflops": 8064.393993216,
    "round_comm_mb": 856.0281372070312,
    "cum_comm_mb": 171205.62744140625,
    "fairness_variance": 3600.0,
    "fairness_gini": 0.9,
    "fairness_jain": 0.1,
    "utilization_entropy": 0.4999999999999999,
    "participation_coverage_ratio": 0.1,
    "tier_0_selection_rate": 0.3,
    "tier_1_selection_rate": 0.4,
    "tier_2_selection_rate": 0.3,
    "label_coverage_ratio": 1.0,
    "mean_local_loss_reduction": -0.20096361064352095,
    "accuracy_delta": -0.0007000000000000339,
    "criticalfl_sparse_round": false
  }
}