{
  "run_label": "cifar10_lambda_sensitivity_cifar10_review_100_research.maml_select.cifar10_lambda_1p0_s2026",
  "round": 99,
  "rounds": 100,
  "latest_metrics": {
    "accuracy": 0.5858,
    "f1": 0.562638153211059,
    "precision": 0.6019663567559489,
    "recall": 0.5858000000000001,
    "loss": 1.2766845291137696,
    "round": 99,
    "evaluated": true,
    "selected_clients": [
      99,
      51,
      93,
      30,
      82,
      15,
      2,
      53,
      17,
      0
    ],
    "selected_count": 10,
    "selection_seconds": 0.014716374993440695,
    "selection_overhead_seconds": 0.014716374993440695,
    "round_time": 1414.2768204746892,
    "cum_time": 194072.97834003222,
    "round_modelled_energy_wh": 16.091074677409715,
    "cum_modelled_energy_wh": 1492.533507041876,
    "round_modelled_carbon_g": 7.643260471769615,
    "cum_modelled_carbon_g": 708.9534158448911,
    "training_tflops": 31.3679896704,
    "cum_training_tflops": 2761.674469056,
    "round_comm_mb": 851.7732238769531,
    "cum_comm_mb": 85177.32238769531,
    "fairness_variance": 312.48,
    "fairness_gini": 0.59328,
    "fairness_jain": 0.24243599689681924,
    "utilization_entropy": 0.832962213092531,
    "participation_coverage_ratio": 1.0,
    "tier_0_selection_rate": 0.071,
    "tier_1_selection_rate": 0.253,
    "tier_2_selection_rate": 0.676,
    "label_coverage_ratio": 1.0,
    "mean_local_loss_reduction": 0.6032097727060318,
    "accuracy_delta": -0.0045000000000000595,
    "criticalfl_sparse_round": false
  }
}