{
  "run_label": "cifar10_lambda_sensitivity_cifar10_review_100_research.maml_select.cifar10_lambda_1p0_s123",
  "round": 99,
  "rounds": 100,
  "latest_metrics": {
    "accuracy": 0.5939,
    "f1": 0.5897495401408352,
    "precision": 0.6242155140941904,
    "recall": 0.5939000000000001,
    "loss": 1.2717254974365235,
    "round": 99,
    "evaluated": true,
    "selected_clients": [
      95,
      23,
      1,
      10,
      26,
      29,
      41,
      70,
      31,
      69
    ],
    "selected_count": 10,
    "selection_seconds": 0.02356229101133067,
    "selection_overhead_seconds": 0.02356229101133067,
    "round_time": 2114.162508701596,
    "cum_time": 184503.18029775456,
    "round_modelled_energy_wh": 14.71460947150985,
    "cum_modelled_energy_wh": 1611.9490689746945,
    "round_modelled_carbon_g": 6.989439498967178,
    "cum_modelled_carbon_g": 765.6758077629798,
    "training_tflops": 27.4521981312,
    "cum_training_tflops": 2966.65365892608,
    "round_comm_mb": 851.7732238769531,
    "cum_comm_mb": 85177.32238769531,
    "fairness_variance": 319.32,
    "fairness_gini": 0.61942,
    "fairness_jain": 0.2384813507583707,
    "utilization_entropy": 0.8243711154873643,
    "participation_coverage_ratio": 1.0,
    "tier_0_selection_rate": 0.05,
    "tier_1_selection_rate": 0.42,
    "tier_2_selection_rate": 0.53,
    "label_coverage_ratio": 1.0,
    "mean_local_loss_reduction": 0.5299722217023373,
    "accuracy_delta": 0.017199999999999993,
    "criticalfl_sparse_round": false
  }
}