{
  "metrics": [
    {
      "accuracy": 0.1041,
      "f1": 0.025060449392979356,
      "precision": 0.03294641452782796,
      "recall": 0.10328255526460788,
      "loss": 2.310351022338867,
      "round": -1,
      "evaluated": true,
      "cum_time": 0.0,
      "cum_modelled_energy_wh": 0.0,
      "cum_modelled_carbon_g": 0.0,
      "cum_training_tflops": 0.0,
      "cum_comm_mb": 0.0
    },
    {
      "accuracy": 0.415,
      "f1": 0.36004381537510205,
      "precision": 0.40686711145081683,
      "recall": 0.4096262143698934,
      "loss": 1.9144256299972535,
      "round": 0,
      "evaluated": true,
      "selected_clients": [
        12,
        40,
        54,
        0,
        32,
        75,
        42,
        48
      ],
      "selected_count": 8,
      "selection_seconds": 0.0206462089845445,
      "selection_overhead_seconds": 0.0206462089845445,
      "round_time": 707.203740517114,
      "cum_time": 707.203740517114,
      "round_modelled_energy_wh": 4.959277045980937,
      "cum_modelled_energy_wh": 4.959277045980937,
      "round_modelled_carbon_g": 2.3556565968409453,
      "cum_modelled_carbon_g": 2.3556565968409453,
      "training_tflops": 0.007126776,
      "cum_training_tflops": 0.007126776,
      "round_comm_mb": 1.3330078125,
      "cum_comm_mb": 1.3330078125,
      "fairness_variance": 0.09,
      "fairness_gini": 0.9,
      "fairness_jain": 0.1,
      "utilization_entropy": 0.4745387728193468,
      "participation_coverage_ratio": 0.1,
      "tier_0_selection_rate": 0.375,
      "tier_1_selection_rate": 0.625,
      "tier_2_selection_rate": 0.0,
      "label_coverage_ratio": 1.0,
      "mean_local_loss_reduction": 0.9522580988705158,
      "accuracy_delta": 0.31089999999999995,
      "criticalfl_sparse_round": false
    },
    {
      "accuracy": 0.415,
      "f1": 0.36004381537510205,
      "precision": 0.40686711145081683,
      "recall": 0.4096262143698934,
      "loss": 1.9144256299972535,
      "round": 1,
      "evaluated": false,
      "selected_clients": [
        60,
        62,
        74,
        42,
        32,
        4,
        76,
        37
      ],
      "selected_count": 8,
      "selection_seconds": 0.6851967909897212,
      "selection_overhead_seconds": 0.6851967909897212,
      "round_time": 529.4203271117151,
      "cum_time": 1236.6240676288292,
      "round_modelled_energy_wh": 5.131004984299462,
      "cum_modelled_energy_wh": 10.090282030280399,
      "round_modelled_carbon_g": 2.4372273675422447,
      "cum_modelled_carbon_g": 4.792883964383189,
      "training_tflops": 0.0074958,
      "cum_training_tflops": 0.014622576,
      "round_comm_mb": 1.3330078125,
      "cum_comm_mb": 2.666015625,
      "fairness_variance": 0.21000000000000005,
      "fairness_gini": 0.84375,
      "fairness_jain": 0.16,
      "utilization_entropy": 0.5931734660241835,
      "participation_coverage_ratio": 0.175,
      "tier_0_selection_rate": 0.25,
      "tier_1_selection_rate": 0.75,
      "tier_2_selection_rate": 0.0,
      "label_coverage_ratio": 1.0,
      "mean_local_loss_reduction": 1.369122989475727,
      "accuracy_delta": 0.0,
      "criticalfl_sparse_round": false
    },
    {
      "accuracy": 0.415,
      "f1": 0.36004381537510205,
      "precision": 0.40686711145081683,
      "recall": 0.4096262143698934,
      "loss": 1.9144256299972535,
      "round": 2,
      "evaluated": false,
      "selected_clients": [
        37,
        1,
        66,
        49,
        7,
        40,
        32,
        55
      ],
      "selected_count": 8,
      "selection_seconds": 0.020675042003858835,
      "selection_overhead_seconds": 0.020675042003858835,
      "round_time": 910.9899990318775,
      "cum_time": 2147.6140666607066,
      "round_modelled_energy_wh": 5.12530511750454,
      "cum_modelled_energy_wh": 15.21558714778494,
      "round_modelled_carbon_g": 2.4345199308146563,
      "cum_modelled_carbon_g": 7.227403895197846,
      "training_tflops": 0.007296873,
      "cum_training_tflops": 0.021919449,
      "round_comm_mb": 1.3330078125,
      "cum_comm_mb": 3.9990234375,
      "fairness_variance": 0.36,
      "fairness_gini": 0.803125,
      "fairness_jain": 0.2,
      "utilization_entropy": 0.6543640051009973,
      "participation_coverage_ratio": 0.2375,
      "tier_0_selection_rate": 0.25,
      "tier_1_selection_rate": 0.75,
      "tier_2_selection_rate": 0.0,
      "label_coverage_ratio": 1.0,
      "mean_local_loss_reduction": 0.8350987676531076,
      "accuracy_delta": 0.0,
      "criticalfl_sparse_round": false
    },
    {
      "accuracy": 0.415,
      "f1": 0.36004381537510205,
      "precision": 0.40686711145081683,
      "recall": 0.4096262143698934,
      "loss": 1.9144256299972535,
      "round": 3,
      "evaluated": false,
      "selected_clients": [
        50,
        29,
        7,
        75,
        4,
        60,
        74,
        11
      ],
      "selected_count": 8,
      "selection_seconds": 0.022620709001785144,
      "selection_overhead_seconds": 0.022620709001785144,
      "round_time": 642.3032110570451,
      "cum_time": 2789.917277717752,
      "round_modelled_energy_wh": 5.652013980696124,
      "cum_modelled_energy_wh": 20.867601128481063,
      "round_modelled_carbon_g": 2.6847066408306586,
      "cum_modelled_carbon_g": 9.912110536028505,
      "training_tflops": 0.0085754835,
      "cum_training_tflops": 0.0304949325,
      "round_comm_mb": 1.3330078125,
      "cum_comm_mb": 5.33203125,
      "fairness_variance": 0.515,
      "fairness_gini": 0.77890625,
      "fairness_jain": 0.23703703703703705,
      "utilization_entropy": 0.6883042167272421,
      "participation_coverage_ratio": 0.275,
      "tier_0_selection_rate": 0.25,
      "tier_1_selection_rate": 0.6875,
      "tier_2_selection_rate": 0.0625,
      "label_coverage_ratio": 1.0,
      "mean_local_loss_reduction": 0.18367645284160972,
      "accuracy_delta": 0.0,
      "criticalfl_sparse_round": false
    },
    {
      "accuracy": 0.415,
      "f1": 0.36004381537510205,
      "precision": 0.40686711145081683,
      "recall": 0.4096262143698934,
      "loss": 1.9144256299972535,
      "round": 4,
      "evaluated": false,
      "selected_clients": [
        22,
        12,
        42,
        57,
        37,
        78,
        45,
        70
      ],
      "selected_count": 8,
      "selection_seconds": 0.021382832987001166,
      "selection_overhead_seconds": 0.021382832987001166,
      "round_time": 729.8157279867083,
      "cum_time": 3519.73300570446,
      "round_modelled_energy_wh": 4.400770608790135,
      "cum_modelled_energy_wh": 25.2683717372712,
      "round_modelled_carbon_g": 2.0903660391753145,
      "cum_modelled_carbon_g": 12.00247657520382,
      "training_tflops": 0.006253227,
      "cum_training_tflops": 0.0367481595,
      "round_comm_mb": 1.3330078125,
      "cum_comm_mb": 6.6650390625,
      "fairness_variance": 0.65,
      "fairness_gini": 0.738125,
      "fairness_jain": 0.2777777777777778,
      "utilization_entropy": 0.7300480902270267,
      "participation_coverage_ratio": 0.3375,
      "tier_0_selection_rate": 0.275,
      "tier_1_selection_rate": 0.65,
      "tier_2_selection_rate": 0.075,
      "label_coverage_ratio": 1.0,
      "mean_local_loss_reduction": 0.23407042399048805,
      "accuracy_delta": 0.0,
      "criticalfl_sparse_round": false
    },
    {
      "accuracy": 0.415,
      "f1": 0.36004381537510205,
      "precision": 0.40686711145081683,
      "recall": 0.4096262143698934,
      "loss": 1.9144256299972535,
      "round": 5,
      "evaluated": false,
      "selected_clients": [
        71,
        50,
        57,
        79,
        69,
        5,
        4,
        40
      ],
      "selected_count": 8,
      "selection_seconds": 0.02095612499397248,
      "selection_overhead_seconds": 0.02095612499397248,
      "round_time": 715.8036164161568,
      "cum_time": 4235.536622120617,
      "round_modelled_energy_wh": 4.903719627424854,