{
  "run_label": "cifar100_benchmarks_cifar100_main_maml_select_s123",
  "round": 199,
  "rounds": 200,
  "latest_metrics": {
    "accuracy": 0.608,
    "f1": 0.6045664027886332,
    "precision": 0.621020474359621,
    "recall": 0.608,
    "loss": 1.6131858613967895,
    "round": 199,
    "evaluated": true,
    "selected_clients": [
      58,
      86,
      37,
      3,
      92,
      1,
      78,
      7,
      82,
      49
    ],
    "selected_count": 10,
    "selection_seconds": 0.016523374993994366,
    "selection_overhead_seconds": 0.016523374993994366,
    "round_time": 3065.4306424536194,
    "cum_time": 477227.23764829454,
    "round_modelled_energy_wh": 24.086196246888246,
    "cum_modelled_energy_wh": 4592.070956078705,
    "round_modelled_carbon_g": 11.440943217271917,
    "cum_modelled_carbon_g": 2181.2337041373853,
    "training_tflops": 41.94556111872,
    "cum_training_tflops": 8219.1791394432,
    "round_comm_mb": 856.0281372070312,
    "cum_comm_mb": 171205.62744140625,
    "fairness_variance": 78.86,
    "fairness_gini": 0.24958,
    "fairness_jain": 0.8353172117111473,
    "utilization_entropy": 0.9789647140077029,
    "participation_coverage_ratio": 1.0,
    "tier_0_selection_rate": 0.1165,
    "tier_1_selection_rate": 0.4695,
    "tier_2_selection_rate": 0.414,
    "label_coverage_ratio": 1.0,
    "mean_local_loss_reduction": 0.637491547781974,
    "accuracy_delta": 0.00649999999999995,
    "criticalfl_sparse_round": false
  }
}