{
  "metrics": [
    {
      "accuracy": 0.1041,
      "f1": 0.025060449392979356,
      "precision": 0.03294641452782796,
      "recall": 0.10328255526460788,
      "loss": 2.310351022338867,
      "round": -1,
      "evaluated": true,
      "cum_time": 0.0,
      "cum_modelled_energy_wh": 0.0,
      "cum_modelled_carbon_g": 0.0,
      "cum_training_tflops": 0.0,
      "cum_comm_mb": 0.0
    },
    {
      "accuracy": 0.1123,
      "f1": 0.035850471681781064,
      "precision": 0.12533896478701673,
      "recall": 0.10943623354503924,
      "loss": 2.300004920196533,
      "round": 0,
      "evaluated": true,
      "selected_clients": [
        16,
        17,
        97,
        10,
        91,
        31,
        12,
        64,
        84,
        55
      ],
      "selected_count": 10,
      "selection_seconds": 0.008663417014759034,
      "selection_overhead_seconds": 0.008663417014759034,
      "round_time": 717.51588928172,
      "cum_time": 717.51588928172,
      "round_modelled_energy_wh": 4.447011116751815,
      "cum_modelled_energy_wh": 4.447011116751815,
      "round_modelled_carbon_g": 2.1123302804571122,
      "cum_modelled_carbon_g": 2.1123302804571122,
      "training_tflops": 0.006708741,
      "cum_training_tflops": 0.006708741,
      "round_comm_mb": 1.666259765625,
      "cum_comm_mb": 1.666259765625,
      "fairness_variance": 0.09,
      "fairness_gini": 0.9,
      "fairness_jain": 0.1,
      "utilization_entropy": 0.4999999999999999,
      "participation_coverage_ratio": 0.1,
      "tier_0_selection_rate": 0.2,
      "tier_1_selection_rate": 0.5,
      "tier_2_selection_rate": 0.3,
      "label_coverage_ratio": 1.0,
      "mean_local_loss_reduction": 0.9929771482944488,
      "accuracy_delta": 0.008199999999999999,
      "criticalfl_sparse_round": false
    },
    {
      "accuracy": 0.1123,
      "f1": 0.035850471681781064,
      "precision": 0.12533896478701673,
      "recall": 0.10943623354503924,
      "loss": 2.300004920196533,
      "round": 1,
      "evaluated": false,
      "selected_clients": [
        46,
        76,
        75,
        19,
        88,
        44,
        25,
        51,
        70,
        35
      ],
      "selected_count": 10,
      "selection_seconds": 0.03107425000052899,
      "selection_overhead_seconds": 0.03107425000052899,
      "round_time": 657.9737347669009,
      "cum_time": 1375.489624048621,
      "round_modelled_energy_wh": 5.156001667203433,
      "cum_modelled_energy_wh": 9.603012783955247,
      "round_modelled_carbon_g": 2.4491007919216305,
      "cum_modelled_carbon_g": 4.561431072378743,
      "training_tflops": 0.0075260715,
      "cum_training_tflops": 0.0142348125,
      "round_comm_mb": 1.666259765625,
      "cum_comm_mb": 3.33251953125,
      "fairness_variance": 0.16000000000000003,
      "fairness_gini": 0.8,
      "fairness_jain": 0.2,
      "utilization_entropy": 0.6505149978319905,
      "participation_coverage_ratio": 0.2,
      "tier_0_selection_rate": 0.25,
      "tier_1_selection_rate": 0.55,
      "tier_2_selection_rate": 0.2,
      "label_coverage_ratio": 1.0,
      "mean_local_loss_reduction": 1.1687663614749908,
      "accuracy_delta": 0.0,
      "criticalfl_sparse_round": false
    },
    {
      "accuracy": 0.1123,
      "f1": 0.035850471681781064,
      "precision": 0.12533896478701673,
      "recall": 0.10943623354503924,
      "loss": 2.300004920196533,
      "round": 2,
      "evaluated": false,
      "selected_clients": [
        73,
        47,
        48,
        29,
        74,
        85,
        14,
        15,
        2,
        3
      ],
      "selected_count": 10,
      "selection_seconds": 0.009106665995204821,
      "selection_overhead_seconds": 0.009106665995204821,
      "round_time": 960.1570319895551,
      "cum_time": 2335.646656038176,
      "round_modelled_energy_wh": 6.4502324511396925,
      "cum_modelled_energy_wh": 16.05324523509494,
      "round_modelled_carbon_g": 3.063860414291354,
      "cum_modelled_carbon_g": 7.625291486670097,
      "training_tflops": 0.00962922,
      "cum_training_tflops": 0.0238640325,
      "round_comm_mb": 1.666259765625,
      "cum_comm_mb": 4.998779296875,
      "fairness_variance": 0.20999999999999996,
      "fairness_gini": 0.7,
      "fairness_jain": 0.3,
      "utilization_entropy": 0.7385606273598311,
      "participation_coverage_ratio": 0.3,
      "tier_0_selection_rate": 0.23333333333333334,
      "tier_1_selection_rate": 0.5,
      "tier_2_selection_rate": 0.26666666666666666,
      "label_coverage_ratio": 1.0,
      "mean_local_loss_reduction": 1.1611349454615265,
      "accuracy_delta": 0.0,
      "criticalfl_sparse_round": false
    },
    {
      "accuracy": 0.1123,
      "f1": 0.035850471681781064,
      "precision": 0.12533896478701673,
      "recall": 0.10943623354503924,
      "loss": 2.300004920196533,
      "round": 3,
      "evaluated": false,
      "selected_clients": [
        33,
        72,
        9,
        22,
        57,
        8,
        60,
        52,
        18,
        69
      ],
      "selected_count": 10,
      "selection_seconds": 0.009856666991254315,
      "selection_overhead_seconds": 0.009856666991254315,
      "round_time": 831.170149412127,
      "cum_time": 3166.816805450303,
      "round_modelled_energy_wh": 6.87432384119712,
      "cum_modelled_energy_wh": 22.927569076292063,
      "round_modelled_carbon_g": 3.2653038245686323,
      "cum_modelled_carbon_g": 10.890595311238728,
      "training_tflops": 0.010569078,
      "cum_training_tflops": 0.0344331105,
      "round_comm_mb": 1.666259765625,
      "cum_comm_mb": 6.6650390625,
      "fairness_variance": 0.24000000000000005,
      "fairness_gini": 0.6,
      "fairness_jain": 0.4,
      "utilization_entropy": 0.8010299956639811,
      "participation_coverage_ratio": 0.4,
      "tier_0_selection_rate": 0.2,
      "tier_1_selection_rate": 0.5,
      "tier_2_selection_rate": 0.3,
      "label_coverage_ratio": 1.0,
      "mean_local_loss_reduction": 0.7170184278395026,
      "accuracy_delta": 0.0,
      "criticalfl_sparse_round": false
    },
    {
      "accuracy": 0.1123,
      "f1": 0.035850471681781064,
      "precision": 0.12533896478701673,
      "recall": 0.10943623354503924,
      "loss": 2.300004920196533,
      "round": 4,
      "evaluated": false,
      "selected_clients": [
        5,
        39,
        32,
        43,
        58,
        38,
        30,
        37,
        82,
        67
      ],
      "selected_count": 10,
      "selection_seconds": 0.009816957986913621,
      "selection_overhead_seconds": 0.009816957986913621,
      "round_time": 490.524802450024,
      "cum_time": 3657.3416079003273,
      "round_modelled_energy_wh": 4.500955700245611,
      "cum_modelled_energy_wh": 27.428524776537675,
      "round_modelled_carbon_g": 2.137953957616665,
      "cum_modelled_carbon_g": 13.028549268855395,
      "training_tflops": 0.00674622,
      "cum_training_tflops": 0.0411793305,
      "round_comm_mb": 1.666259765625,
      "cum_comm_mb": 8.331298828125,
      "fairness_variance": 0.25,
      "fairness_gini": 0.5,
      "fairness_jain": 0.5,
      "utilization_entropy": 0.8494850021680092,
      "participation_coverage_ratio": 0.5,
      "tier_0_selection_rate": 0.22,
      "tier_1_selection_rate": 0.48,
      "tier_2_selection_rate": 0.3,
      "label_coverage_ratio": 1.0,
      "mean_local_loss_reduction": 0.40366154331713916,
      "accuracy_delta": 0.0,
      "criticalfl_sparse_round": false
    },
    {
      "accuracy": 0.1123,
      "f1": 0.035850471681781064,
      "precision": 0.12533896478701673,
      "recall": 0.10943623354503924,
      "loss": 2.300004920196533,
      "round": 5,
      "evaluated": false,