{
  "metrics": [
    {
      "accuracy": 0.1041,
      "f1": 0.025060449392979356,
      "precision": 0.03294641452782796,
      "recall": 0.10328255526460788,
      "loss": 2.310351022338867,
      "round": -1,
      "evaluated": true,
      "cum_time": 0.0,
      "cum_modelled_energy_wh": 0.0,
      "cum_modelled_carbon_g": 0.0,
      "cum_training_tflops": 0.0,
      "cum_comm_mb": 0.0
    },
    {
      "accuracy": 0.3594,
      "f1": 0.2560564696392823,
      "precision": 0.5660047152959359,
      "recall": 0.36523284530637096,
      "loss": 1.8620621898651124,
      "round": 0,
      "evaluated": true,
      "selected_clients": [
        0,
        1,
        2,
        3,
        4,
        5,
        6,
        7
      ],
      "selected_count": 8,
      "selection_seconds": 0.00011945900041610003,
      "selection_overhead_seconds": 0.00011945900041610003,
      "round_time": 910.9448023366356,
      "cum_time": 910.9448023366356,
      "round_modelled_energy_wh": 5.626165710355108,
      "cum_modelled_energy_wh": 5.626165710355108,
      "round_modelled_carbon_g": 2.6724287124186765,
      "cum_modelled_carbon_g": 2.6724287124186765,
      "training_tflops": 0.008582691,
      "cum_training_tflops": 0.008582691,
      "round_comm_mb": 1.3330078125,
      "cum_comm_mb": 1.3330078125,
      "fairness_variance": 0.09000000000000001,
      "fairness_gini": 0.9,
      "fairness_jain": 0.1,
      "utilization_entropy": 0.4745387728193468,
      "participation_coverage_ratio": 0.1,
      "tier_0_selection_rate": 0.125,
      "tier_1_selection_rate": 0.5,
      "tier_2_selection_rate": 0.375,
      "label_coverage_ratio": 1.0,
      "mean_local_loss_reduction": 1.017531719058752,
      "accuracy_delta": 0.25529999999999997,
      "criticalfl_sparse_round": false
    },
    {
      "accuracy": 0.3594,
      "f1": 0.2560564696392823,
      "precision": 0.5660047152959359,
      "recall": 0.36523284530637096,
      "loss": 1.8620621898651124,
      "round": 1,
      "evaluated": false,
      "selected_clients": [
        4,
        2,
        6,
        3,
        0,
        1,
        5,
        7
      ],
      "selected_count": 8,
      "selection_seconds": 0.0001761250023264438,
      "selection_overhead_seconds": 0.0001761250023264438,
      "round_time": 911.04880230828,
      "cum_time": 1821.9936046449156,
      "round_modelled_energy_wh": 5.625558200475445,
      "cum_modelled_energy_wh": 11.251723910830552,
      "round_modelled_carbon_g": 2.6721401452258364,
      "cum_modelled_carbon_g": 5.3445688576445125,
      "training_tflops": 0.008582691,
      "cum_training_tflops": 0.017165382,
      "round_comm_mb": 1.3330078125,
      "cum_comm_mb": 2.666015625,
      "fairness_variance": 0.36000000000000004,
      "fairness_gini": 0.9,
      "fairness_jain": 0.1,
      "utilization_entropy": 0.4745387728193468,
      "participation_coverage_ratio": 0.1,
      "tier_0_selection_rate": 0.125,
      "tier_1_selection_rate": 0.5,
      "tier_2_selection_rate": 0.375,
      "label_coverage_ratio": 1.0,
      "mean_local_loss_reduction": 1.1598121169954538,
      "accuracy_delta": 0.0,
      "criticalfl_sparse_round": false
    },
    {
      "accuracy": 0.3594,
      "f1": 0.2560564696392823,
      "precision": 0.5660047152959359,
      "recall": 0.36523284530637096,
      "loss": 1.8620621898651124,
      "round": 2,
      "evaluated": false,
      "selected_clients": [
        2,
        4,
        6,
        3,
        7,
        5,
        0,
        1
      ],
      "selected_count": 8,
      "selection_seconds": 0.00013620799290947616,
      "selection_overhead_seconds": 0.00013620799290947616,
      "round_time": 910.9899990318775,
      "cum_time": 2732.983603676793,
      "round_modelled_energy_wh": 5.625546276510886,
      "cum_modelled_energy_wh": 16.877270187341438,
      "round_modelled_carbon_g": 2.672134481342671,
      "cum_modelled_carbon_g": 8.016703338987183,
      "training_tflops": 0.008582691,
      "cum_training_tflops": 0.025748073,
      "round_comm_mb": 1.3330078125,
      "cum_comm_mb": 3.9990234375,
      "fairness_variance": 0.8099999999999999,
      "fairness_gini": 0.9,
      "fairness_jain": 0.1,
      "utilization_entropy": 0.4745387728193468,
      "participation_coverage_ratio": 0.1,
      "tier_0_selection_rate": 0.125,
      "tier_1_selection_rate": 0.5,
      "tier_2_selection_rate": 0.375,
      "label_coverage_ratio": 1.0,
      "mean_local_loss_reduction": 0.34842937579378486,
      "accuracy_delta": 0.0,
      "criticalfl_sparse_round": false
    },
    {
      "accuracy": 0.3594,
      "f1": 0.2560564696392823,
      "precision": 0.5660047152959359,
      "recall": 0.36523284530637096,
      "loss": 1.8620621898651124,
      "round": 3,
      "evaluated": false,
      "selected_clients": [
        2,
        4,
        6,
        0,
        5,
        1,
        7,
        3
      ],
      "selected_count": 8,
      "selection_seconds": 0.00011016702046617866,
      "selection_overhead_seconds": 0.00011016702046617866,
      "round_time": 910.9542025610607,
      "cum_time": 3643.9378062378537,
      "round_modelled_energy_wh": 5.625338334930143,
      "cum_modelled_energy_wh": 22.50260852227158,
      "round_modelled_carbon_g": 2.672035709091818,
      "cum_modelled_carbon_g": 10.688739048079,
      "training_tflops": 0.008582691,
      "cum_training_tflops": 0.034330764,
      "round_comm_mb": 1.3330078125,
      "cum_comm_mb": 5.33203125,
      "fairness_variance": 1.4400000000000002,
      "fairness_gini": 0.9,
      "fairness_jain": 0.1,
      "utilization_entropy": 0.4745387728193468,
      "participation_coverage_ratio": 0.1,
      "tier_0_selection_rate": 0.125,
      "tier_1_selection_rate": 0.5,
      "tier_2_selection_rate": 0.375,
      "label_coverage_ratio": 1.0,
      "mean_local_loss_reduction": 0.09609044203534722,
      "accuracy_delta": 0.0,
      "criticalfl_sparse_round": false
    },
    {
      "accuracy": 0.3594,
      "f1": 0.2560564696392823,
      "precision": 0.5660047152959359,
      "recall": 0.36523284530637096,
      "loss": 1.8620621898651124,
      "round": 4,
      "evaluated": false,
      "selected_clients": [
        2,
        4,
        6,
        5,
        3,
        7,
        1,
        0
      ],
      "selected_count": 8,
      "selection_seconds": 0.00021112497779540718,
      "selection_overhead_seconds": 0.00021112497779540718,
      "round_time": 910.7727177888315,
      "cum_time": 4554.710524026686,
      "round_modelled_energy_wh": 5.624519847378213,
      "cum_modelled_energy_wh": 28.127128369649792,
      "round_modelled_carbon_g": 2.6716469275046513,
      "cum_modelled_carbon_g": 13.36038597558365,
      "training_tflops": 0.008582691,
      "cum_training_tflops": 0.042913455,
      "round_comm_mb": 1.3330078125,
      "cum_comm_mb": 6.6650390625,
      "fairness_variance": 2.25,
      "fairness_gini": 0.9,
      "fairness_jain": 0.1,
      "utilization_entropy": 0.4745387728193468,
      "participation_coverage_ratio": 0.1,
      "tier_0_selection_rate": 0.125,
      "tier_1_selection_rate": 0.5,
      "tier_2_selection_rate": 0.375,
      "label_coverage_ratio": 1.0,
      "mean_local_loss_reduction": 0.0783001072704792,
      "accuracy_delta": 0.0,
      "criticalfl_sparse_round": false
    },
    {
      "accuracy": 0.3594,
      "f1": 0.2560564696392823,
      "precision": 0.5660047152959359,
      "recall": 0.36523284530637096,
      "loss": 1.8620621898651124,
      "round": 5,
      "evaluated": false,
      "selected_clients": [
        6,
        2,
        4,
        0,
        3,
        7,
        1,
        5
      ],
      "selected_count": 8,
      "selection_seconds": 9.904202306643128e-05,
      "selection_overhead_seconds": 9.904202306643128e-05,
      "round_time": 910.8775478799473,
      "cum_time": 5465.588071906633,
      "round_modelled_energy_wh": 5.624856662604986,
      "cum_modelled_energy_wh": 33.75198503225478,