{
  "run_label": "feature_ablation_fashion_main_research.maml_select.full_s2026",
  "round": 199,
  "rounds": 200,
  "latest_metrics": {
    "accuracy": 0.896,
    "f1": 0.8961756686453388,
    "precision": 0.9016934941125037,
    "recall": 0.8960000000000001,
    "loss": 0.3948624850988388,
    "round": 199,
    "evaluated": true,
    "selected_clients": [
      51,
      43,
      81,
      3,
      11,
      61,
      68,
      72,
      47,
      89
    ],
    "selected_count": 10,
    "selection_seconds": 0.01011141701019369,
    "selection_overhead_seconds": 0.01011141701019369,
    "round_time": 2030.3932085478546,
    "cum_time": 481081.5114920009,
    "round_modelled_energy_wh": 27.898024526681045,
    "cum_modelled_energy_wh": 4864.230505065383,
    "round_modelled_carbon_g": 13.251561650173498,
    "cum_modelled_carbon_g": 2310.5094899060573,
    "training_tflops": 0.71795349504,
    "cum_training_tflops": 123.73366569984,
    "round_comm_mb": 28.159942626953125,
    "cum_comm_mb": 5631.988525390625,
    "fairness_variance": 130.92,
    "fairness_gini": 0.31795,
    "fairness_jain": 0.75340917652377,
    "utilization_entropy": 0.96375580053139,
    "participation_coverage_ratio": 1.0,
    "tier_0_selection_rate": 0.0775,
    "tier_1_selection_rate": 0.459,
    "tier_2_selection_rate": 0.4635,
    "label_coverage_ratio": 1.0,
    "mean_local_loss_reduction": 0.26160658189910463,
    "accuracy_delta": -0.0009000000000000119,
    "criticalfl_sparse_round": false
  }
}