{
  "metrics": [
    {
      "accuracy": 0.1041,
      "f1": 0.025060449392979356,
      "precision": 0.03294641452782796,
      "recall": 0.10328255526460788,
      "loss": 2.310351022338867,
      "round": -1,
      "evaluated": true,
      "cum_time": 0.0,
      "cum_modelled_energy_wh": 0.0,
      "cum_modelled_carbon_g": 0.0,
      "cum_training_tflops": 0.0,
      "cum_comm_mb": 0.0
    },
    {
      "accuracy": 0.1448,
      "f1": 0.06940791462603789,
      "precision": 0.1295282564043601,
      "recall": 0.14893950947796786,
      "loss": 2.3610006076812744,
      "round": 0,
      "evaluated": true,
      "selected_clients": [
        21,
        71,
        45,
        2,
        9,
        68,
        44,
        37
      ],
      "selected_count": 8,
      "selection_seconds": 8.620801963843405e-05,
      "selection_overhead_seconds": 8.620801963843405e-05,
      "round_time": 146.3037418332134,
      "cum_time": 146.3037418332134,
      "round_modelled_energy_wh": 2.773367210206498,
      "cum_modelled_energy_wh": 2.773367210206498,
      "round_modelled_carbon_g": 1.3173494248480864,
      "cum_modelled_carbon_g": 1.3173494248480864,
      "training_tflops": 0.004632981,
      "cum_training_tflops": 0.004632981,
      "round_comm_mb": 1.3330078125,
      "cum_comm_mb": 1.3330078125,
      "fairness_variance": 0.09,
      "fairness_gini": 0.9,
      "fairness_jain": 0.1,
      "utilization_entropy": 0.4745387728193468,
      "participation_coverage_ratio": 0.1,
      "tier_0_selection_rate": 0.0,
      "tier_1_selection_rate": 0.25,
      "tier_2_selection_rate": 0.75,
      "label_coverage_ratio": 1.0,
      "mean_local_loss_reduction": 0.7545229941606522,
      "accuracy_delta": 0.040700000000000014,
      "criticalfl_sparse_round": false
    },
    {
      "accuracy": 0.1448,
      "f1": 0.06940791462603789,
      "precision": 0.1295282564043601,
      "recall": 0.14893950947796786,
      "loss": 2.3610006076812744,
      "round": 1,
      "evaluated": false,
      "selected_clients": [
        45,
        21,
        44,
        68,
        37,
        71,
        2,
        9
      ],
      "selected_count": 8,
      "selection_seconds": 0.00016587501158937812,
      "selection_overhead_seconds": 0.00016587501158937812,
      "round_time": 146.29941419333318,
      "cum_time": 292.60315602654657,
      "round_modelled_energy_wh": 2.773874209505101,
      "cum_modelled_energy_wh": 5.5472414197115985,
      "round_modelled_carbon_g": 1.317590249514923,
      "cum_modelled_carbon_g": 2.634939674363009,
      "training_tflops": 0.004632981,
      "cum_training_tflops": 0.009265962,
      "round_comm_mb": 1.3330078125,
      "cum_comm_mb": 2.666015625,
      "fairness_variance": 0.36,
      "fairness_gini": 0.9,
      "fairness_jain": 0.1,
      "utilization_entropy": 0.4745387728193468,
      "participation_coverage_ratio": 0.1,
      "tier_0_selection_rate": 0.0,
      "tier_1_selection_rate": 0.25,
      "tier_2_selection_rate": 0.75,
      "label_coverage_ratio": 1.0,
      "mean_local_loss_reduction": 0.5049084648489952,
      "accuracy_delta": 0.0,
      "criticalfl_sparse_round": false
    },
    {
      "accuracy": 0.1448,
      "f1": 0.06940791462603789,
      "precision": 0.1295282564043601,
      "recall": 0.14893950947796786,
      "loss": 2.3610006076812744,
      "round": 2,
      "evaluated": false,
      "selected_clients": [
        21,
        37,
        45,
        68,
        44,
        71,
        2,
        9
      ],
      "selected_count": 8,
      "selection_seconds": 0.0001232920039910823,
      "selection_overhead_seconds": 0.0001232920039910823,
      "round_time": 146.3138784240912,
      "cum_time": 438.91703445063774,
      "round_modelled_energy_wh": 2.7746459304658617,
      "cum_modelled_energy_wh": 8.32188735017746,
      "round_modelled_carbon_g": 1.3179568169712843,
      "cum_modelled_carbon_g": 3.9528964913342937,
      "training_tflops": 0.004632981,
      "cum_training_tflops": 0.013898943,
      "round_comm_mb": 1.3330078125,
      "cum_comm_mb": 3.9990234375,
      "fairness_variance": 0.8099999999999999,
      "fairness_gini": 0.9,
      "fairness_jain": 0.1,
      "utilization_entropy": 0.4745387728193468,
      "participation_coverage_ratio": 0.1,
      "tier_0_selection_rate": 0.0,
      "tier_1_selection_rate": 0.25,
      "tier_2_selection_rate": 0.75,
      "label_coverage_ratio": 1.0,
      "mean_local_loss_reduction": 0.8736696913838387,
      "accuracy_delta": 0.0,
      "criticalfl_sparse_round": false
    },
    {
      "accuracy": 0.1448,
      "f1": 0.06940791462603789,
      "precision": 0.1295282564043601,
      "recall": 0.14893950947796786,
      "loss": 2.3610006076812744,
      "round": 3,
      "evaluated": false,
      "selected_clients": [
        21,
        71,
        45,
        44,
        2,
        37,
        9,
        68
      ],
      "selected_count": 8,
      "selection_seconds": 0.00012895901454612613,
      "selection_overhead_seconds": 0.00012895901454612613,
      "round_time": 146.31209289441347,
      "cum_time": 585.2291273450512,
      "round_modelled_energy_wh": 2.7745965447375975,
      "cum_modelled_energy_wh": 11.096483894915059,
      "round_modelled_carbon_g": 1.317933358750359,
      "cum_modelled_carbon_g": 5.270829850084653,
      "training_tflops": 0.004632981,
      "cum_training_tflops": 0.018531924,
      "round_comm_mb": 1.3330078125,
      "cum_comm_mb": 5.33203125,
      "fairness_variance": 1.44,
      "fairness_gini": 0.9,
      "fairness_jain": 0.1,
      "utilization_entropy": 0.4745387728193468,
      "participation_coverage_ratio": 0.1,
      "tier_0_selection_rate": 0.0,
      "tier_1_selection_rate": 0.25,
      "tier_2_selection_rate": 0.75,
      "label_coverage_ratio": 1.0,
      "mean_local_loss_reduction": 0.44091122411191463,
      "accuracy_delta": 0.0,
      "criticalfl_sparse_round": false
    },
    {
      "accuracy": 0.1448,
      "f1": 0.06940791462603789,
      "precision": 0.1295282564043601,
      "recall": 0.14893950947796786,
      "loss": 2.3610006076812744,
      "round": 4,
      "evaluated": false,
      "selected_clients": [
        21,
        37,
        71,
        2,
        45,
        44,
        9,
        68
      ],
      "selected_count": 8,
      "selection_seconds": 0.00013670799671672285,
      "selection_overhead_seconds": 0.00013670799671672285,
      "round_time": 146.32011734628824,
      "cum_time": 731.5492446913395,
      "round_modelled_energy_wh": 2.773955718502637,
      "cum_modelled_energy_wh": 13.870439613417695,
      "round_modelled_carbon_g": 1.3176289662887526,
      "cum_modelled_carbon_g": 6.5884588163734055,
      "training_tflops": 0.004632981,
      "cum_training_tflops": 0.023164905,
      "round_comm_mb": 1.3330078125,
      "cum_comm_mb": 6.6650390625,
      "fairness_variance": 2.25,
      "fairness_gini": 0.9,
      "fairness_jain": 0.1,
      "utilization_entropy": 0.4745387728193468,
      "participation_coverage_ratio": 0.1,
      "tier_0_selection_rate": 0.0,
      "tier_1_selection_rate": 0.25,
      "tier_2_selection_rate": 0.75,
      "label_coverage_ratio": 1.0,
      "mean_local_loss_reduction": 0.18256238661706448,
      "accuracy_delta": 0.0,
      "criticalfl_sparse_round": false
    },
    {
      "accuracy": 0.1448,
      "f1": 0.06940791462603789,
      "precision": 0.1295282564043601,
      "recall": 0.14893950947796786,
      "loss": 2.3610006076812744,
      "round": 5,
      "evaluated": false,
      "selected_clients": [
        68,
        2,
        9,
        71,
        44,
        45,
        37,
        21
      ],
      "selected_count": 8,
      "selection_seconds": 0.00014279101742431521,
      "selection_overhead_seconds": 0.00014279101742431521,
      "round_time": 146.30834241400385,
      "cum_time": 877.8575871053433,
      "round_modelled_energy_wh": 2.7739241129519256,
      "cum_modelled_energy_wh": 16.64436372636962,