{
  "run_label": "feature_ablation_fashion_main_research.maml_select.no_battery_s42",
  "round": 199,
  "rounds": 200,
  "latest_metrics": {
    "accuracy": 0.9007,
    "f1": 0.9011727436840615,
    "precision": 0.9061008867295193,
    "recall": 0.9007,
    "loss": 0.36650439043045047,
    "round": 199,
    "evaluated": true,
    "selected_clients": [
      68,
      22,
      98,
      10,
      2,
      69,
      5,
      23,
      81,
      44
    ],
    "selected_count": 10,
    "selection_seconds": 0.009610250010155141,
    "selection_overhead_seconds": 0.009610250010155141,
    "round_time": 6057.049518388499,
    "cum_time": 557300.5338971119,
    "round_modelled_energy_wh": 25.588858998929325,
    "cum_modelled_energy_wh": 4812.075725612447,
    "round_modelled_carbon_g": 12.154708024491429,
    "cum_modelled_carbon_g": 2285.7359696659123,
    "training_tflops": 0.6199663104,
    "cum_training_tflops": 122.04199358208,
    "round_comm_mb": 28.159942626953125,
    "cum_comm_mb": 5631.988525390625,
    "fairness_variance": 112.34,
    "fairness_gini": 0.2954,
    "fairness_jain": 0.7807315454580942,
    "utilization_entropy": 0.9657768936639441,
    "participation_coverage_ratio": 1.0,
    "tier_0_selection_rate": 0.0705,
    "tier_1_selection_rate": 0.4975,
    "tier_2_selection_rate": 0.432,
    "label_coverage_ratio": 1.0,
    "mean_local_loss_reduction": 0.15783585525932722,
    "accuracy_delta": -0.0033000000000000806,
    "criticalfl_sparse_round": false
  }
}