{
  "run_label": "feature_ablation_fashion_main_research.maml_select.full_s123",
  "round": 199,
  "rounds": 200,
  "latest_metrics": {
    "accuracy": 0.9045,
    "f1": 0.9019417074485219,
    "precision": 0.9061207790574712,
    "recall": 0.9045,
    "loss": 0.3871604467362165,
    "round": 199,
    "evaluated": true,
    "selected_clients": [
      84,
      93,
      33,
      94,
      68,
      66,
      13,
      22,
      3,
      90
    ],
    "selected_count": 10,
    "selection_seconds": 0.009663167002145201,
    "selection_overhead_seconds": 0.009663167002145201,
    "round_time": 2633.033703773063,
    "cum_time": 569360.8650244996,
    "round_modelled_energy_wh": 23.820924160210613,
    "cum_modelled_energy_wh": 4851.493643184627,
    "round_modelled_carbon_g": 11.314938976100041,
    "cum_modelled_carbon_g": 2304.4594805126976,
    "training_tflops": 0.62159169024,
    "cum_training_tflops": 121.83115859712,
    "round_comm_mb": 28.159942626953125,
    "cum_comm_mb": 5631.988525390625,
    "fairness_variance": 76.5,
    "fairness_gini": 0.23536,
    "fairness_jain": 0.8394543546694648,
    "utilization_entropy": 0.9757333026100307,
    "participation_coverage_ratio": 1.0,
    "tier_0_selection_rate": 0.1215,
    "tier_1_selection_rate": 0.4735,
    "tier_2_selection_rate": 0.405,
    "label_coverage_ratio": 1.0,
    "mean_local_loss_reduction": 0.057753596195107094,
    "accuracy_delta": 0.006799999999999917,
    "criticalfl_sparse_round": false
  }
}