{
  "run_label": "lambda_sensitivity_fashion_main_research.maml_select.lambda_0p1_s123",
  "round": 199,
  "rounds": 200,
  "latest_metrics": {
    "accuracy": 0.9044,
    "f1": 0.9017483254001408,
    "precision": 0.9052235177431062,
    "recall": 0.9044000000000001,
    "loss": 0.3739851450562477,
    "round": 199,
    "evaluated": true,
    "selected_clients": [
      53,
      25,
      92,
      54,
      55,
      11,
      0,
      78,
      65,
      90
    ],
    "selected_count": 10,
    "selection_seconds": 0.009636374990805052,
    "selection_overhead_seconds": 0.009636374990805052,
    "round_time": 2633.033703773063,
    "cum_time": 687367.4038899243,
    "round_modelled_energy_wh": 26.410680255035142,
    "cum_modelled_energy_wh": 5225.161613455026,
    "round_modelled_carbon_g": 12.545073121141693,
    "cum_modelled_carbon_g": 2481.9517663911374,
    "training_tflops": 0.61787653632,
    "cum_training_tflops": 128.86928550144,
    "round_comm_mb": 28.159942626953125,
    "cum_comm_mb": 5631.988525390625,
    "fairness_variance": 23.34,
    "fairness_gini": 0.12945,
    "fairness_jain": 0.9448670099683469,
    "utilization_entropy": 0.9930690045976085,
    "participation_coverage_ratio": 1.0,
    "tier_0_selection_rate": 0.157,
    "tier_1_selection_rate": 0.486,
    "tier_2_selection_rate": 0.357,
    "label_coverage_ratio": 1.0,
    "mean_local_loss_reduction": 0.13359753763834306,
    "accuracy_delta": 0.0017000000000000348,
    "criticalfl_sparse_round": false
  }
}