{
  "run_label": "lambda_sensitivity_fashion_main_research.maml_select.lambda_5p0_s42",
  "round": 199,
  "rounds": 200,
  "latest_metrics": {
    "accuracy": 0.8821,
    "f1": 0.8845625878034744,
    "precision": 0.898852829347075,
    "recall": 0.8821,
    "loss": 0.4368273401260376,
    "round": 199,
    "evaluated": true,
    "selected_clients": [
      15,
      84,
      51,
      42,
      76,
      98,
      12,
      58,
      38,
      10
    ],
    "selected_count": 10,
    "selection_seconds": 0.010413416996016167,
    "selection_overhead_seconds": 0.010413416996016167,
    "round_time": 1275.5960645208113,
    "cum_time": 389178.12006837194,
    "round_modelled_energy_wh": 23.47648383897286,
    "cum_modelled_energy_wh": 4028.094426328332,
    "round_modelled_carbon_g": 11.151329823512109,
    "cum_modelled_carbon_g": 1913.3448525059578,
    "training_tflops": 0.62321707008,
    "cum_training_tflops": 104.71950793728,
    "round_comm_mb": 28.159942626953125,
    "cum_comm_mb": 5631.988525390625,
    "fairness_variance": 484.44,
    "fairness_gini": 0.5486,
    "fairness_jain": 0.45226357921396587,
    "utilization_entropy": 0.8874618324669382,
    "participation_coverage_ratio": 1.0,
    "tier_0_selection_rate": 0.0345,
    "tier_1_selection_rate": 0.4025,
    "tier_2_selection_rate": 0.563,
    "label_coverage_ratio": 1.0,
    "mean_local_loss_reduction": 0.22169162984064314,
    "accuracy_delta": -0.0009000000000000119,
    "criticalfl_sparse_round": false
  }
}