{
  "metrics": [
    {
      "accuracy": 0.1041,
      "f1": 0.025060449392979356,
      "precision": 0.03294641452782796,
      "recall": 0.10328255526460788,
      "loss": 2.3103507289886474,
      "round": -1,
      "evaluated": true,
      "cum_time": 0.0,
      "cum_modelled_energy_wh": 0.0,
      "cum_modelled_carbon_g": 0.0,
      "cum_training_tflops": 0.0,
      "cum_comm_mb": 0.0
    },
    {
      "accuracy": 0.3829,
      "f1": 0.3180087766082257,
      "precision": 0.5278576711243863,
      "recall": 0.39484548807753544,
      "loss": 1.7267770502090454,
      "round": 0,
      "evaluated": true,
      "selected_clients": [
        30,
        35,
        28,
        18
      ],
      "selected_count": 4,
      "selection_seconds": 0.008961899991845712,
      "selection_overhead_seconds": 0.008961899991845712,
      "round_time": 888.2519478358852,
      "cum_time": 888.2519478358852,
      "round_modelled_energy_wh": 3.7014568688028637,
      "cum_modelled_energy_wh": 3.7014568688028637,
      "round_modelled_carbon_g": 1.7581920126813602,
      "cum_modelled_carbon_g": 1.7581920126813602,
      "training_tflops": 0.005471934,
      "cum_training_tflops": 0.005471934,
      "round_comm_mb": 0.66650390625,
      "cum_comm_mb": 0.66650390625,
      "fairness_variance": 0.09000000000000001,
      "fairness_gini": 0.9,
      "fairness_jain": 0.1,
      "utilization_entropy": 0.37580364941821515,
      "participation_coverage_ratio": 0.1,
      "tier_0_selection_rate": 0.0,
      "tier_1_selection_rate": 1.0,
      "tier_2_selection_rate": 0.0,
      "label_coverage_ratio": 1.0,
      "mean_local_loss_reduction": 1.0027894601225853,
      "accuracy_delta": 0.27880000000000005,
      "criticalfl_sparse_round": false
    },
    {
      "accuracy": 0.3829,
      "f1": 0.3180087766082257,
      "precision": 0.5278576711243863,
      "recall": 0.39484548807753544,
      "loss": 1.7267770502090454,
      "round": 1,
      "evaluated": false,
      "selected_clients": [
        17,
        12,
        3,
        19
      ],
      "selected_count": 4,
      "selection_seconds": 0.038250700003118254,
      "selection_overhead_seconds": 0.038250700003118254,
      "round_time": 1736.902119598699,
      "cum_time": 2625.1540674345842,
      "round_modelled_energy_wh": 5.693405421342553,
      "cum_modelled_energy_wh": 9.394862290145417,
      "round_modelled_carbon_g": 2.704367575137713,
      "cum_modelled_carbon_g": 4.462559587819073,
      "training_tflops": 0.007527513,
      "cum_training_tflops": 0.012999447,
      "round_comm_mb": 0.66650390625,
      "cum_comm_mb": 1.3330078125,
      "fairness_variance": 0.16000000000000003,
      "fairness_gini": 0.8,
      "fairness_jain": 0.2,
      "utilization_entropy": 0.5637054741273227,
      "participation_coverage_ratio": 0.2,
      "tier_0_selection_rate": 0.375,
      "tier_1_selection_rate": 0.625,
      "tier_2_selection_rate": 0.0,
      "label_coverage_ratio": 1.0,
      "mean_local_loss_reduction": 1.5096366666257381,
      "accuracy_delta": 0.0,
      "criticalfl_sparse_round": false
    },
    {
      "accuracy": 0.3829,
      "f1": 0.3180087766082257,
      "precision": 0.5278576711243863,
      "recall": 0.39484548807753544,
      "loss": 1.7267770502090454,
      "round": 2,
      "evaluated": false,
      "selected_clients": [
        30,
        18,
        19,
        25
      ],
      "selected_count": 4,
      "selection_seconds": 0.03086119999352377,
      "selection_overhead_seconds": 0.03086119999352377,
      "round_time": 1274.7356062018655,
      "cum_time": 3899.8896736364495,
      "round_modelled_energy_wh": 5.525329641841176,
      "cum_modelled_energy_wh": 14.920191931986594,
      "round_modelled_carbon_g": 2.6245315798745583,
      "cum_modelled_carbon_g": 7.0870911676936315,
      "training_tflops": 0.00844719,
      "cum_training_tflops": 0.021446637,
      "round_comm_mb": 0.66650390625,
      "cum_comm_mb": 1.99951171875,
      "fairness_variance": 0.36,
      "fairness_gini": 0.8125,
      "fairness_jain": 0.2,
      "utilization_entropy": 0.5796700830446768,
      "participation_coverage_ratio": 0.225,
      "tier_0_selection_rate": 0.3333333333333333,
      "tier_1_selection_rate": 0.5833333333333334,
      "tier_2_selection_rate": 0.08333333333333333,
      "label_coverage_ratio": 1.0,
      "mean_local_loss_reduction": 0.3426324129104614,
      "accuracy_delta": 0.0,
      "criticalfl_sparse_round": false
    },
    {
      "accuracy": 0.3829,
      "f1": 0.3180087766082257,
      "precision": 0.5278576711243863,
      "recall": 0.39484548807753544,
      "loss": 1.7267770502090454,
      "round": 3,
      "evaluated": false,
      "selected_clients": [
        13,
        15,
        19,
        17
      ],
      "selected_count": 4,
      "selection_seconds": 0.041865599996526726,
      "selection_overhead_seconds": 0.041865599996526726,
      "round_time": 1736.8435638196797,
      "cum_time": 5636.733237456129,
      "round_modelled_energy_wh": 6.0677748273026735,
      "cum_modelled_energy_wh": 20.987966759289268,
      "round_modelled_carbon_g": 2.88219304296877,
      "cum_modelled_carbon_g": 9.969284210662401,
      "training_tflops": 0.008718192,
      "cum_training_tflops": 0.030164829,
      "round_comm_mb": 0.66650390625,
      "cum_comm_mb": 2.666015625,
      "fairness_variance": 0.5400000000000001,
      "fairness_gini": 0.784375,
      "fairness_jain": 0.22857142857142856,
      "utilization_entropy": 0.6253033621990745,
      "participation_coverage_ratio": 0.275,
      "tier_0_selection_rate": 0.375,
      "tier_1_selection_rate": 0.5,
      "tier_2_selection_rate": 0.125,
      "label_coverage_ratio": 1.0,
      "mean_local_loss_reduction": 0.3530120584182441,
      "accuracy_delta": 0.0,
      "criticalfl_sparse_round": false
    },
    {
      "accuracy": 0.3829,
      "f1": 0.3180087766082257,
      "precision": 0.5278576711243863,
      "recall": 0.39484548807753544,
      "loss": 1.7267770502090454,
      "round": 4,
      "evaluated": false,
      "selected_clients": [
        28,
        16,
        13,
        5
      ],
      "selected_count": 4,
      "selection_seconds": 0.03678510000463575,
      "selection_overhead_seconds": 0.03678510000463575,
      "round_time": 1505.702513662626,
      "cum_time": 7142.435751118755,
      "round_modelled_energy_wh": 5.344730127544823,
      "cum_modelled_energy_wh": 26.332696886834093,
      "round_modelled_carbon_g": 2.538746810583791,
      "cum_modelled_carbon_g": 12.508031021246193,
      "training_tflops": 0.0075952635,
      "cum_training_tflops": 0.0377600925,
      "round_comm_mb": 0.66650390625,
      "cum_comm_mb": 3.33251953125,
      "fairness_variance": 0.65,
      "fairness_gini": 0.7425,
      "fairness_jain": 0.2777777777777778,
      "utilization_entropy": 0.6734746610391863,
      "participation_coverage_ratio": 0.325,
      "tier_0_selection_rate": 0.35,
      "tier_1_selection_rate": 0.55,
      "tier_2_selection_rate": 0.1,
      "label_coverage_ratio": 1.0,
      "mean_local_loss_reduction": 0.11937787663191557,
      "accuracy_delta": 0.0,
      "criticalfl_sparse_round": false
    },
    {
      "accuracy": 0.3829,
      "f1": 0.3180087766082257,
      "precision": 0.5278576711243863,
      "recall": 0.39484548807753544,
      "loss": 1.7267770502090454,
      "round": 5,
      "evaluated": false,
      "selected_clients": [
        3,
        10,
        31,
        8
      ],
      "selected_count": 4,
      "selection_seconds": 0.0400725999934366,
      "selection_overhead_seconds": 0.0400725999934366,
      "round_time": 3806.974680674377,
      "cum_time": 10949.410431793132,
      "round_modelled_energy_wh": 7.353872745310688,