{
  "metrics": [
    {
      "accuracy": 0.1041,
      "f1": 0.025060449392979356,
      "precision": 0.03294641452782796,
      "recall": 0.10328255526460788,
      "loss": 2.3103507289886474,
      "round": -1,
      "evaluated": true,
      "cum_time": 0.0,
      "cum_modelled_energy_wh": 0.0,
      "cum_modelled_carbon_g": 0.0,
      "cum_training_tflops": 0.0,
      "cum_comm_mb": 0.0
    },
    {
      "accuracy": 0.4732,
      "f1": 0.3650062147859384,
      "precision": 0.3892572845420935,
      "recall": 0.4589224100778832,
      "loss": 1.7300824661254883,
      "round": 0,
      "evaluated": true,
      "selected_clients": [
        6,
        18
      ],
      "selected_count": 2,
      "selection_seconds": 0.09562920000462327,
      "selection_overhead_seconds": 0.09562920000462327,
      "round_time": 603.5773113994301,
      "cum_time": 603.5773113994301,
      "round_modelled_energy_wh": 2.482630241653502,
      "cum_modelled_energy_wh": 2.482630241653502,
      "round_modelled_carbon_g": 1.1792493647854134,
      "cum_modelled_carbon_g": 1.1792493647854134,
      "training_tflops": 0.003987189,
      "cum_training_tflops": 0.003987189,
      "round_comm_mb": 0.333251953125,
      "cum_comm_mb": 0.333251953125,
      "fairness_variance": 0.09000000000000001,
      "fairness_gini": 0.9,
      "fairness_jain": 0.1,
      "utilization_entropy": 0.23137821315975918,
      "participation_coverage_ratio": 0.1,
      "tier_0_selection_rate": 0.0,
      "tier_1_selection_rate": 0.5,
      "tier_2_selection_rate": 0.5,
      "label_coverage_ratio": 1.0,
      "mean_local_loss_reduction": 1.7675276845693588,
      "accuracy_delta": 0.3691,
      "criticalfl_sparse_round": false
    },
    {
      "accuracy": 0.4732,
      "f1": 0.3650062147859384,
      "precision": 0.3892572845420935,
      "recall": 0.4589224100778832,
      "loss": 1.7300824661254883,
      "round": 1,
      "evaluated": false,
      "selected_clients": [
        17,
        12
      ],
      "selected_count": 2,
      "selection_seconds": 0.19016120000742376,
      "selection_overhead_seconds": 0.19016120000742376,
      "round_time": 2122.3527332526833,
      "cum_time": 2725.9300446521133,
      "round_modelled_energy_wh": 4.78199179424751,
      "cum_modelled_energy_wh": 7.264622035901012,
      "round_modelled_carbon_g": 2.2714461022675674,
      "cum_modelled_carbon_g": 3.450695467052981,
      "training_tflops": 0.0072291225,
      "cum_training_tflops": 0.0112163115,
      "round_comm_mb": 0.333251953125,
      "cum_comm_mb": 0.66650390625,
      "fairness_variance": 0.16000000000000003,
      "fairness_gini": 0.8,
      "fairness_jain": 0.2,
      "utilization_entropy": 0.46275642631951835,
      "participation_coverage_ratio": 0.2,
      "tier_0_selection_rate": 0.25,
      "tier_1_selection_rate": 0.25,
      "tier_2_selection_rate": 0.5,
      "label_coverage_ratio": 1.0,
      "mean_local_loss_reduction": 1.1306534754112363,
      "accuracy_delta": 0.0,
      "criticalfl_sparse_round": false
    },
    {
      "accuracy": 0.4732,
      "f1": 0.3650062147859384,
      "precision": 0.3892572845420935,
      "recall": 0.4589224100778832,
      "loss": 1.7300824661254883,
      "round": 2,
      "evaluated": false,
      "selected_clients": [
        18,
        19
      ],
      "selected_count": 2,
      "selection_seconds": 0.037437899998622015,
      "selection_overhead_seconds": 0.037437899998622015,
      "round_time": 726.5549735776215,
      "cum_time": 3452.485018229735,
      "round_modelled_energy_wh": 2.7217331270370013,
      "cum_modelled_energy_wh": 9.986355162938013,
      "round_modelled_carbon_g": 1.2928232353425755,
      "cum_modelled_carbon_g": 4.743518702395556,
      "training_tflops": 0.004341798,
      "cum_training_tflops": 0.0155581095,
      "round_comm_mb": 0.333251953125,
      "cum_comm_mb": 0.999755859375,
      "fairness_variance": 0.30999999999999994,
      "fairness_gini": 0.7833333333333333,
      "fairness_jain": 0.225,
      "utilization_entropy": 0.5209779334485907,
      "participation_coverage_ratio": 0.25,
      "tier_0_selection_rate": 0.16666666666666666,
      "tier_1_selection_rate": 0.3333333333333333,
      "tier_2_selection_rate": 0.5,
      "label_coverage_ratio": 1.0,
      "mean_local_loss_reduction": 0.7855671271681786,
      "accuracy_delta": 0.0,
      "criticalfl_sparse_round": false
    },
    {
      "accuracy": 0.4732,
      "f1": 0.3650062147859384,
      "precision": 0.3892572845420935,
      "recall": 0.4589224100778832,
      "loss": 1.7300824661254883,
      "round": 3,
      "evaluated": false,
      "selected_clients": [
        13,
        17
      ],
      "selected_count": 2,
      "selection_seconds": 0.0395101999893086,
      "selection_overhead_seconds": 0.0395101999893086,
      "round_time": 2122.304654717651,
      "cum_time": 5574.789672947386,
      "round_modelled_energy_wh": 4.176013045864409,
      "cum_modelled_energy_wh": 14.162368208802423,
      "round_modelled_carbon_g": 1.9836061967855945,
      "cum_modelled_carbon_g": 6.727124899181151,
      "training_tflops": 0.005745819,
      "cum_training_tflops": 0.0213039285,
      "round_comm_mb": 0.333251953125,
      "cum_comm_mb": 1.3330078125,
      "fairness_variance": 0.44000000000000006,
      "fairness_gini": 0.75,
      "fairness_jain": 0.26666666666666666,
      "utilization_entropy": 0.5784455328993979,
      "participation_coverage_ratio": 0.3,
      "tier_0_selection_rate": 0.25,
      "tier_1_selection_rate": 0.375,
      "tier_2_selection_rate": 0.375,
      "label_coverage_ratio": 1.0,
      "mean_local_loss_reduction": 0.11642012372612953,
      "accuracy_delta": 0.0,
      "criticalfl_sparse_round": false
    },
    {
      "accuracy": 0.4732,
      "f1": 0.3650062147859384,
      "precision": 0.3892572845420935,
      "recall": 0.4589224100778832,
      "loss": 1.7300824661254883,
      "round": 4,
      "evaluated": false,
      "selected_clients": [
        13,
        16
      ],
      "selected_count": 2,
      "selection_seconds": 0.03489520000584889,
      "selection_overhead_seconds": 0.03489520000584889,
      "round_time": 2653.886792748872,
      "cum_time": 8228.676465696259,
      "round_modelled_energy_wh": 6.978262283401085,
      "cum_modelled_energy_wh": 21.140630492203506,
      "round_modelled_carbon_g": 3.3146745846155152,
      "cum_modelled_carbon_g": 10.041799483796666,
      "training_tflops": 0.0103139325,
      "cum_training_tflops": 0.031617861,
      "round_comm_mb": 0.333251953125,
      "cum_comm_mb": 1.666259765625,
      "fairness_variance": 0.55,
      "fairness_gini": 0.71,
      "fairness_jain": 0.3125,
      "utilization_entropy": 0.6297948589443854,
      "participation_coverage_ratio": 0.35,
      "tier_0_selection_rate": 0.2,
      "tier_1_selection_rate": 0.5,
      "tier_2_selection_rate": 0.3,
      "label_coverage_ratio": 1.0,
      "mean_local_loss_reduction": 0.5163725410820916,
      "accuracy_delta": 0.0,
      "criticalfl_sparse_round": false
    },
    {
      "accuracy": 0.4732,
      "f1": 0.3650062147859384,
      "precision": 0.3892572845420935,
      "recall": 0.4589224100778832,
      "loss": 1.7300824661254883,
      "round": 5,
      "evaluated": false,
      "selected_clients": [
        10,
        8
      ],
      "selected_count": 2,
      "selection_seconds": 0.04982239998935256,
      "selection_overhead_seconds": 0.04982239998935256,
      "round_time": 1493.7867113456255,
      "cum_time": 9722.463177041884,
      "round_modelled_energy_wh": 5.120945239829528,
      "cum_modelled_energy_wh": 26.261575732033034,
      "round_modelled_carbon_g": 2.4324489889190257,
      "cum_modelled_carbon_g": 12.474248472715692,