{
  "metrics": [
    {
      "accuracy": 0.1041,
      "f1": 0.025060449392979356,
      "precision": 0.03294641452782796,
      "recall": 0.10328255526460788,
      "loss": 2.310351022338867,
      "round": -1,
      "evaluated": true,
      "cum_time": 0.0,
      "cum_modelled_energy_wh": 0.0,
      "cum_modelled_carbon_g": 0.0,
      "cum_training_tflops": 0.0,
      "cum_comm_mb": 0.0
    },
    {
      "accuracy": 0.4666,
      "f1": 0.4286265104356854,
      "precision": 0.6661836395238626,
      "recall": 0.46209190606831607,
      "loss": 1.8898996803283692,
      "round": 0,
      "evaluated": true,
      "selected_clients": [
        1,
        0,
        2,
        3,
        4,
        6,
        14,
        5,
        7,
        16
      ],
      "selected_count": 10,
      "selection_seconds": 6.633400334976614e-05,
      "selection_overhead_seconds": 6.633400334976614e-05,
      "round_time": 960.2927136431061,
      "cum_time": 960.2927136431061,
      "round_modelled_energy_wh": 8.387254265439314,
      "cum_modelled_energy_wh": 8.387254265439314,
      "round_modelled_carbon_g": 3.9839457760836736,
      "cum_modelled_carbon_g": 3.9839457760836736,
      "training_tflops": 0.0122599575,
      "cum_training_tflops": 0.0122599575,
      "round_comm_mb": 1.666259765625,
      "cum_comm_mb": 1.666259765625,
      "fairness_variance": 0.09,
      "fairness_gini": 0.9,
      "fairness_jain": 0.1,
      "utilization_entropy": 0.4999999999999999,
      "participation_coverage_ratio": 0.1,
      "tier_0_selection_rate": 0.4,
      "tier_1_selection_rate": 0.3,
      "tier_2_selection_rate": 0.3,
      "label_coverage_ratio": 1.0,
      "mean_local_loss_reduction": 1.0078528106212616,
      "accuracy_delta": 0.36250000000000004,
      "criticalfl_sparse_round": false
    },
    {
      "accuracy": 0.4666,
      "f1": 0.4286265104356854,
      "precision": 0.6661836395238626,
      "recall": 0.46209190606831607,
      "loss": 1.8898996803283692,
      "round": 1,
      "evaluated": false,
      "selected_clients": [
        0,
        2,
        1,
        4,
        6,
        3,
        5,
        7,
        14,
        8
      ],
      "selected_count": 10,
      "selection_seconds": 0.00010637499508447945,
      "selection_overhead_seconds": 0.00010637499508447945,
      "round_time": 960.2245996439314,
      "cum_time": 1920.5173132870375,
      "round_modelled_energy_wh": 8.393075670517355,
      "cum_modelled_energy_wh": 16.78032993595667,
      "round_modelled_carbon_g": 3.9867109434957437,
      "cum_modelled_carbon_g": 7.970656719579418,
      "training_tflops": 0.0124156395,
      "cum_training_tflops": 0.024675597,
      "round_comm_mb": 1.666259765625,
      "cum_comm_mb": 3.33251953125,
      "fairness_variance": 0.34,
      "fairness_gini": 0.899,
      "fairness_jain": 0.10526315789473684,
      "utilization_entropy": 0.515051499783199,
      "participation_coverage_ratio": 0.11,
      "tier_0_selection_rate": 0.35,
      "tier_1_selection_rate": 0.35,
      "tier_2_selection_rate": 0.3,
      "label_coverage_ratio": 1.0,
      "mean_local_loss_reduction": 1.4418657330796123,
      "accuracy_delta": 0.0,
      "criticalfl_sparse_round": false
    },
    {
      "accuracy": 0.4666,
      "f1": 0.4286265104356854,
      "precision": 0.6661836395238626,
      "recall": 0.46209190606831607,
      "loss": 1.8898996803283692,
      "round": 2,
      "evaluated": false,
      "selected_clients": [
        2,
        1,
        0,
        6,
        3,
        4,
        7,
        14,
        5,
        9
      ],
      "selected_count": 10,
      "selection_seconds": 0.0001059589849319309,
      "selection_overhead_seconds": 0.0001059589849319309,
      "round_time": 960.1570319895551,
      "cum_time": 2880.6743452765927,
      "round_modelled_energy_wh": 8.235135498730788,
      "cum_modelled_energy_wh": 25.015465434687457,
      "round_modelled_carbon_g": 3.9116893618971247,
      "cum_modelled_carbon_g": 11.882346081476541,
      "training_tflops": 0.0123349155,
      "cum_training_tflops": 0.0370105125,
      "round_comm_mb": 1.666259765625,
      "cum_comm_mb": 4.998779296875,
      "fairness_variance": 0.75,
      "fairness_gini": 0.898,
      "fairness_jain": 0.10714285714285714,
      "utilization_entropy": 0.523856062735983,
      "participation_coverage_ratio": 0.12,
      "tier_0_selection_rate": 0.3333333333333333,
      "tier_1_selection_rate": 0.3333333333333333,
      "tier_2_selection_rate": 0.3333333333333333,
      "label_coverage_ratio": 1.0,
      "mean_local_loss_reduction": 0.5065389886498451,
      "accuracy_delta": 0.0,
      "criticalfl_sparse_round": false
    },
    {
      "accuracy": 0.4666,
      "f1": 0.4286265104356854,
      "precision": 0.6661836395238626,
      "recall": 0.46209190606831607,
      "loss": 1.8898996803283692,
      "round": 3,
      "evaluated": false,
      "selected_clients": [
        1,
        0,
        2,
        3,
        4,
        6,
        14,
        5,
        7,
        16
      ],
      "selected_count": 10,
      "selection_seconds": 9.549999958835542e-05,
      "selection_overhead_seconds": 9.549999958835542e-05,
      "round_time": 960.1192072821148,
      "cum_time": 3840.7935525587072,
      "round_modelled_energy_wh": 8.387400757560659,
      "cum_modelled_energy_wh": 33.40286619224811,
      "round_modelled_carbon_g": 3.9840153598413135,
      "cum_modelled_carbon_g": 15.866361441317853,
      "training_tflops": 0.0122599575,
      "cum_training_tflops": 0.04927047,
      "round_comm_mb": 1.666259765625,
      "cum_comm_mb": 6.6650390625,
      "fairness_variance": 1.34,
      "fairness_gini": 0.8985,
      "fairness_jain": 0.10666666666666667,
      "utilization_entropy": 0.5225772496747985,
      "participation_coverage_ratio": 0.12,
      "tier_0_selection_rate": 0.35,
      "tier_1_selection_rate": 0.325,
      "tier_2_selection_rate": 0.325,
      "label_coverage_ratio": 1.0,
      "mean_local_loss_reduction": 0.19121039994060993,
      "accuracy_delta": 0.0,
      "criticalfl_sparse_round": false
    },
    {
      "accuracy": 0.4666,
      "f1": 0.4286265104356854,
      "precision": 0.6661836395238626,
      "recall": 0.46209190606831607,
      "loss": 1.8898996803283692,
      "round": 4,
      "evaluated": false,
      "selected_clients": [
        0,
        2,
        1,
        4,
        6,
        3,
        5,
        7,
        14,
        8
      ],
      "selected_count": 10,
      "selection_seconds": 9.449999197386205e-05,
      "selection_overhead_seconds": 9.449999197386205e-05,
      "round_time": 960.1599364074112,
      "cum_time": 4800.953488966118,
      "round_modelled_energy_wh": 8.39318226679659,
      "cum_modelled_energy_wh": 41.7960484590447,
      "round_modelled_carbon_g": 3.9867615767283797,
      "cum_modelled_carbon_g": 19.853123018046233,
      "training_tflops": 0.0124156395,
      "cum_training_tflops": 0.0616861095,
      "round_comm_mb": 1.666259765625,
      "cum_comm_mb": 8.331298828125,
      "fairness_variance": 2.09,
      "fairness_gini": 0.8984,
      "fairness_jain": 0.10683760683760683,
      "utilization_entropy": 0.5229073003902416,
      "participation_coverage_ratio": 0.12,
      "tier_0_selection_rate": 0.34,
      "tier_1_selection_rate": 0.34,
      "tier_2_selection_rate": 0.32,
      "label_coverage_ratio": 1.0,
      "mean_local_loss_reduction": 0.2054957553744316,
      "accuracy_delta": 0.0,
      "criticalfl_sparse_round": false
    },
    {
      "accuracy": 0.4666,
      "f1": 0.4286265104356854,
      "precision": 0.6661836395238626,
      "recall": 0.46209190606831607,
      "loss": 1.8898996803283692,
      "round": 5,