{
  "run_label": "cifar100_benchmarks_cifar100_main_tifl_s123",
  "round": 30,
  "rounds": 200,
  "latest_metrics": {
    "accuracy": 0.2772,
    "f1": 0.2604433720879764,
    "precision": 0.294350358493937,
    "recall": 0.2772,
    "loss": 3.4791778526306154,
    "round": 30,
    "evaluated": true,
    "selected_clients": [
      5,
      0,
      3,
      6,
      1,
      4,
      9,
      2,
      8,
      14
    ],
    "selected_count": 10,
    "selection_seconds": 8.229099330492318e-05,
    "selection_overhead_seconds": 8.229099330492318e-05,
    "round_time": 2865.58883631869,
    "cum_time": 88833.38631398146,
    "round_modelled_energy_wh": 24.204543811595634,
    "cum_modelled_energy_wh": 734.090881659988,
    "round_modelled_carbon_g": 11.497158310507926,
    "cum_modelled_carbon_g": 348.6931687884943,
    "training_tflops": 40.89106377216,
    "cum_training_tflops": 1258.08228665856,
    "round_comm_mb": 856.0281372070312,
    "cum_comm_mb": 26536.87225341797,
    "fairness_variance": 80.08999999999997,
    "fairness_gini": 0.8980645161290323,
    "fairness_jain": 0.10713489409141583,
    "utilization_entropy": 0.5238336983421322,
    "participation_coverage_ratio": 0.12,
    "tier_0_selection_rate": 0.33548387096774196,
    "tier_1_selection_rate": 0.33225806451612905,
    "tier_2_selection_rate": 0.33225806451612905,
    "label_coverage_ratio": 1.0,
    "mean_local_loss_reduction": 0.2910194605588913,
    "accuracy_delta": 0.02310000000000001,
    "criticalfl_sparse_round": false
  }
}