{
  "run_label": "inner_step_ablation_cifar10_review_100_research.maml_select.inner_steps_5_s2026",
  "round": 99,
  "rounds": 100,
  "latest_metrics": {
    "accuracy": 0.6171,
    "f1": 0.5977371568107379,
    "precision": 0.6499314824488249,
    "recall": 0.6171,
    "loss": 1.09699867477417,
    "round": 99,
    "evaluated": true,
    "selected_clients": [
      33,
      93,
      19,
      99,
      54,
      77,
      82,
      57,
      70,
      90
    ],
    "selected_count": 10,
    "selection_seconds": 0.04159362500649877,
    "selection_overhead_seconds": 0.04159362500649877,
    "round_time": 1684.0702160138746,
    "cum_time": 206513.3784392057,
    "round_modelled_energy_wh": 17.92322437620764,
    "cum_modelled_energy_wh": 1629.8720308349,
    "round_modelled_carbon_g": 8.513531578698629,
    "cum_modelled_carbon_g": 774.1892146465775,
    "training_tflops": 32.47607536128,
    "cum_training_tflops": 2986.13263896576,
    "round_comm_mb": 851.7732238769531,
    "cum_comm_mb": 85177.32238769531,
    "fairness_variance": 278.72,
    "fairness_gini": 0.54948,
    "fairness_jain": 0.26404731727925645,
    "utilization_entropy": 0.8528282414232302,
    "participation_coverage_ratio": 1.0,
    "tier_0_selection_rate": 0.071,
    "tier_1_selection_rate": 0.339,
    "tier_2_selection_rate": 0.59,
    "label_coverage_ratio": 1.0,
    "mean_local_loss_reduction": 0.3527773870155215,
    "accuracy_delta": 0.007099999999999995,
    "criticalfl_sparse_round": false
  }
}