{
  "run_label": "lambda_sensitivity_fashion_main_research.maml_select.lambda_5p0_s123",
  "round": 199,
  "rounds": 200,
  "latest_metrics": {
    "accuracy": 0.9014,
    "f1": 0.8998915206825311,
    "precision": 0.901512218928502,
    "recall": 0.9014,
    "loss": 0.3899809711456299,
    "round": 199,
    "evaluated": true,
    "selected_clients": [
      93,
      45,
      98,
      89,
      3,
      17,
      21,
      53,
      52,
      38
    ],
    "selected_count": 10,
    "selection_seconds": 0.011056750008719973,
    "selection_overhead_seconds": 0.011056750008719973,
    "round_time": 2220.9133905041163,
    "cum_time": 408834.66113215324,
    "round_modelled_energy_wh": 24.172969902667987,
    "cum_modelled_energy_wh": 4210.230808669062,
    "round_modelled_carbon_g": 11.482160703767294,
    "cum_modelled_carbon_g": 1999.8596341178043,
    "training_tflops": 0.64121234688,
    "cum_training_tflops": 109.29901563648,
    "round_comm_mb": 28.159942626953125,
    "cum_comm_mb": 5631.988525390625,
    "fairness_variance": 300.9,
    "fairness_gini": 0.47533,
    "fairness_jain": 0.5706948209445,
    "utilization_entropy": 0.9173301072906027,
    "participation_coverage_ratio": 1.0,
    "tier_0_selection_rate": 0.078,
    "tier_1_selection_rate": 0.3525,
    "tier_2_selection_rate": 0.5695,
    "label_coverage_ratio": 1.0,
    "mean_local_loss_reduction": 0.09201729400083422,
    "accuracy_delta": 0.00990000000000002,
    "criticalfl_sparse_round": false
  }
}