{
  "run_label": "cifar10_lambda_sensitivity_cifar10_review_100_research.maml_select.cifar10_lambda_1p0_s42",
  "round": 99,
  "rounds": 100,
  "latest_metrics": {
    "accuracy": 0.5684,
    "f1": 0.5587137927544241,
    "precision": 0.5761364877077337,
    "recall": 0.5684000000000001,
    "loss": 1.2884635521888732,
    "round": 99,
    "evaluated": true,
    "selected_clients": [
      7,
      38,
      17,
      57,
      21,
      87,
      82,
      12,
      42,
      3
    ],
    "selected_count": 10,
    "selection_seconds": 0.013857541998731904,
    "selection_overhead_seconds": 0.013857541998731904,
    "round_time": 3816.938726274021,
    "cum_time": 178601.33903061476,
    "round_modelled_energy_wh": 15.080882435516155,
    "cum_modelled_energy_wh": 1357.1447895289884,
    "round_modelled_carbon_g": 7.163419156870173,
    "cum_modelled_carbon_g": 644.6437750262695,
    "training_tflops": 26.46075303936,
    "cum_training_tflops": 2523.98592262656,
    "round_comm_mb": 851.7732238769531,
    "cum_comm_mb": 85177.32238769531,
    "fairness_variance": 534.38,
    "fairness_gini": 0.69162,
    "fairness_jain": 0.1576342255430499,
    "utilization_entropy": 0.7316859047211791,
    "participation_coverage_ratio": 1.0,
    "tier_0_selection_rate": 0.051,
    "tier_1_selection_rate": 0.32,
    "tier_2_selection_rate": 0.629,
    "label_coverage_ratio": 1.0,
    "mean_local_loss_reduction": 0.6078395426273346,
    "accuracy_delta": 0.0706,
    "criticalfl_sparse_round": false
  }
}