{
  "run_label": "architecture_ablation_fashion_main_research.maml_select.hidden_32_s42",
  "round": 199,
  "rounds": 200,
  "latest_metrics": {
    "accuracy": 0.9058,
    "f1": 0.90388715926802,
    "precision": 0.905065852697116,
    "recall": 0.9057999999999999,
    "loss": 0.3693051320075989,
    "round": 199,
    "evaluated": true,
    "selected_clients": [
      9,
      75,
      98,
      81,
      84,
      61,
      27,
      87,
      55,
      97
    ],
    "selected_count": 10,
    "selection_seconds": 0.008701799999926152,
    "selection_overhead_seconds": 0.008701799999926152,
    "round_time": 1734.065730537737,
    "cum_time": 539913.5239445167,
    "round_modelled_energy_wh": 24.7115299383136,
    "cum_modelled_energy_wh": 4646.803445531551,
    "round_modelled_carbon_g": 11.73797672069896,
    "cum_modelled_carbon_g": 2207.2316366274868,
    "training_tflops": 0.65375099136,
    "cum_training_tflops": 117.82866074112,
    "round_comm_mb": 28.159942626953125,
    "cum_comm_mb": 5631.988525390625,
    "fairness_variance": 176.92,
    "fairness_gini": 0.35757,
    "fairness_jain": 0.6933370311308327,
    "utilization_entropy": 0.9558242020599447,
    "participation_coverage_ratio": 1.0,
    "tier_0_selection_rate": 0.0815,
    "tier_1_selection_rate": 0.447,
    "tier_2_selection_rate": 0.4715,
    "label_coverage_ratio": 1.0,
    "mean_local_loss_reduction": 0.09559046049237167,
    "accuracy_delta": 0.0030000000000000027,
    "criticalfl_sparse_round": false
  }
}