{
  "run_label": "cifar100_benchmarks_cifar100_main_tifl_s42",
  "round": 199,
  "rounds": 200,
  "latest_metrics": {
    "accuracy": 0.3228,
    "f1": 0.30975172470361517,
    "precision": 0.32252216877679507,
    "recall": 0.3227999999999999,
    "loss": 4.1115946849822995,
    "round": 199,
    "evaluated": true,
    "selected_clients": [
      0,
      2,
      1,
      4,
      6,
      3,
      5,
      7,
      14,
      8
    ],
    "selected_count": 10,
    "selection_seconds": 8.075000368990004e-05,
    "selection_overhead_seconds": 8.075000368990004e-05,
    "round_time": 2941.5261766654676,
    "cum_time": 588245.3720350285,
    "round_modelled_energy_wh": 23.006260760154607,
    "cum_modelled_energy_wh": 4634.479231725992,
    "round_modelled_carbon_g": 10.927973861073438,
    "cum_modelled_carbon_g": 2201.3776350698463,
    "training_tflops": 39.40974607104,
    "cum_training_tflops": 7928.1043956864,
    "round_comm_mb": 856.0281372070312,
    "cum_comm_mb": 171205.62744140625,
    "fairness_variance": 3333.34,
    "fairness_gini": 0.89801,
    "fairness_jain": 0.10714266581666819,
    "utilization_entropy": 0.5238555189562805,
    "participation_coverage_ratio": 0.12,
    "tier_0_selection_rate": 0.3335,
    "tier_1_selection_rate": 0.3335,
    "tier_2_selection_rate": 0.333,
    "label_coverage_ratio": 1.0,
    "mean_local_loss_reduction": -0.24426886260043829,
    "accuracy_delta": -0.004200000000000037,
    "criticalfl_sparse_round": false
  }
}