{
  "run_label": "lambda_sensitivity_fashion_main_research.maml_select.lambda_1p0_s123",
  "round": 199,
  "rounds": 200,
  "latest_metrics": {
    "accuracy": 0.9031,
    "f1": 0.9014981071002446,
    "precision": 0.9031303578694624,
    "recall": 0.9030999999999999,
    "loss": 0.36482396826446056,
    "round": 199,
    "evaluated": true,
    "selected_clients": [
      85,
      96,
      69,
      23,
      92,
      52,
      48,
      20,
      66,
      6
    ],
    "selected_count": 10,
    "selection_seconds": 0.009869707995676436,
    "selection_overhead_seconds": 0.009869707995676436,
    "round_time": 3810.5440454716554,
    "cum_time": 525309.9675871972,
    "round_modelled_energy_wh": 22.812561937766883,
    "cum_modelled_energy_wh": 4632.841568133561,
    "round_modelled_carbon_g": 10.83596692043927,
    "cum_modelled_carbon_g": 2200.599744863441,
    "training_tflops": 0.57143711232,
    "cum_training_tflops": 117.77490710784,
    "round_comm_mb": 28.159942626953125,
    "cum_comm_mb": 5631.988525390625,
    "fairness_variance": 129.36,
    "fairness_gini": 0.30925,
    "fairness_jain": 0.755629439322956,
    "utilization_entropy": 0.9599867041856915,
    "participation_coverage_ratio": 1.0,
    "tier_0_selection_rate": 0.107,
    "tier_1_selection_rate": 0.4325,
    "tier_2_selection_rate": 0.4605,
    "label_coverage_ratio": 1.0,
    "mean_local_loss_reduction": 0.1626668303801125,
    "accuracy_delta": 0.0010999999999999899,
    "criticalfl_sparse_round": false
  }
}