{
  "metrics": [
    {
      "accuracy": 0.1041,
      "f1": 0.025060449392979356,
      "precision": 0.03294641452782796,
      "recall": 0.10328255526460788,
      "loss": 2.310351022338867,
      "round": -1,
      "evaluated": true,
      "cum_time": 0.0,
      "cum_modelled_energy_wh": 0.0,
      "cum_modelled_carbon_g": 0.0,
      "cum_training_tflops": 0.0,
      "cum_comm_mb": 0.0
    },
    {
      "accuracy": 0.4033,
      "f1": 0.32862277508549875,
      "precision": 0.6447060716436895,
      "recall": 0.4067325326803057,
      "loss": 1.612745652770996,
      "round": 0,
      "evaluated": true,
      "selected_clients": [
        0,
        8
      ],
      "selected_count": 2,
      "selection_seconds": 0.0009272500174120069,
      "selection_overhead_seconds": 0.0009272500174120069,
      "round_time": 1139.8050723022188,
      "cum_time": 1139.8050723022188,
      "round_modelled_energy_wh": 3.3582550179152424,
      "cum_modelled_energy_wh": 3.3582550179152424,
      "round_modelled_carbon_g": 1.59517113350974,
      "cum_modelled_carbon_g": 1.59517113350974,
      "training_tflops": 0.004967409,
      "cum_training_tflops": 0.004967409,
      "round_comm_mb": 0.333251953125,
      "cum_comm_mb": 0.333251953125,
      "fairness_variance": 0.09000000000000001,
      "fairness_gini": 0.9,
      "fairness_jain": 0.1,
      "utilization_entropy": 0.23137821315975918,
      "participation_coverage_ratio": 0.1,
      "tier_0_selection_rate": 0.0,
      "tier_1_selection_rate": 1.0,
      "tier_2_selection_rate": 0.0,
      "label_coverage_ratio": 1.0,
      "mean_local_loss_reduction": 1.0294379591941833,
      "accuracy_delta": 0.2992,
      "criticalfl_sparse_round": false
    },
    {
      "accuracy": 0.4033,
      "f1": 0.32862277508549875,
      "precision": 0.6447060716436895,
      "recall": 0.4067325326803057,
      "loss": 1.612745652770996,
      "round": 1,
      "evaluated": false,
      "selected_clients": [
        0,
        8
      ],
      "selected_count": 2,
      "selection_seconds": 0.0004535829939413816,
      "selection_overhead_seconds": 0.0004535829939413816,
      "round_time": 1139.7266738431153,
      "cum_time": 2279.531746145334,
      "round_modelled_energy_wh": 3.357945857378298,
      "cum_modelled_energy_wh": 6.7162008752935405,
      "round_modelled_carbon_g": 1.5950242822546914,
      "cum_modelled_carbon_g": 3.1901954157644314,
      "training_tflops": 0.004967409,
      "cum_training_tflops": 0.009934818,
      "round_comm_mb": 0.333251953125,
      "cum_comm_mb": 0.66650390625,
      "fairness_variance": 0.36000000000000004,
      "fairness_gini": 0.9,
      "fairness_jain": 0.1,
      "utilization_entropy": 0.23137821315975918,
      "participation_coverage_ratio": 0.1,
      "tier_0_selection_rate": 0.0,
      "tier_1_selection_rate": 1.0,
      "tier_2_selection_rate": 0.0,
      "label_coverage_ratio": 1.0,
      "mean_local_loss_reduction": 1.0432932209223509,
      "accuracy_delta": 0.0,
      "criticalfl_sparse_round": false
    },
    {
      "accuracy": 0.4033,
      "f1": 0.32862277508549875,
      "precision": 0.6447060716436895,
      "recall": 0.4067325326803057,
      "loss": 1.612745652770996,
      "round": 2,
      "evaluated": false,
      "selected_clients": [
        0,
        8
      ],
      "selected_count": 2,
      "selection_seconds": 0.0004108330176677555,
      "selection_overhead_seconds": 0.0004108330176677555,
      "round_time": 1139.6974906835862,
      "cum_time": 3419.2292368289204,
      "round_modelled_energy_wh": 3.3577918947744436,
      "cum_modelled_energy_wh": 10.073992770067985,
      "round_modelled_carbon_g": 1.5949511500178606,
      "cum_modelled_carbon_g": 4.785146565782293,
      "training_tflops": 0.004967409,
      "cum_training_tflops": 0.014902227,
      "round_comm_mb": 0.333251953125,
      "cum_comm_mb": 0.999755859375,
      "fairness_variance": 0.8100000000000002,
      "fairness_gini": 0.9,
      "fairness_jain": 0.1,
      "utilization_entropy": 0.23137821315975918,
      "participation_coverage_ratio": 0.1,
      "tier_0_selection_rate": 0.0,
      "tier_1_selection_rate": 1.0,
      "tier_2_selection_rate": 0.0,
      "label_coverage_ratio": 1.0,
      "mean_local_loss_reduction": 0.22157953571877442,
      "accuracy_delta": 0.0,
      "criticalfl_sparse_round": false
    },
    {
      "accuracy": 0.4033,
      "f1": 0.32862277508549875,
      "precision": 0.6447060716436895,
      "recall": 0.4067325326803057,
      "loss": 1.612745652770996,
      "round": 3,
      "evaluated": false,
      "selected_clients": [
        0,
        8
      ],
      "selected_count": 2,
      "selection_seconds": 0.00041470900760032237,
      "selection_overhead_seconds": 0.00041470900760032237,
      "round_time": 1139.7373739851405,
      "cum_time": 4558.966610814061,
      "round_modelled_energy_wh": 3.3576582998959035,
      "cum_modelled_energy_wh": 13.431651069963888,
      "round_modelled_carbon_g": 1.5948876924505542,
      "cum_modelled_carbon_g": 6.380034258232847,
      "training_tflops": 0.004967409,
      "cum_training_tflops": 0.019869636,
      "round_comm_mb": 0.333251953125,
      "cum_comm_mb": 1.3330078125,
      "fairness_variance": 1.4400000000000002,
      "fairness_gini": 0.9,
      "fairness_jain": 0.1,
      "utilization_entropy": 0.23137821315975918,
      "participation_coverage_ratio": 0.1,
      "tier_0_selection_rate": 0.0,
      "tier_1_selection_rate": 1.0,
      "tier_2_selection_rate": 0.0,
      "label_coverage_ratio": 1.0,
      "mean_local_loss_reduction": 0.14103195816278458,
      "accuracy_delta": 0.0,
      "criticalfl_sparse_round": false
    },
    {
      "accuracy": 0.4033,
      "f1": 0.32862277508549875,
      "precision": 0.6447060716436895,
      "recall": 0.4067325326803057,
      "loss": 1.612745652770996,
      "round": 4,
      "evaluated": false,
      "selected_clients": [
        0,
        8
      ],
      "selected_count": 2,
      "selection_seconds": 0.00040954200085252523,
      "selection_overhead_seconds": 0.00040954200085252523,
      "round_time": 1139.831162400998,
      "cum_time": 5698.797773215059,
      "round_modelled_energy_wh": 3.357816121190967,
      "cum_modelled_energy_wh": 16.789467191154856,
      "round_modelled_carbon_g": 1.5949626575657094,
      "cum_modelled_carbon_g": 7.974996915798556,
      "training_tflops": 0.004967409,
      "cum_training_tflops": 0.024837045,
      "round_comm_mb": 0.333251953125,
      "cum_comm_mb": 1.666259765625,
      "fairness_variance": 2.25,
      "fairness_gini": 0.9,
      "fairness_jain": 0.1,
      "utilization_entropy": 0.23137821315975918,
      "participation_coverage_ratio": 0.1,
      "tier_0_selection_rate": 0.0,
      "tier_1_selection_rate": 1.0,
      "tier_2_selection_rate": 0.0,
      "label_coverage_ratio": 1.0,
      "mean_local_loss_reduction": 0.24545325711369514,
      "accuracy_delta": 0.0,
      "criticalfl_sparse_round": false
    },
    {
      "accuracy": 0.4033,
      "f1": 0.32862277508549875,
      "precision": 0.6447060716436895,
      "recall": 0.4067325326803057,
      "loss": 1.612745652770996,
      "round": 5,
      "evaluated": false,
      "selected_clients": [
        8,
        0
      ],
      "selected_count": 2,
      "selection_seconds": 0.00045445800060406327,
      "selection_overhead_seconds": 0.00045445800060406327,
      "round_time": 1139.8422691381318,
      "cum_time": 6838.640042353191,
      "round_modelled_energy_wh": 3.3580448839112975,
      "cum_modelled_energy_wh": 20.147512075066153,
      "round_modelled_carbon_g": 1.5950713198578663,
      "cum_modelled_carbon_g": 9.570068235656423,
      "training_tflops": 0.004967409,