{
  "run_label": "feature_ablation_fashion_main_research.maml_select.no_frequency_s42",
  "round": 199,
  "rounds": 200,
  "latest_metrics": {
    "accuracy": 0.9062,
    "f1": 0.9063337977076017,
    "precision": 0.9083418434939807,
    "recall": 0.9062000000000001,
    "loss": 0.3617550429165363,
    "round": 199,
    "evaluated": true,
    "selected_clients": [
      61,
      63,
      29,
      89,
      21,
      85,
      47,
      5,
      9,
      92
    ],
    "selected_count": 10,
    "selection_seconds": 0.009013208007672802,
    "selection_overhead_seconds": 0.009013208007672802,
    "round_time": 4186.6947619233015,
    "cum_time": 540843.3124885212,
    "round_modelled_energy_wh": 23.558069933334146,
    "cum_modelled_energy_wh": 4375.182365464627,
    "round_modelled_carbon_g": 11.19008321833372,
    "cum_modelled_carbon_g": 2078.211623595698,
    "training_tflops": 0.5915221632,
    "cum_training_tflops": 111.33979612416,
    "round_comm_mb": 28.159942626953125,
    "cum_comm_mb": 5631.988525390625,
    "fairness_variance": 316.32,
    "fairness_gini": 0.40995,
    "fairness_jain": 0.5584096493187403,
    "utilization_entropy": 0.9363960133988565,
    "participation_coverage_ratio": 1.0,
    "tier_0_selection_rate": 0.0665,
    "tier_1_selection_rate": 0.441,
    "tier_2_selection_rate": 0.4925,
    "label_coverage_ratio": 1.0,
    "mean_local_loss_reduction": 0.1443693331148097,
    "accuracy_delta": 0.00660000000000005,
    "criticalfl_sparse_round": false
  }
}