{
  "run_label": "lambda_sensitivity_fashion_main_research.maml_select.lambda_5p0_s2026",
  "round": 199,
  "rounds": 200,
  "latest_metrics": {
    "accuracy": 0.8977,
    "f1": 0.8961772284349248,
    "precision": 0.8983311555693929,
    "recall": 0.8977,
    "loss": 0.38284600133895874,
    "round": 199,
    "evaluated": true,
    "selected_clients": [
      60,
      1,
      59,
      0,
      33,
      51,
      19,
      99,
      15,
      37
    ],
    "selected_count": 10,
    "selection_seconds": 0.009714290994452313,
    "selection_overhead_seconds": 0.009714290994452313,
    "round_time": 2322.7724555474742,
    "cum_time": 367576.4857283138,
    "round_modelled_energy_wh": 25.19619598948672,
    "cum_modelled_energy_wh": 4180.755235587622,
    "round_modelled_carbon_g": 11.968193095006193,
    "cum_modelled_carbon_g": 1985.8587369041209,
    "training_tflops": 0.66768281856,
    "cum_training_tflops": 109.48396064256,
    "round_comm_mb": 28.159942626953125,
    "cum_comm_mb": 5631.988525390625,
    "fairness_variance": 447.6,
    "fairness_gini": 0.54224,
    "fairness_jain": 0.4719207173194903,
    "utilization_entropy": 0.8890065957784468,
    "participation_coverage_ratio": 1.0,
    "tier_0_selection_rate": 0.0365,
    "tier_1_selection_rate": 0.3615,
    "tier_2_selection_rate": 0.602,
    "label_coverage_ratio": 1.0,
    "mean_local_loss_reduction": 0.10389716375793796,
    "accuracy_delta": 0.015100000000000002,
    "criticalfl_sparse_round": false
  }
}