{
  "run_label": "cifar100_benchmarks_cifar100_main_fedgcs_s123",
  "round": 199,
  "rounds": 200,
  "latest_metrics": {
    "accuracy": 0.6081,
    "f1": 0.6030762883588363,
    "precision": 0.6207601063562893,
    "recall": 0.6081000000000001,
    "loss": 1.6129911794662475,
    "round": 199,
    "evaluated": true,
    "selected_clients": [
      34,
      43,
      25,
      59,
      9,
      1,
      54,
      66,
      61,
      97
    ],
    "selected_count": 10,
    "selection_seconds": 0.025439500008360483,
    "selection_overhead_seconds": 0.025439500008360483,
    "round_time": 2795.565401147184,
    "cum_time": 513698.33837237325,
    "round_modelled_energy_wh": 26.564027259183266,
    "cum_modelled_energy_wh": 4671.652699342505,
    "round_modelled_carbon_g": 12.617912948112052,
    "cum_modelled_carbon_g": 2219.03503218769,
    "training_tflops": 43.83696112128,
    "cum_training_tflops": 8136.15002694144,
    "round_comm_mb": 856.0281372070312,
    "cum_comm_mb": 171205.62744140625,
    "fairness_variance": 67.72,
    "fairness_gini": 0.22813,
    "fairness_jain": 0.8552125203112974,
    "utilization_entropy": 0.979891630975291,
    "participation_coverage_ratio": 1.0,
    "tier_0_selection_rate": 0.208,
    "tier_1_selection_rate": 0.479,
    "tier_2_selection_rate": 0.313,
    "label_coverage_ratio": 1.0,
    "mean_local_loss_reduction": 0.8040504696313292,
    "accuracy_delta": 0.005900000000000016,
    "criticalfl_sparse_round": false
  }
}