{
  "metrics": [
    {
      "accuracy": 0.1041,
      "f1": 0.025060449392979356,
      "precision": 0.03294641452782796,
      "recall": 0.10328255526460788,
      "loss": 2.3103507289886474,
      "round": -1,
      "evaluated": true,
      "cum_time": 0.0,
      "cum_modelled_energy_wh": 0.0,
      "cum_modelled_carbon_g": 0.0,
      "cum_training_tflops": 0.0,
      "cum_comm_mb": 0.0
    },
    {
      "accuracy": 0.6412,
      "f1": 0.6109853512257831,
      "precision": 0.6720433785001707,
      "recall": 0.6315988465250315,
      "loss": 1.521935573196411,
      "round": 0,
      "evaluated": true,
      "selected_clients": [
        1,
        0,
        2,
        8,
        4,
        3,
        12,
        5
      ],
      "selected_count": 8,
      "selection_seconds": 0.00034699999378062785,
      "selection_overhead_seconds": 0.00034699999378062785,
      "round_time": 1708.72956414061,
      "cum_time": 1708.72956414061,
      "round_modelled_energy_wh": 6.294731910261399,
      "cum_modelled_energy_wh": 6.294731910261399,
      "round_modelled_carbon_g": 2.9899976573741642,
      "cum_modelled_carbon_g": 2.9899976573741642,
      "training_tflops": 0.00902379,
      "cum_training_tflops": 0.00902379,
      "round_comm_mb": 1.3330078125,
      "cum_comm_mb": 1.3330078125,
      "fairness_variance": 0.09000000000000001,
      "fairness_gini": 0.9,
      "fairness_jain": 0.1,
      "utilization_entropy": 0.4745387728193468,
      "participation_coverage_ratio": 0.1,
      "tier_0_selection_rate": 0.375,
      "tier_1_selection_rate": 0.375,
      "tier_2_selection_rate": 0.25,
      "label_coverage_ratio": 1.0,
      "mean_local_loss_reduction": 0.9267775639891624,
      "accuracy_delta": 0.5371,
      "criticalfl_sparse_round": false
    },
    {
      "accuracy": 0.6412,
      "f1": 0.6109853512257831,
      "precision": 0.6720433785001707,
      "recall": 0.6315988465250315,
      "loss": 1.521935573196411,
      "round": 1,
      "evaluated": false,
      "selected_clients": [
        2,
        1,
        0,
        3,
        8,
        4,
        6,
        12
      ],
      "selected_count": 8,
      "selection_seconds": 0.00023249999503605068,
      "selection_overhead_seconds": 0.00023249999503605068,
      "round_time": 1708.8043542998164,
      "cum_time": 3417.5339184404265,
      "round_modelled_energy_wh": 5.783222743613277,
      "cum_modelled_energy_wh": 12.077954653874677,
      "round_modelled_carbon_g": 2.7470308032163064,
      "cum_modelled_carbon_g": 5.737028460590471,
      "training_tflops": 0.008421243,
      "cum_training_tflops": 0.017445033,
      "round_comm_mb": 1.3330078125,
      "cum_comm_mb": 2.666015625,
      "fairness_variance": 0.3350000000000001,
      "fairness_gini": 0.8984375,
      "fairness_jain": 0.10666666666666667,
      "utilization_entropy": 0.49431122168681957,
      "participation_coverage_ratio": 0.1125,
      "tier_0_selection_rate": 0.375,
      "tier_1_selection_rate": 0.3125,
      "tier_2_selection_rate": 0.3125,
      "label_coverage_ratio": 1.0,
      "mean_local_loss_reduction": 0.916925773024559,
      "accuracy_delta": 0.0,
      "criticalfl_sparse_round": false
    },
    {
      "accuracy": 0.6412,
      "f1": 0.6109853512257831,
      "precision": 0.6720433785001707,
      "recall": 0.6315988465250315,
      "loss": 1.521935573196411,
      "round": 2,
      "evaluated": false,
      "selected_clients": [
        0,
        2,
        1,
        4,
        3,
        8,
        5,
        6
      ],
      "selected_count": 8,
      "selection_seconds": 0.0003519000019878149,
      "selection_overhead_seconds": 0.0003519000019878149,
      "round_time": 1708.8605543826548,
      "cum_time": 5126.394472823082,
      "round_modelled_energy_wh": 6.6706589014374185,
      "cum_modelled_energy_wh": 18.748613555312097,
      "round_modelled_carbon_g": 3.1685629781827735,
      "cum_modelled_carbon_g": 8.905591438773245,
      "training_tflops": 0.009782019,
      "cum_training_tflops": 0.027227052,
      "round_comm_mb": 1.3330078125,
      "cum_comm_mb": 3.9990234375,
      "fairness_variance": 0.7349999999999999,
      "fairness_gini": 0.896875,
      "fairness_jain": 0.10909090909090909,
      "utilization_entropy": 0.497671055089143,
      "participation_coverage_ratio": 0.1125,
      "tier_0_selection_rate": 0.3333333333333333,
      "tier_1_selection_rate": 0.3333333333333333,
      "tier_2_selection_rate": 0.3333333333333333,
      "label_coverage_ratio": 1.0,
      "mean_local_loss_reduction": 0.31054521910846233,
      "accuracy_delta": 0.0,
      "criticalfl_sparse_round": false
    },
    {
      "accuracy": 0.6412,
      "f1": 0.6109853512257831,
      "precision": 0.6720433785001707,
      "recall": 0.6315988465250315,
      "loss": 1.521935573196411,
      "round": 3,
      "evaluated": false,
      "selected_clients": [
        1,
        0,
        2,
        8,
        4,
        3,
        12,
        5
      ],
      "selected_count": 8,
      "selection_seconds": 0.0002918999962275848,
      "selection_overhead_seconds": 0.0002918999962275848,
      "round_time": 1708.8263765333538,
      "cum_time": 6835.220849356436,
      "round_modelled_energy_wh": 6.294037832217579,
      "cum_modelled_energy_wh": 25.042651387529677,
      "round_modelled_carbon_g": 2.98966797030335,
      "cum_modelled_carbon_g": 11.895259409076598,
      "training_tflops": 0.00902379,
      "cum_training_tflops": 0.036250842,
      "round_comm_mb": 1.3330078125,
      "cum_comm_mb": 5.33203125,
      "fairness_variance": 1.3150000000000002,
      "fairness_gini": 0.89765625,
      "fairness_jain": 0.10847457627118644,
      "utilization_entropy": 0.49673445885194534,
      "participation_coverage_ratio": 0.1125,
      "tier_0_selection_rate": 0.34375,
      "tier_1_selection_rate": 0.34375,
      "tier_2_selection_rate": 0.3125,
      "label_coverage_ratio": 1.0,
      "mean_local_loss_reduction": 0.14447463862597942,
      "accuracy_delta": 0.0,
      "criticalfl_sparse_round": false
    },
    {
      "accuracy": 0.6412,
      "f1": 0.6109853512257831,
      "precision": 0.6720433785001707,
      "recall": 0.6315988465250315,
      "loss": 1.521935573196411,
      "round": 4,
      "evaluated": false,
      "selected_clients": [
        2,
        1,
        0,
        3,
        8,
        4,
        6,
        12
      ],
      "selected_count": 8,
      "selection_seconds": 0.00023299999884329736,
      "selection_overhead_seconds": 0.00023299999884329736,
      "round_time": 1708.7691667221497,
      "cum_time": 8543.990016078586,
      "round_modelled_energy_wh": 5.782402955704934,
      "cum_modelled_energy_wh": 30.825054343234612,
      "round_modelled_carbon_g": 2.7466414039598437,
      "cum_modelled_carbon_g": 14.641900813036441,
      "training_tflops": 0.008421243,
      "cum_training_tflops": 0.044672085,
      "round_comm_mb": 1.3330078125,
      "cum_comm_mb": 6.6650390625,
      "fairness_variance": 2.05,
      "fairness_gini": 0.8975,
      "fairness_jain": 0.10869565217391304,
      "utilization_entropy": 0.49711695568876313,
      "participation_coverage_ratio": 0.1125,
      "tier_0_selection_rate": 0.35,
      "tier_1_selection_rate": 0.325,
      "tier_2_selection_rate": 0.325,
      "label_coverage_ratio": 1.0,
      "mean_local_loss_reduction": 0.16063051810488105,
      "accuracy_delta": 0.0,
      "criticalfl_sparse_round": false
    },
    {
      "accuracy": 0.6412,
      "f1": 0.6109853512257831,
      "precision": 0.6720433785001707,
      "recall": 0.6315988465250315,
      "loss": 1.521935573196411,
      "round": 5,
      "evaluated": false,