{
  "run_label": "cifar100_benchmarks_cifar100_main_criticalfl_s42",
  "round": 150,
  "rounds": 151,
  "latest_metrics": {
    "accuracy": 0.4996,
    "f1": 0.4970863970668822,
    "precision": 0.6189455440930296,
    "recall": 0.4996,
    "loss": 2.3399150592803957,
    "round": 150,
    "evaluated": true,
    "selected_clients": [
      24,
      62,
      39,
      2,
      64
    ],
    "selected_count": 5,
    "selection_seconds": 0.00010370799282100052,
    "selection_overhead_seconds": 0.00010370799282100052,
    "round_time": 2070.579463774445,
    "cum_time": 389297.6104675596,
    "round_modelled_energy_wh": 12.531133642536822,
    "cum_modelled_energy_wh": 5589.746184790668,
    "round_modelled_carbon_g": 5.952288480204991,
    "cum_modelled_carbon_g": 2655.129437775567,
    "training_tflops": 21.70088587008,
    "cum_training_tflops": 9746.32563000576,
    "round_comm_mb": 256.8084411621094,
    "cum_comm_mb": 173088.88934326172,
    "fairness_variance": 14.959999999999997,
    "fairness_gini": 0.09426724137931035,
    "fairness_jain": 0.9729573391178598,
    "utilization_entropy": 0.9969613998894149,
    "participation_coverage_ratio": 1.0,
    "tier_0_selection_rate": 0.19741379310344828,
    "tier_1_selection_rate": 0.5012931034482758,
    "tier_2_selection_rate": 0.30129310344827587,
    "label_coverage_ratio": 1.0,
    "mean_local_loss_reduction": 0.7728192396461964,
    "accuracy_delta": -0.09539999999999998,
    "criticalfl_sparse_round": true
  }
}