{
  "run_label": "cifar100_benchmarks_cifar100_main_criticalfl_s42",
  "round": 150,
  "rounds": 200,
  "latest_metrics": {
    "accuracy": 0.5079,
    "f1": 0.4991689500824542,
    "precision": 0.6247758255430022,
    "recall": 0.5079,
    "loss": 2.4277548370361326,
    "round": 150,
    "evaluated": true,
    "selected_clients": [
      24,
      62,
      39,
      2,
      64,
      65,
      32,
      34,
      15,
      13,
      20,
      41,
      90,
      99,
      17,
      8,
      82,
      67,
      9,
      80
    ],
    "selected_count": 20,
    "selection_seconds": 0.00010091599961015163,
    "selection_overhead_seconds": 0.00010091599961015163,
    "round_time": 2511.0468477150985,
    "cum_time": 374708.253599023,
    "round_modelled_energy_wh": 45.253082868535444,
    "cum_modelled_energy_wh": 3963.3295581970942,
    "round_modelled_carbon_g": 21.495214362554336,
    "cum_modelled_carbon_g": 1882.5815401436198,
    "training_tflops": 80.2171195776,
    "cum_training_tflops": 6923.58687574272,
    "round_comm_mb": 1027.2337646484375,
    "cum_comm_mb": 123524.86019897461,
    "fairness_variance": 14.127499999999998,
    "fairness_gini": 0.12803021148036253,
    "fairness_jain": 0.9509512897962018,
    "utilization_entropy": 0.9943638236892944,
    "participation_coverage_ratio": 1.0,
    "tier_0_selection_rate": 0.2012084592145015,
    "tier_1_selection_rate": 0.4809667673716012,
    "tier_2_selection_rate": 0.31782477341389725,
    "label_coverage_ratio": 1.0,
    "mean_local_loss_reduction": 0.6527488771826029,
    "accuracy_delta": -0.08609999999999995,
    "criticalfl_sparse_round": true
  }
}