{
  "metrics": [
    {
      "accuracy": 0.1041,
      "f1": 0.025060449392979356,
      "precision": 0.03294641452782796,
      "recall": 0.10328255526460788,
      "loss": 2.3103507289886474,
      "round": -1,
      "evaluated": true,
      "cum_time": 0.0,
      "cum_modelled_energy_wh": 0.0,
      "cum_modelled_carbon_g": 0.0,
      "cum_training_tflops": 0.0,
      "cum_comm_mb": 0.0
    },
    {
      "accuracy": 0.197,
      "f1": 0.13098215632515306,
      "precision": 0.16819100215386013,
      "recall": 0.2011295677491145,
      "loss": 2.23573288230896,
      "round": 0,
      "evaluated": true,
      "selected_clients": [
        164,
        28,
        45,
        156,
        53,
        72,
        82,
        118,
        74,
        58,
        29,
        51,
        92,
        137,
        111,
        59,
        174,
        163,
        71,
        24
      ],
      "selected_count": 20,
      "selection_seconds": 0.0006439999997382984,
      "selection_overhead_seconds": 0.0006439999997382984,
      "round_time": 368.4318483161974,
      "cum_time": 368.4318483161974,
      "round_modelled_energy_wh": 6.099795621288689,
      "cum_modelled_energy_wh": 6.099795621288689,
      "round_modelled_carbon_g": 2.8974029201121274,
      "cum_modelled_carbon_g": 2.8974029201121274,
      "training_tflops": 0.009361101,
      "cum_training_tflops": 0.009361101,
      "round_comm_mb": 3.33251953125,
      "cum_comm_mb": 3.33251953125,
      "fairness_variance": 0.09,
      "fairness_gini": 0.9,
      "fairness_jain": 0.1,
      "utilization_entropy": 0.5654120103239064,
      "participation_coverage_ratio": 0.1,
      "tier_0_selection_rate": 0.1,
      "tier_1_selection_rate": 0.5,
      "tier_2_selection_rate": 0.4,
      "label_coverage_ratio": 1.0,
      "mean_local_loss_reduction": 0.7115914851427079,
      "accuracy_delta": 0.09290000000000001,
      "criticalfl_sparse_round": false
    },
    {
      "accuracy": 0.197,
      "f1": 0.13098215632515306,
      "precision": 0.16819100215386013,
      "recall": 0.2011295677491145,
      "loss": 2.23573288230896,
      "round": 1,
      "evaluated": false,
      "selected_clients": [
        100,
        154,
        198,
        41,
        72,
        135,
        171,
        147,
        53,
        11
      ],
      "selected_count": 10,
      "selection_seconds": 0.0005534999945666641,
      "selection_overhead_seconds": 0.0005534999945666641,
      "round_time": 427.8536309916892,
      "cum_time": 796.2854793078866,
      "round_modelled_energy_wh": 2.6503758594496274,
      "cum_modelled_energy_wh": 8.750171480738317,
      "round_modelled_carbon_g": 1.258928533238573,
      "cum_modelled_carbon_g": 4.156331453350701,
      "training_tflops": 0.0039194385,
      "cum_training_tflops": 0.0132805395,
      "round_comm_mb": 0.999755859375,
      "cum_comm_mb": 4.332275390625,
      "fairness_variance": 0.14749999999999996,
      "fairness_gini": 0.8686666666666667,
      "fairness_jain": 0.1323529411764706,
      "utilization_entropy": 0.6244959538434054,
      "participation_coverage_ratio": 0.14,
      "tier_0_selection_rate": 0.1,
      "tier_1_selection_rate": 0.5666666666666667,
      "tier_2_selection_rate": 0.3333333333333333,
      "label_coverage_ratio": 1.0,
      "mean_local_loss_reduction": 0.48641529083251955,
      "accuracy_delta": 0.0,
      "criticalfl_sparse_round": true
    },
    {
      "accuracy": 0.197,
      "f1": 0.13098215632515306,
      "precision": 0.16819100215386013,
      "recall": 0.2011295677491145,
      "loss": 2.23573288230896,
      "round": 2,
      "evaluated": false,
      "selected_clients": [
        20,
        108,
        182,
        107,
        104,
        39,
        129,
        176,
        122,
        22,
        151,
        192,
        34,
        6,
        132,
        183,
        185,
        32,
        190,
        165
      ],
      "selected_count": 20,
      "selection_seconds": 0.0005200999876251444,
      "selection_overhead_seconds": 0.0005200999876251444,
      "round_time": 422.7534432983169,
      "cum_time": 1219.0389226062034,
      "round_modelled_energy_wh": 5.390929892372333,
      "cum_modelled_energy_wh": 14.14110137311065,
      "round_modelled_carbon_g": 2.5606916988768584,
      "cum_modelled_carbon_g": 6.71702315222756,
      "training_tflops": 0.0077019345,
      "cum_training_tflops": 0.020982474,
      "round_comm_mb": 3.33251953125,
      "cum_comm_mb": 7.664794921875,
      "fairness_variance": 0.2075,
      "fairness_gini": 0.7692,
      "fairness_jain": 0.23148148148148148,
      "utilization_entropy": 0.7278860370525494,
      "participation_coverage_ratio": 0.24,
      "tier_0_selection_rate": 0.22,
      "tier_1_selection_rate": 0.5,
      "tier_2_selection_rate": 0.28,
      "label_coverage_ratio": 1.0,
      "mean_local_loss_reduction": 0.9864859342575073,
      "accuracy_delta": 0.0,
      "criticalfl_sparse_round": false
    },
    {
      "accuracy": 0.197,
      "f1": 0.13098215632515306,
      "precision": 0.16819100215386013,
      "recall": 0.2011295677491145,
      "loss": 2.23573288230896,
      "round": 3,
      "evaluated": false,
      "selected_clients": [
        61,
        81,
        31,
        8,
        74,
        42,
        198,
        77,
        185,
        113
      ],
      "selected_count": 10,
      "selection_seconds": 0.00031040000612847507,
      "selection_overhead_seconds": 0.00031040000612847507,
      "round_time": 230.10665223749393,
      "cum_time": 1449.1455748436974,
      "round_modelled_energy_wh": 3.2897807205010254,
      "cum_modelled_energy_wh": 17.430882093611675,
      "round_modelled_carbon_g": 1.5626458422379872,
      "cum_modelled_carbon_g": 8.279668994465545,
      "training_tflops": 0.0053609385,
      "cum_training_tflops": 0.0263434125,
      "round_comm_mb": 0.999755859375,
      "cum_comm_mb": 8.66455078125,
      "fairness_variance": 0.26,
      "fairness_gini": 0.7458333333333333,
      "fairness_jain": 0.2571428571428571,
      "utilization_entropy": 0.7509591738029577,
      "participation_coverage_ratio": 0.275,
      "tier_0_selection_rate": 0.18333333333333332,
      "tier_1_selection_rate": 0.48333333333333334,
      "tier_2_selection_rate": 0.3333333333333333,
      "label_coverage_ratio": 1.0,
      "mean_local_loss_reduction": 0.898208487033844,
      "accuracy_delta": 0.0,
      "criticalfl_sparse_round": true
    },
    {
      "accuracy": 0.197,
      "f1": 0.13098215632515306,
      "precision": 0.16819100215386013,
      "recall": 0.2011295677491145,
      "loss": 2.23573288230896,
      "round": 4,
      "evaluated": false,
      "selected_clients": [
        28,
        95,
        105,
        73,
        150,
        4,
        157,
        54,
        14,
        156,
        26,
        165,
        99,
        111,
        180,
        84,
        96,
        176,
        85,
        110
      ],
      "selected_count": 20,
      "selection_seconds": 0.0005350999999791384,
      "selection_overhead_seconds": 0.0005350999999791384,
      "round_time": 403.6225774463766,
      "cum_time": 1852.768152290074,
      "round_modelled_energy_wh": 6.475316484298457,
      "cum_modelled_energy_wh": 23.906198577910132,
      "round_modelled_carbon_g": 3.075775330041767,
      "cum_modelled_carbon_g": 11.355444324507314,
      "training_tflops": 0.009707061,
      "cum_training_tflops": 0.0360504735,
      "round_comm_mb": 3.33251953125,
      "cum_comm_mb": 11.9970703125,
      "fairness_variance": 0.34000000000000014,
      "fairness_gini": 0.6875,
      "fairness_jain": 0.32,
      "utilization_entropy": 0.7943540464575786,