{
  "metrics": [
    {
      "accuracy": 0.1041,
      "f1": 0.025060449392979356,
      "precision": 0.03294641452782796,
      "recall": 0.10328255526460788,
      "loss": 2.310351022338867,
      "round": -1,
      "evaluated": true,
      "cum_time": 0.0,
      "cum_modelled_energy_wh": 0.0,
      "cum_modelled_carbon_g": 0.0,
      "cum_training_tflops": 0.0,
      "cum_comm_mb": 0.0
    },
    {
      "accuracy": 0.5335,
      "f1": 0.4868646779716535,
      "precision": 0.6544459629191677,
      "recall": 0.5360672162275095,
      "loss": 1.3097137699127197,
      "round": 0,
      "evaluated": true,
      "selected_clients": [
        25,
        9,
        21,
        38
      ],
      "selected_count": 4,
      "selection_seconds": 0.00868616599473171,
      "selection_overhead_seconds": 0.00868616599473171,
      "round_time": 1007.853966219666,
      "cum_time": 1007.853966219666,
      "round_modelled_energy_wh": 7.029229542707443,
      "cum_modelled_energy_wh": 7.029229542707443,
      "round_modelled_carbon_g": 3.338884032786036,
      "cum_modelled_carbon_g": 3.338884032786036,
      "training_tflops": 0.0109251285,
      "cum_training_tflops": 0.0109251285,
      "round_comm_mb": 0.66650390625,
      "cum_comm_mb": 0.66650390625,
      "fairness_variance": 0.09000000000000001,
      "fairness_gini": 0.9,
      "fairness_jain": 0.1,
      "utilization_entropy": 0.37580364941821515,
      "participation_coverage_ratio": 0.1,
      "tier_0_selection_rate": 0.0,
      "tier_1_selection_rate": 0.75,
      "tier_2_selection_rate": 0.25,
      "label_coverage_ratio": 1.0,
      "mean_local_loss_reduction": 1.7350973933935165,
      "accuracy_delta": 0.4294,
      "criticalfl_sparse_round": false
    },
    {
      "accuracy": 0.5335,
      "f1": 0.4868646779716535,
      "precision": 0.6544459629191677,
      "recall": 0.5360672162275095,
      "loss": 1.3097137699127197,
      "round": 1,
      "evaluated": false,
      "selected_clients": [
        30,
        11,
        12,
        24
      ],
      "selected_count": 4,
      "selection_seconds": 0.02984229099820368,
      "selection_overhead_seconds": 0.02984229099820368,
      "round_time": 1366.65376154881,
      "cum_time": 2374.507727768476,
      "round_modelled_energy_wh": 6.503912754335155,
      "cum_modelled_energy_wh": 13.533142297042598,
      "round_modelled_carbon_g": 3.0893585583091987,
      "cum_modelled_carbon_g": 6.428242591095234,
      "training_tflops": 0.009338037,
      "cum_training_tflops": 0.0202631655,
      "round_comm_mb": 0.66650390625,
      "cum_comm_mb": 1.3330078125,
      "fairness_variance": 0.16000000000000006,
      "fairness_gini": 0.8,
      "fairness_jain": 0.2,
      "utilization_entropy": 0.5637054741273227,
      "participation_coverage_ratio": 0.2,
      "tier_0_selection_rate": 0.125,
      "tier_1_selection_rate": 0.75,
      "tier_2_selection_rate": 0.125,
      "label_coverage_ratio": 1.0,
      "mean_local_loss_reduction": 1.3682100996375084,
      "accuracy_delta": 0.0,
      "criticalfl_sparse_round": false
    },
    {
      "accuracy": 0.5335,
      "f1": 0.4868646779716535,
      "precision": 0.6544459629191677,
      "recall": 0.5360672162275095,
      "loss": 1.3097137699127197,
      "round": 2,
      "evaluated": false,
      "selected_clients": [
        3,
        19,
        8,
        6
      ],
      "selected_count": 4,
      "selection_seconds": 0.008348875009687617,
      "selection_overhead_seconds": 0.008348875009687617,
      "round_time": 3806.9630549369926,
      "cum_time": 6181.470782705468,
      "round_modelled_energy_wh": 8.00413506483925,
      "cum_modelled_energy_wh": 21.53727736188185,
      "round_modelled_carbon_g": 3.801964155798644,
      "cum_modelled_carbon_g": 10.230206746893877,
      "training_tflops": 0.011168742,
      "cum_training_tflops": 0.0314319075,
      "round_comm_mb": 0.66650390625,
      "cum_comm_mb": 1.99951171875,
      "fairness_variance": 0.20999999999999996,
      "fairness_gini": 0.7,
      "fairness_jain": 0.3,
      "utilization_entropy": 0.6736209953992308,
      "participation_coverage_ratio": 0.3,
      "tier_0_selection_rate": 0.25,
      "tier_1_selection_rate": 0.5833333333333334,
      "tier_2_selection_rate": 0.16666666666666666,
      "label_coverage_ratio": 1.0,
      "mean_local_loss_reduction": 0.619761273264885,
      "accuracy_delta": 0.0,
      "criticalfl_sparse_round": false
    },
    {
      "accuracy": 0.5335,
      "f1": 0.4868646779716535,
      "precision": 0.6544459629191677,
      "recall": 0.5360672162275095,
      "loss": 1.3097137699127197,
      "round": 3,
      "evaluated": false,
      "selected_clients": [
        27,
        16,
        5,
        35
      ],
      "selected_count": 4,
      "selection_seconds": 0.008342540997546166,
      "selection_overhead_seconds": 0.008342540997546166,
      "round_time": 1505.3678846838507,
      "cum_time": 7686.838667389318,
      "round_modelled_energy_wh": 6.882729142288047,
      "cum_modelled_energy_wh": 28.420006504169898,
      "round_modelled_carbon_g": 3.2692963425868227,
      "cum_modelled_carbon_g": 13.4995030894807,
      "training_tflops": 0.0098670675,
      "cum_training_tflops": 0.041298975,
      "round_comm_mb": 0.66650390625,
      "cum_comm_mb": 2.666015625,
      "fairness_variance": 0.24000000000000005,
      "fairness_gini": 0.6,
      "fairness_jain": 0.4,
      "utilization_entropy": 0.7516072988364303,
      "participation_coverage_ratio": 0.4,
      "tier_0_selection_rate": 0.25,
      "tier_1_selection_rate": 0.625,
      "tier_2_selection_rate": 0.125,
      "label_coverage_ratio": 1.0,
      "mean_local_loss_reduction": 0.0026459740474820137,
      "accuracy_delta": 0.0,
      "criticalfl_sparse_round": false
    },
    {
      "accuracy": 0.5335,
      "f1": 0.4868646779716535,
      "precision": 0.6544459629191677,
      "recall": 0.5360672162275095,
      "loss": 1.3097137699127197,
      "round": 4,
      "evaluated": false,
      "selected_clients": [
        10,
        33,
        29,
        39
      ],
      "selected_count": 4,
      "selection_seconds": 0.008692208997672424,
      "selection_overhead_seconds": 0.008692208997672424,
      "round_time": 963.3489095620847,
      "cum_time": 8650.187576951403,
      "round_modelled_energy_wh": 5.069156097547545,
      "cum_modelled_energy_wh": 33.48916260171744,
      "round_modelled_carbon_g": 2.4078491463350837,
      "cum_modelled_carbon_g": 15.907352235815782,
      "training_tflops": 0.0080219475,
      "cum_training_tflops": 0.0493209225,
      "round_comm_mb": 0.66650390625,
      "cum_comm_mb": 3.33251953125,
      "fairness_variance": 0.25,
      "fairness_gini": 0.5,
      "fairness_jain": 0.5,
      "utilization_entropy": 0.8120981752908923,
      "participation_coverage_ratio": 0.5,
      "tier_0_selection_rate": 0.2,
      "tier_1_selection_rate": 0.6,
      "tier_2_selection_rate": 0.2,
      "label_coverage_ratio": 1.0,
      "mean_local_loss_reduction": 0.2165542831808125,
      "accuracy_delta": 0.0,
      "criticalfl_sparse_round": false
    },
    {
      "accuracy": 0.5335,
      "f1": 0.4868646779716535,
      "precision": 0.6544459629191677,
      "recall": 0.5360672162275095,
      "loss": 1.3097137699127197,
      "round": 5,
      "evaluated": false,
      "selected_clients": [
        1,
        0,
        32,
        20
      ],
      "selected_count": 4,
      "selection_seconds": 0.008763833000557497,
      "selection_overhead_seconds": 0.008763833000557497,
      "round_time": 1306.393508966956,
      "cum_time": 9956.581085918358,
      "round_modelled_energy_wh": 3.5504357649224736,
      "cum_modelled_energy_wh": 37.039598366639915,
      "round_modelled_carbon_g": 1.686456988338175,
      "cum_modelled_carbon_g": 17.593809224153958,
      "training_tflops": 0.005223996,
      "cum_training_tflops": 0.0545449185,
      "round_comm_mb": 0.66650390625,