{
  "metrics": [
    {
      "accuracy": 0.1041,
      "f1": 0.025060449392979356,
      "precision": 0.03294641452782796,
      "recall": 0.10328255526460788,
      "loss": 2.310351022338867,
      "round": -1,
      "evaluated": true,
      "cum_time": 0.0,
      "cum_modelled_energy_wh": 0.0,
      "cum_modelled_carbon_g": 0.0,
      "cum_training_tflops": 0.0,
      "cum_comm_mb": 0.0
    },
    {
      "accuracy": 0.3069,
      "f1": 0.23078712762073422,
      "precision": 0.2614769822137194,
      "recall": 0.30557454930623823,
      "loss": 2.1012922500610354,
      "round": 0,
      "evaluated": true,
      "selected_clients": [
        12,
        0,
        32,
        34
      ],
      "selected_count": 4,
      "selection_seconds": 0.01726862500072457,
      "selection_overhead_seconds": 0.01726862500072457,
      "round_time": 1366.608354906931,
      "cum_time": 1366.608354906931,
      "round_modelled_energy_wh": 4.559981223571271,
      "cum_modelled_energy_wh": 4.559981223571271,
      "round_modelled_carbon_g": 2.1659910811963536,
      "cum_modelled_carbon_g": 2.1659910811963536,
      "training_tflops": 0.0064968405,
      "cum_training_tflops": 0.0064968405,
      "round_comm_mb": 0.66650390625,
      "cum_comm_mb": 0.66650390625,
      "fairness_variance": 0.09000000000000001,
      "fairness_gini": 0.9,
      "fairness_jain": 0.1,
      "utilization_entropy": 0.37580364941821515,
      "participation_coverage_ratio": 0.1,
      "tier_0_selection_rate": 0.5,
      "tier_1_selection_rate": 0.25,
      "tier_2_selection_rate": 0.25,
      "label_coverage_ratio": 1.0,
      "mean_local_loss_reduction": 1.7659032717347145,
      "accuracy_delta": 0.2028,
      "criticalfl_sparse_round": false
    },
    {
      "accuracy": 0.3069,
      "f1": 0.23078712762073422,
      "precision": 0.2614769822137194,
      "recall": 0.30557454930623823,
      "loss": 2.1012922500610354,
      "round": 1,
      "evaluated": false,
      "selected_clients": [
        32,
        28,
        4,
        37
      ],
      "selected_count": 4,
      "selection_seconds": 0.08027387500624172,
      "selection_overhead_seconds": 0.08027387500624172,
      "round_time": 1306.3620252043636,
      "cum_time": 2672.9703801112946,
      "round_modelled_energy_wh": 3.431257027603072,
      "cum_modelled_energy_wh": 7.991238251174343,
      "round_modelled_carbon_g": 1.629847088111459,
      "cum_modelled_carbon_g": 3.795838169307813,
      "training_tflops": 0.0052629165,
      "cum_training_tflops": 0.011759757,
      "round_comm_mb": 0.66650390625,
      "cum_comm_mb": 1.3330078125,
      "fairness_variance": 0.21000000000000002,
      "fairness_gini": 0.84375,
      "fairness_jain": 0.16,
      "utilization_entropy": 0.5167300179500458,
      "participation_coverage_ratio": 0.175,
      "tier_0_selection_rate": 0.375,
      "tier_1_selection_rate": 0.25,
      "tier_2_selection_rate": 0.375,
      "label_coverage_ratio": 1.0,
      "mean_local_loss_reduction": 1.3540927022695541,
      "accuracy_delta": 0.0,
      "criticalfl_sparse_round": false
    },
    {
      "accuracy": 0.3069,
      "f1": 0.23078712762073422,
      "precision": 0.2614769822137194,
      "recall": 0.30557454930623823,
      "loss": 2.1012922500610354,
      "round": 2,
      "evaluated": false,
      "selected_clients": [
        37,
        1,
        7,
        18
      ],
      "selected_count": 4,
      "selection_seconds": 0.021463834011228755,
      "selection_overhead_seconds": 0.021463834011228755,
      "round_time": 579.7456862566262,
      "cum_time": 3252.7160663679206,
      "round_modelled_energy_wh": 4.288525035526025,
      "cum_modelled_energy_wh": 12.279763286700367,
      "round_modelled_carbon_g": 2.0370493918748616,
      "cum_modelled_carbon_g": 5.832887561182675,
      "training_tflops": 0.007144074,
      "cum_training_tflops": 0.018903831,
      "round_comm_mb": 0.66650390625,
      "cum_comm_mb": 1.99951171875,
      "fairness_variance": 0.30999999999999994,
      "fairness_gini": 0.7833333333333333,
      "fairness_jain": 0.225,
      "utilization_entropy": 0.6109870538295281,
      "participation_coverage_ratio": 0.25,
      "tier_0_selection_rate": 0.25,
      "tier_1_selection_rate": 0.25,
      "tier_2_selection_rate": 0.5,
      "label_coverage_ratio": 1.0,
      "mean_local_loss_reduction": 0.5163776725530624,
      "accuracy_delta": 0.0,
      "criticalfl_sparse_round": false
    },
    {
      "accuracy": 0.3069,
      "f1": 0.23078712762073422,
      "precision": 0.2614769822137194,
      "recall": 0.30557454930623823,
      "loss": 2.1012922500610354,
      "round": 3,
      "evaluated": false,
      "selected_clients": [
        29,
        7,
        11,
        34
      ],
      "selected_count": 4,
      "selection_seconds": 0.020823750004637986,
      "selection_overhead_seconds": 0.020823750004637986,
      "round_time": 963.3342504053103,
      "cum_time": 4216.050316773231,
      "round_modelled_energy_wh": 6.574098186068367,
      "cum_modelled_energy_wh": 18.853861472768735,
      "round_modelled_carbon_g": 3.1226966383824744,
      "cum_modelled_carbon_g": 8.955584199565148,
      "training_tflops": 0.010479705,
      "cum_training_tflops": 0.029383536,
      "round_comm_mb": 0.66650390625,
      "cum_comm_mb": 2.666015625,
      "fairness_variance": 0.44000000000000006,
      "fairness_gini": 0.75,
      "fairness_jain": 0.26666666666666666,
      "utilization_entropy": 0.6576563864818765,
      "participation_coverage_ratio": 0.3,
      "tier_0_selection_rate": 0.1875,
      "tier_1_selection_rate": 0.3125,
      "tier_2_selection_rate": 0.5,
      "label_coverage_ratio": 1.0,
      "mean_local_loss_reduction": -0.2662166655063629,
      "accuracy_delta": 0.0,
      "criticalfl_sparse_round": false
    },
    {
      "accuracy": 0.3069,
      "f1": 0.23078712762073422,
      "precision": 0.2614769822137194,
      "recall": 0.30557454930623823,
      "loss": 2.1012922500610354,
      "round": 4,
      "evaluated": false,
      "selected_clients": [
        22,
        37,
        31,
        29
      ],
      "selected_count": 4,
      "selection_seconds": 0.02034491699305363,
      "selection_overhead_seconds": 0.02034491699305363,
      "round_time": 963.3489095620847,
      "cum_time": 5179.399226335316,
      "round_modelled_energy_wh": 4.650872053359533,
      "cum_modelled_energy_wh": 23.50473352612827,
      "round_modelled_carbon_g": 2.2091642253457784,
      "cum_modelled_carbon_g": 11.164748424910927,
      "training_tflops": 0.00755346,
      "cum_training_tflops": 0.036936996,
      "round_comm_mb": 0.66650390625,
      "cum_comm_mb": 3.33251953125,
      "fairness_variance": 0.6,
      "fairness_gini": 0.7225,
      "fairness_jain": 0.29411764705882354,
      "utilization_entropy": 0.692264843510097,
      "participation_coverage_ratio": 0.35,
      "tier_0_selection_rate": 0.15,
      "tier_1_selection_rate": 0.3,
      "tier_2_selection_rate": 0.55,
      "label_coverage_ratio": 1.0,
      "mean_local_loss_reduction": 0.259417099528946,
      "accuracy_delta": 0.0,
      "criticalfl_sparse_round": false
    },
    {
      "accuracy": 0.3069,
      "f1": 0.23078712762073422,
      "precision": 0.2614769822137194,
      "recall": 0.30557454930623823,
      "loss": 2.1012922500610354,
      "round": 5,
      "evaluated": false,
      "selected_clients": [
        11,
        28,
        5,
        1
      ],
      "selected_count": 4,
      "selection_seconds": 0.022477417020127177,
      "selection_overhead_seconds": 0.022477417020127177,
      "round_time": 1186.4640423179237,
      "cum_time": 6365.863268653239,
      "round_modelled_energy_wh": 4.979805762827106,
      "cum_modelled_energy_wh": 28.484539288955375,
      "round_modelled_carbon_g": 2.3654077373428755,
      "cum_modelled_carbon_g": 13.530156162253803,
      "training_tflops": 0.0076010295,
      "cum_training_tflops": 0.0445380255,