{
  "run_label": "feature_ablation_fashion_main_research.maml_select.no_staleness_s123",
  "round": 199,
  "rounds": 200,
  "latest_metrics": {
    "accuracy": 0.9058,
    "f1": 0.9045960107233932,
    "precision": 0.9062707874575031,
    "recall": 0.9057999999999999,
    "loss": 0.3659921309530735,
    "round": 199,
    "evaluated": true,
    "selected_clients": [
      26,
      9,
      12,
      83,
      67,
      86,
      30,
      64,
      98,
      35
    ],
    "selected_count": 10,
    "selection_seconds": 0.009419917012564838,
    "selection_overhead_seconds": 0.009419917012564838,
    "round_time": 1996.3421798039606,
    "cum_time": 578064.3570701785,
    "round_modelled_energy_wh": 22.93657773389449,
    "cum_modelled_energy_wh": 4836.351081553855,
    "round_modelled_carbon_g": 10.894874423599882,
    "cum_modelled_carbon_g": 2297.266763738081,
    "training_tflops": 0.59140606464,
    "cum_training_tflops": 121.85960274432,
    "round_comm_mb": 28.159942626953125,
    "cum_comm_mb": 5631.988525390625,
    "fairness_variance": 86.48,
    "fairness_gini": 0.2517,
    "fairness_jain": 0.82223318533136,
    "utilization_entropy": 0.9729784780287912,
    "participation_coverage_ratio": 1.0,
    "tier_0_selection_rate": 0.1115,
    "tier_1_selection_rate": 0.4645,
    "tier_2_selection_rate": 0.424,
    "label_coverage_ratio": 1.0,
    "mean_local_loss_reduction": 0.15917112861288843,
    "accuracy_delta": 0.0049000000000000155,
    "criticalfl_sparse_round": false
  }
}