{
  "run_label": "feature_ablation_fashion_main_research.maml_select.no_latency_s2026",
  "round": 199,
  "rounds": 200,
  "latest_metrics": {
    "accuracy": 0.8998,
    "f1": 0.9005119757858869,
    "precision": 0.9046333676225433,
    "recall": 0.8997999999999999,
    "loss": 0.35977633051872254,
    "round": 199,
    "evaluated": true,
    "selected_clients": [
      5,
      91,
      1,
      30,
      75,
      38,
      3,
      90,
      95,
      70
    ],
    "selected_count": 10,
    "selection_seconds": 0.009849624999333173,
    "selection_overhead_seconds": 0.009849624999333173,
    "round_time": 2111.290885491733,
    "cum_time": 489031.4607935033,
    "round_modelled_energy_wh": 25.54536244068766,
    "cum_modelled_energy_wh": 4817.028717860391,
    "round_modelled_carbon_g": 12.13404715932664,
    "cum_modelled_carbon_g": 2288.0886409836858,
    "training_tflops": 0.63575571456,
    "cum_training_tflops": 122.0729918976,
    "round_comm_mb": 28.159942626953125,
    "cum_comm_mb": 5631.988525390625,
    "fairness_variance": 158.66,
    "fairness_gini": 0.3376,
    "fairness_jain": 0.7159989976014034,
    "utilization_entropy": 0.9604618768921721,
    "participation_coverage_ratio": 1.0,
    "tier_0_selection_rate": 0.0905,
    "tier_1_selection_rate": 0.445,
    "tier_2_selection_rate": 0.4645,
    "label_coverage_ratio": 1.0,
    "mean_local_loss_reduction": 0.1827593167719897,
    "accuracy_delta": 0.006099999999999994,
    "criticalfl_sparse_round": false
  }
}