{
  "run_label": "inner_step_ablation_cifar10_review_100_research.maml_select.inner_steps_2_s123",
  "round": 99,
  "rounds": 100,
  "latest_metrics": {
    "accuracy": 0.6448,
    "f1": 0.6356202822656292,
    "precision": 0.6705075719483883,
    "recall": 0.6447999999999999,
    "loss": 1.0585504880905152,
    "round": 99,
    "evaluated": true,
    "selected_clients": [
      45,
      26,
      23,
      20,
      4,
      86,
      58,
      21,
      22,
      74
    ],
    "selected_count": 10,
    "selection_seconds": 0.01912766700843349,
    "selection_overhead_seconds": 0.01912766700843349,
    "round_time": 3186.363314269224,
    "cum_time": 225693.75634395817,
    "round_modelled_energy_wh": 16.202870700629457,
    "cum_modelled_energy_wh": 1867.7557529648348,
    "round_modelled_carbon_g": 7.696363582798993,
    "cum_modelled_carbon_g": 887.1839826582965,
    "training_tflops": 29.79334158336,
    "cum_training_tflops": 3372.0380608896,
    "round_comm_mb": 851.7732238769531,
    "cum_comm_mb": 85177.32238769531,
    "fairness_variance": 53.42,
    "fairness_gini": 0.36898,
    "fairness_jain": 0.6518055012384305,
    "utilization_entropy": 0.9511772960982071,
    "participation_coverage_ratio": 1.0,
    "tier_0_selection_rate": 0.089,
    "tier_1_selection_rate": 0.425,
    "tier_2_selection_rate": 0.486,
    "label_coverage_ratio": 1.0,
    "mean_local_loss_reduction": 0.504809507727623,
    "accuracy_delta": 0.011199999999999988,
    "criticalfl_sparse_round": false
  }
}