{
  "metrics": [
    {
      "accuracy": 0.1041,
      "f1": 0.025060449392979356,
      "precision": 0.03294641452782796,
      "recall": 0.10328255526460788,
      "loss": 2.310351022338867,
      "round": -1,
      "evaluated": true,
      "cum_time": 0.0,
      "cum_modelled_energy_wh": 0.0,
      "cum_modelled_carbon_g": 0.0,
      "cum_training_tflops": 0.0,
      "cum_comm_mb": 0.0
    },
    {
      "accuracy": 0.5143,
      "f1": 0.3948315608392755,
      "precision": 0.46120049390568907,
      "recall": 0.49925964363067654,
      "loss": 1.6373792303085326,
      "round": 0,
      "evaluated": true,
      "selected_clients": [
        48,
        42,
        2,
        23,
        8,
        12,
        79,
        13
      ],
      "selected_count": 8,
      "selection_seconds": 7.499998901039362e-05,
      "selection_overhead_seconds": 7.499998901039362e-05,
      "round_time": 1708.72956414061,
      "cum_time": 1708.72956414061,
      "round_modelled_energy_wh": 6.187231668083232,
      "cum_modelled_energy_wh": 6.187231668083232,
      "round_modelled_carbon_g": 2.938935042339535,
      "cum_modelled_carbon_g": 2.938935042339535,
      "training_tflops": 0.009199653,
      "cum_training_tflops": 0.009199653,
      "round_comm_mb": 1.3330078125,
      "cum_comm_mb": 1.3330078125,
      "fairness_variance": 0.09000000000000001,
      "fairness_gini": 0.9,
      "fairness_jain": 0.1,
      "utilization_entropy": 0.4745387728193468,
      "participation_coverage_ratio": 0.1,
      "tier_0_selection_rate": 0.25,
      "tier_1_selection_rate": 0.375,
      "tier_2_selection_rate": 0.375,
      "label_coverage_ratio": 1.0,
      "mean_local_loss_reduction": 1.2683793604373932,
      "accuracy_delta": 0.4102,
      "criticalfl_sparse_round": false
    },
    {
      "accuracy": 0.5143,
      "f1": 0.3948315608392755,
      "precision": 0.46120049390568907,
      "recall": 0.49925964363067654,
      "loss": 1.6373792303085326,
      "round": 1,
      "evaluated": false,
      "selected_clients": [
        63,
        1,
        47,
        73,
        59,
        75,
        48,
        30
      ],
      "selected_count": 8,
      "selection_seconds": 0.00011583400191739202,
      "selection_overhead_seconds": 0.00011583400191739202,
      "round_time": 1138.295808107964,
      "cum_time": 2847.025372248574,
      "round_modelled_energy_wh": 6.712003079678816,
      "cum_modelled_energy_wh": 12.899234747762048,
      "round_modelled_carbon_g": 3.1882014628474376,
      "cum_modelled_carbon_g": 6.127136505186972,
      "training_tflops": 0.009770487,
      "cum_training_tflops": 0.01897014,
      "round_comm_mb": 1.3330078125,
      "cum_comm_mb": 2.666015625,
      "fairness_variance": 0.18500000000000005,
      "fairness_gini": 0.8234375,
      "fairness_jain": 0.17777777777777778,
      "utilization_entropy": 0.6129459148916564,
      "participation_coverage_ratio": 0.1875,
      "tier_0_selection_rate": 0.3125,
      "tier_1_selection_rate": 0.375,
      "tier_2_selection_rate": 0.3125,
      "label_coverage_ratio": 1.0,
      "mean_local_loss_reduction": 1.149171072524041,
      "accuracy_delta": 0.0,
      "criticalfl_sparse_round": false
    },
    {
      "accuracy": 0.5143,
      "f1": 0.3948315608392755,
      "precision": 0.46120049390568907,
      "recall": 0.49925964363067654,
      "loss": 1.6373792303085326,
      "round": 2,
      "evaluated": false,
      "selected_clients": [
        48,
        60,
        79,
        31,
        15,
        52,
        38,
        70
      ],
      "selected_count": 8,
      "selection_seconds": 0.00010804197518154979,
      "selection_overhead_seconds": 0.00010804197518154979,
      "round_time": 565.3380050806088,
      "cum_time": 3412.363377329183,
      "round_modelled_energy_wh": 6.305407746020118,
      "cum_modelled_energy_wh": 19.204642493782167,
      "round_modelled_carbon_g": 2.995068679359556,
      "cum_modelled_carbon_g": 9.122205184546528,
      "training_tflops": 0.010113564,
      "cum_training_tflops": 0.029083704,
      "round_comm_mb": 1.3330078125,
      "cum_comm_mb": 3.9990234375,
      "fairness_variance": 0.30999999999999994,
      "fairness_gini": 0.7677083333333333,
      "fairness_jain": 0.225,
      "utilization_entropy": 0.6807272702576278,
      "participation_coverage_ratio": 0.2625,
      "tier_0_selection_rate": 0.20833333333333334,
      "tier_1_selection_rate": 0.375,
      "tier_2_selection_rate": 0.4166666666666667,
      "label_coverage_ratio": 1.0,
      "mean_local_loss_reduction": 0.5850563393905759,
      "accuracy_delta": 0.0,
      "criticalfl_sparse_round": false
    },
    {
      "accuracy": 0.5143,
      "f1": 0.3948315608392755,
      "precision": 0.46120049390568907,
      "recall": 0.49925964363067654,
      "loss": 1.6373792303085326,
      "round": 3,
      "evaluated": false,
      "selected_clients": [
        31,
        52,
        25,
        79,
        42,
        40,
        58,
        28
      ],
      "selected_count": 8,
      "selection_seconds": 9.016698459163308e-05,
      "selection_overhead_seconds": 9.016698459163308e-05,
      "round_time": 553.9185012210385,
      "cum_time": 3966.2818785502213,
      "round_modelled_energy_wh": 5.041601826924819,
      "cum_modelled_energy_wh": 24.246244320706985,
      "round_modelled_carbon_g": 2.394760867789289,
      "cum_modelled_carbon_g": 11.516966052335817,
      "training_tflops": 0.0078143715,
      "cum_training_tflops": 0.0368980755,
      "round_comm_mb": 1.3330078125,
      "cum_comm_mb": 5.33203125,
      "fairness_variance": 0.46500000000000014,
      "fairness_gini": 0.74453125,
      "fairness_jain": 0.256,
      "utilization_entropy": 0.714231396394146,
      "participation_coverage_ratio": 0.3125,
      "tier_0_selection_rate": 0.1875,
      "tier_1_selection_rate": 0.40625,
      "tier_2_selection_rate": 0.40625,
      "label_coverage_ratio": 1.0,
      "mean_local_loss_reduction": 0.0893643211456947,
      "accuracy_delta": 0.0,
      "criticalfl_sparse_round": false
    },
    {
      "accuracy": 0.5143,
      "f1": 0.3948315608392755,
      "precision": 0.46120049390568907,
      "recall": 0.49925964363067654,
      "loss": 1.6373792303085326,
      "round": 4,
      "evaluated": false,
      "selected_clients": [
        12,
        22,
        10,
        67,
        74,
        39,
        34,
        72
      ],
      "selected_count": 8,
      "selection_seconds": 9.399998816661537e-05,
      "selection_overhead_seconds": 9.399998816661537e-05,
      "round_time": 1043.1525591837612,
      "cum_time": 5009.434437733982,
      "round_modelled_energy_wh": 5.636188978979155,
      "cum_modelled_energy_wh": 29.88243329968614,
      "round_modelled_carbon_g": 2.6771897650150986,
      "cum_modelled_carbon_g": 14.194155817350916,
      "training_tflops": 0.0083909715,
      "cum_training_tflops": 0.045289047,
      "round_comm_mb": 1.3330078125,
      "cum_comm_mb": 6.6650390625,
      "fairness_variance": 0.5,
      "fairness_gini": 0.6675,
      "fairness_jain": 0.3333333333333333,
      "utilization_entropy": 0.7725781828694164,
      "participation_coverage_ratio": 0.4,
      "tier_0_selection_rate": 0.225,
      "tier_1_selection_rate": 0.4,
      "tier_2_selection_rate": 0.375,
      "label_coverage_ratio": 1.0,
      "mean_local_loss_reduction": -0.013419286347925663,
      "accuracy_delta": 0.0,
      "criticalfl_sparse_round": false
    },
    {
      "accuracy": 0.5143,
      "f1": 0.3948315608392755,
      "precision": 0.46120049390568907,
      "recall": 0.49925964363067654,
      "loss": 1.6373792303085326,
      "round": 5,
      "evaluated": false,
      "selected_clients": [
        46,
        54,
        73,
        3,
        23,
        75,
        45,
        50
      ],
      "selected_count": 8,
      "selection_seconds": 9.212500299327075e-05,
      "selection_overhead_seconds": 9.212500299327075e-05,