{
  "metrics": [
    {
      "accuracy": 0.1041,
      "f1": 0.025060449392979356,
      "precision": 0.03294641452782796,
      "recall": 0.10328255526460788,
      "loss": 2.310351022338867,
      "round": -1,
      "evaluated": true,
      "cum_time": 0.0,
      "cum_modelled_energy_wh": 0.0,
      "cum_modelled_carbon_g": 0.0,
      "cum_training_tflops": 0.0,
      "cum_comm_mb": 0.0
    },
    {
      "accuracy": 0.3495,
      "f1": 0.22190549012192795,
      "precision": 0.27347567454622024,
      "recall": 0.3539866215595632,
      "loss": 1.9490545444488525,
      "round": 0,
      "evaluated": true,
      "selected_clients": [
        12,
        32,
        13,
        9
      ],
      "selected_count": 4,
      "selection_seconds": 7.420900510624051e-05,
      "selection_overhead_seconds": 7.420900510624051e-05,
      "round_time": 1366.608354906931,
      "cum_time": 1366.608354906931,
      "round_modelled_energy_wh": 5.647607040235312,
      "cum_modelled_energy_wh": 5.647607040235312,
      "round_modelled_carbon_g": 2.6826133441117728,
      "cum_modelled_carbon_g": 2.6826133441117728,
      "training_tflops": 0.0078057225,
      "cum_training_tflops": 0.0078057225,
      "round_comm_mb": 0.66650390625,
      "cum_comm_mb": 0.66650390625,
      "fairness_variance": 0.09000000000000001,
      "fairness_gini": 0.9,
      "fairness_jain": 0.1,
      "utilization_entropy": 0.37580364941821515,
      "participation_coverage_ratio": 0.1,
      "tier_0_selection_rate": 0.5,
      "tier_1_selection_rate": 0.5,
      "tier_2_selection_rate": 0.0,
      "label_coverage_ratio": 1.0,
      "mean_local_loss_reduction": 1.626424252986908,
      "accuracy_delta": 0.24539999999999998,
      "criticalfl_sparse_round": false
    },
    {
      "accuracy": 0.3495,
      "f1": 0.22190549012192795,
      "precision": 0.27347567454622024,
      "recall": 0.3539866215595632,
      "loss": 1.9490545444488525,
      "round": 1,
      "evaluated": false,
      "selected_clients": [
        20,
        22,
        4,
        35
      ],
      "selected_count": 4,
      "selection_seconds": 0.00012112499098293483,
      "selection_overhead_seconds": 0.00012112499098293483,
      "round_time": 888.1929612615955,
      "cum_time": 2254.8013161685267,
      "round_modelled_energy_wh": 5.311060562092006,
      "cum_modelled_energy_wh": 10.958667602327317,
      "round_modelled_carbon_g": 2.522753766993703,
      "cum_modelled_carbon_g": 5.205367111105476,
      "training_tflops": 0.0085495365,
      "cum_training_tflops": 0.016355259,
      "round_comm_mb": 0.66650390625,
      "cum_comm_mb": 1.3330078125,
      "fairness_variance": 0.16000000000000003,
      "fairness_gini": 0.8,
      "fairness_jain": 0.2,
      "utilization_entropy": 0.5637054741273227,
      "participation_coverage_ratio": 0.2,
      "tier_0_selection_rate": 0.25,
      "tier_1_selection_rate": 0.5,
      "tier_2_selection_rate": 0.25,
      "label_coverage_ratio": 1.0,
      "mean_local_loss_reduction": 1.9207381296437234,
      "accuracy_delta": 0.0,
      "criticalfl_sparse_round": false
    },
    {
      "accuracy": 0.3495,
      "f1": 0.22190549012192795,
      "precision": 0.27347567454622024,
      "recall": 0.3539866215595632,
      "loss": 1.9490545444488525,
      "round": 2,
      "evaluated": false,
      "selected_clients": [
        37,
        4,
        22,
        16
      ],
      "selected_count": 4,
      "selection_seconds": 8.937501115724444e-05,
      "selection_overhead_seconds": 8.937501115724444e-05,
      "round_time": 1504.766787454653,
      "cum_time": 3759.56810362318,
      "round_modelled_energy_wh": 4.961832290999129,
      "cum_modelled_energy_wh": 15.920499893326447,
      "round_modelled_carbon_g": 2.356870338224586,
      "cum_modelled_carbon_g": 7.5622374493300635,
      "training_tflops": 0.0078316695,
      "cum_training_tflops": 0.0241869285,
      "round_comm_mb": 0.66650390625,
      "cum_comm_mb": 1.99951171875,
      "fairness_variance": 0.30999999999999994,
      "fairness_gini": 0.7833333333333333,
      "fairness_jain": 0.225,
      "utilization_entropy": 0.6109870538295282,
      "participation_coverage_ratio": 0.25,
      "tier_0_selection_rate": 0.25,
      "tier_1_selection_rate": 0.3333333333333333,
      "tier_2_selection_rate": 0.4166666666666667,
      "label_coverage_ratio": 1.0,
      "mean_local_loss_reduction": 0.7139878482557833,
      "accuracy_delta": 0.0,
      "criticalfl_sparse_round": false
    },
    {
      "accuracy": 0.3495,
      "f1": 0.22190549012192795,
      "precision": 0.27347567454622024,
      "recall": 0.3539866215595632,
      "loss": 1.9490545444488525,
      "round": 3,
      "evaluated": false,
      "selected_clients": [
        31,
        12,
        7,
        6
      ],
      "selected_count": 4,
      "selection_seconds": 8.725002408027649e-05,
      "selection_overhead_seconds": 8.725002408027649e-05,
      "round_time": 1366.7790429892511,
      "cum_time": 5126.347146612431,
      "round_modelled_energy_wh": 5.909553222463657,
      "cum_modelled_energy_wh": 21.830053115790104,
      "round_modelled_carbon_g": 2.807037780670237,
      "cum_modelled_carbon_g": 10.3692752300003,
      "training_tflops": 0.0095124585,
      "cum_training_tflops": 0.033699387,
      "round_comm_mb": 0.66650390625,
      "cum_comm_mb": 2.666015625,
      "fairness_variance": 0.39000000000000007,
      "fairness_gini": 0.721875,
      "fairness_jain": 0.2909090909090909,
      "utilization_entropy": 0.6811441145705149,
      "participation_coverage_ratio": 0.325,
      "tier_0_selection_rate": 0.25,
      "tier_1_selection_rate": 0.25,
      "tier_2_selection_rate": 0.5,
      "label_coverage_ratio": 1.0,
      "mean_local_loss_reduction": 0.5373749723657966,
      "accuracy_delta": 0.0,
      "criticalfl_sparse_round": false
    },
    {
      "accuracy": 0.3495,
      "f1": 0.22190549012192795,
      "precision": 0.27347567454622024,
      "recall": 0.3539866215595632,
      "loss": 1.9490545444488525,
      "round": 4,
      "evaluated": false,
      "selected_clients": [
        38,
        3,
        13,
        1
      ],
      "selected_count": 4,
      "selection_seconds": 9.162499918602407e-05,
      "selection_overhead_seconds": 9.162499918602407e-05,
      "round_time": 717.6072575901892,
      "cum_time": 5843.95440420262,
      "round_modelled_energy_wh": 4.489480010209658,
      "cum_modelled_energy_wh": 26.31953312599976,
      "round_modelled_carbon_g": 2.1325030048495877,
      "cum_modelled_carbon_g": 12.501778234849887,
      "training_tflops": 0.006878838,
      "cum_training_tflops": 0.040578225,
      "round_comm_mb": 0.66650390625,
      "cum_comm_mb": 3.33251953125,
      "fairness_variance": 0.45,
      "fairness_gini": 0.66,
      "fairness_jain": 0.35714285714285715,
      "utilization_entropy": 0.7369374454072495,
      "participation_coverage_ratio": 0.4,
      "tier_0_selection_rate": 0.2,
      "tier_1_selection_rate": 0.35,
      "tier_2_selection_rate": 0.45,
      "label_coverage_ratio": 1.0,
      "mean_local_loss_reduction": 0.0963919386267662,
      "accuracy_delta": 0.0,
      "criticalfl_sparse_round": false
    },
    {
      "accuracy": 0.3495,
      "f1": 0.22190549012192795,
      "precision": 0.27347567454622024,
      "recall": 0.3539866215595632,
      "loss": 1.9490545444488525,
      "round": 5,
      "evaluated": false,
      "selected_clients": [
        5,
        27,
        22,
        17
      ],
      "selected_count": 4,
      "selection_seconds": 0.00010029200348071754,
      "selection_overhead_seconds": 0.00010029200348071754,
      "round_time": 1737.2986560398845,
      "cum_time": 7581.253060242505,