{
  "metrics": [
    {
      "accuracy": 0.1041,
      "f1": 0.025060449392979356,
      "precision": 0.03294641452782796,
      "recall": 0.10328255526460788,
      "loss": 2.3103507289886474,
      "round": -1,
      "evaluated": true,
      "cum_time": 0.0,
      "cum_modelled_energy_wh": 0.0,
      "cum_modelled_carbon_g": 0.0,
      "cum_training_tflops": 0.0,
      "cum_comm_mb": 0.0
    },
    {
      "accuracy": 0.1712,
      "f1": 0.11046621217324795,
      "precision": 0.260327071979609,
      "recall": 0.17353520801182462,
      "loss": 2.183930890274048,
      "round": 0,
      "evaluated": true,
      "selected_clients": [
        49,
        71,
        43,
        35,
        72,
        30,
        47,
        76
      ],
      "selected_count": 8,
      "selection_seconds": 0.013702299998840317,
      "selection_overhead_seconds": 0.013702299998840317,
      "round_time": 596.8306120695255,
      "cum_time": 596.8306120695255,
      "round_modelled_energy_wh": 5.360469872316186,
      "cum_modelled_energy_wh": 5.360469872316186,
      "round_modelled_carbon_g": 2.5462231893501883,
      "cum_modelled_carbon_g": 2.5462231893501883,
      "training_tflops": 0.008153124,
      "cum_training_tflops": 0.008153124,
      "round_comm_mb": 1.3330078125,
      "cum_comm_mb": 1.3330078125,
      "fairness_variance": 0.09000000000000001,
      "fairness_gini": 0.9,
      "fairness_jain": 0.1,
      "utilization_entropy": 0.4745387728193468,
      "participation_coverage_ratio": 0.1,
      "tier_0_selection_rate": 0.0,
      "tier_1_selection_rate": 0.75,
      "tier_2_selection_rate": 0.25,
      "label_coverage_ratio": 1.0,
      "mean_local_loss_reduction": 1.0365185216069221,
      "accuracy_delta": 0.06709999999999999,
      "criticalfl_sparse_round": false
    },
    {
      "accuracy": 0.1712,
      "f1": 0.11046621217324795,
      "precision": 0.260327071979609,
      "recall": 0.17353520801182462,
      "loss": 2.183930890274048,
      "round": 1,
      "evaluated": false,
      "selected_clients": [
        49,
        56,
        17,
        12,
        64,
        69,
        40,
        71
      ],
      "selected_count": 8,
      "selection_seconds": 0.04129530000500381,
      "selection_overhead_seconds": 0.04129530000500381,
      "round_time": 588.7705295319944,
      "cum_time": 1185.6011416015199,
      "round_modelled_energy_wh": 3.9329422661198135,
      "cum_modelled_energy_wh": 9.293412138435999,
      "round_modelled_carbon_g": 1.8681475764069115,
      "cum_modelled_carbon_g": 4.414370765757099,
      "training_tflops": 0.0058164525,
      "cum_training_tflops": 0.0139695765,
      "round_comm_mb": 1.3330078125,
      "cum_comm_mb": 2.666015625,
      "fairness_variance": 0.21000000000000005,
      "fairness_gini": 0.84375,
      "fairness_jain": 0.16,
      "utilization_entropy": 0.5931734660241835,
      "participation_coverage_ratio": 0.175,
      "tier_0_selection_rate": 0.1875,
      "tier_1_selection_rate": 0.5625,
      "tier_2_selection_rate": 0.25,
      "label_coverage_ratio": 1.0,
      "mean_local_loss_reduction": 1.1195252016186714,
      "accuracy_delta": 0.0,
      "criticalfl_sparse_round": false
    },
    {
      "accuracy": 0.1712,
      "f1": 0.11046621217324795,
      "precision": 0.260327071979609,
      "recall": 0.17353520801182462,
      "loss": 2.183930890274048,
      "round": 2,
      "evaluated": false,
      "selected_clients": [
        60,
        76,
        30,
        25,
        19,
        17,
        52,
        42
      ],
      "selected_count": 8,
      "selection_seconds": 0.031040100002428517,
      "selection_overhead_seconds": 0.031040100002428517,
      "round_time": 596.7504395105033,
      "cum_time": 1782.3515811120233,
      "round_modelled_energy_wh": 5.7318662123148645,
      "cum_modelled_energy_wh": 15.025278350750863,
      "round_modelled_carbon_g": 2.722636450849561,
      "cum_modelled_carbon_g": 7.13700721660666,
      "training_tflops": 0.008559627,
      "cum_training_tflops": 0.0225292035,
      "round_comm_mb": 1.3330078125,
      "cum_comm_mb": 3.9990234375,
      "fairness_variance": 0.33499999999999996,
      "fairness_gini": 0.7989583333333333,
      "fairness_jain": 0.21176470588235294,
      "utilization_entropy": 0.6593393299467379,
      "participation_coverage_ratio": 0.2375,
      "tier_0_selection_rate": 0.16666666666666666,
      "tier_1_selection_rate": 0.625,
      "tier_2_selection_rate": 0.20833333333333334,
      "label_coverage_ratio": 1.0,
      "mean_local_loss_reduction": 1.2262005861848593,
      "accuracy_delta": 0.0,
      "criticalfl_sparse_round": false
    },
    {
      "accuracy": 0.1712,
      "f1": 0.11046621217324795,
      "precision": 0.260327071979609,
      "recall": 0.17353520801182462,
      "loss": 2.183930890274048,
      "round": 3,
      "evaluated": false,
      "selected_clients": [
        42,
        50,
        49,
        70,
        45,
        40,
        76,
        55
      ],
      "selected_count": 8,
      "selection_seconds": 0.03412299999035895,
      "selection_overhead_seconds": 0.03412299999035895,
      "round_time": 642.3032110570451,
      "cum_time": 2424.6547921690685,
      "round_modelled_energy_wh": 5.081002266905944,
      "cum_modelled_energy_wh": 20.106280617656807,
      "round_modelled_carbon_g": 2.4134760767803236,
      "cum_modelled_carbon_g": 9.550483293386984,
      "training_tflops": 0.0074684115,
      "cum_training_tflops": 0.029997615,
      "round_comm_mb": 1.3330078125,
      "cum_comm_mb": 5.33203125,
      "fairness_variance": 0.515,
      "fairness_gini": 0.77265625,
      "fairness_jain": 0.23703703703703705,
      "utilization_entropy": 0.694458947526673,
      "participation_coverage_ratio": 0.2875,
      "tier_0_selection_rate": 0.15625,
      "tier_1_selection_rate": 0.65625,
      "tier_2_selection_rate": 0.1875,
      "label_coverage_ratio": 1.0,
      "mean_local_loss_reduction": 0.9427734422497451,
      "accuracy_delta": 0.0,
      "criticalfl_sparse_round": false
    },
    {
      "accuracy": 0.1712,
      "f1": 0.11046621217324795,
      "precision": 0.260327071979609,
      "recall": 0.17353520801182462,
      "loss": 2.183930890274048,
      "round": 4,
      "evaluated": false,
      "selected_clients": [
        75,
        79,
        45,
        55,
        69,
        35,
        52,
        16
      ],
      "selected_count": 8,
      "selection_seconds": 0.029403699998511,
      "selection_overhead_seconds": 0.029403699998511,
      "round_time": 588.681350849798,
      "cum_time": 3013.3361430188666,
      "round_modelled_energy_wh": 4.774073465685288,
      "cum_modelled_energy_wh": 24.880354083342095,
      "round_modelled_carbon_g": 2.267684896200512,
      "cum_modelled_carbon_g": 11.818168189587494,
      "training_tflops": 0.0071656965,
      "cum_training_tflops": 0.0371633115,
      "round_comm_mb": 1.3330078125,
      "cum_comm_mb": 6.6650390625,
      "fairness_variance": 0.65,
      "fairness_gini": 0.7425,
      "fairness_jain": 0.2777777777777778,
      "utilization_entropy": 0.7251243055874819,
      "participation_coverage_ratio": 0.325,
      "tier_0_selection_rate": 0.2,
      "tier_1_selection_rate": 0.575,
      "tier_2_selection_rate": 0.225,
      "label_coverage_ratio": 1.0,
      "mean_local_loss_reduction": 0.1615611589513719,
      "accuracy_delta": 0.0,
      "criticalfl_sparse_round": false
    },
    {
      "accuracy": 0.1712,
      "f1": 0.11046621217324795,
      "precision": 0.260327071979609,
      "recall": 0.17353520801182462,
      "loss": 2.183930890274048,
      "round": 5,
      "evaluated": false,