{
  "run_label": "feature_ablation_fashion_main_research.maml_select.no_staleness_s2026",
  "round": 199,
  "rounds": 200,
  "latest_metrics": {
    "accuracy": 0.9023,
    "f1": 0.9002518382709349,
    "precision": 0.9023010883622355,
    "recall": 0.9023000000000001,
    "loss": 0.376823273563385,
    "round": 199,
    "evaluated": true,
    "selected_clients": [
      74,
      60,
      24,
      51,
      5,
      91,
      78,
      82,
      72,
      28
    ],
    "selected_count": 10,
    "selection_seconds": 0.009709125006338581,
    "selection_overhead_seconds": 0.009709125006338581,
    "round_time": 1488.200642726265,
    "cum_time": 498065.3197603969,
    "round_modelled_energy_wh": 26.419823418554934,
    "cum_modelled_energy_wh": 4893.87907612774,
    "round_modelled_carbon_g": 12.549416123813593,
    "cum_modelled_carbon_g": 2324.5925611606763,
    "training_tflops": 0.69612696576,
    "cum_training_tflops": 124.73594456832,
    "round_comm_mb": 28.159942626953125,
    "cum_comm_mb": 5631.988525390625,
    "fairness_variance": 134.72,
    "fairness_gini": 0.31968,
    "fairness_jain": 0.7480550568521843,
    "utilization_entropy": 0.9620235450703682,
    "participation_coverage_ratio": 1.0,
    "tier_0_selection_rate": 0.075,
    "tier_1_selection_rate": 0.4525,
    "tier_2_selection_rate": 0.4725,
    "label_coverage_ratio": 1.0,
    "mean_local_loss_reduction": 0.09682659497775603,
    "accuracy_delta": -0.0011999999999999789,
    "criticalfl_sparse_round": false
  }
}