{
  "metrics": [
    {
      "accuracy": 0.1041,
      "f1": 0.025060449392979356,
      "precision": 0.03294641452782796,
      "recall": 0.10328255526460788,
      "loss": 2.310351022338867,
      "round": -1,
      "evaluated": true,
      "cum_time": 0.0,
      "cum_modelled_energy_wh": 0.0,
      "cum_modelled_carbon_g": 0.0,
      "cum_training_tflops": 0.0,
      "cum_comm_mb": 0.0
    },
    {
      "accuracy": 0.1042,
      "f1": 0.024657370245370794,
      "precision": 0.08187575892584148,
      "recall": 0.10326732673267328,
      "loss": 2.7243891311645507,
      "round": 0,
      "evaluated": true,
      "selected_clients": [
        28,
        37,
        0,
        39
      ],
      "selected_count": 4,
      "selection_seconds": 7.824998465366662e-05,
      "selection_overhead_seconds": 7.824998465366662e-05,
      "round_time": 244.22664525648702,
      "cum_time": 244.22664525648702,
      "round_modelled_energy_wh": 1.7170564398056851,
      "cum_modelled_energy_wh": 1.7170564398056851,
      "round_modelled_carbon_g": 0.8156018089077004,
      "cum_modelled_carbon_g": 0.8156018089077004,
      "training_tflops": 0.002836872,
      "cum_training_tflops": 0.002836872,
      "round_comm_mb": 0.66650390625,
      "cum_comm_mb": 0.66650390625,
      "fairness_variance": 0.09000000000000001,
      "fairness_gini": 0.9,
      "fairness_jain": 0.1,
      "utilization_entropy": 0.37580364941821515,
      "participation_coverage_ratio": 0.1,
      "tier_0_selection_rate": 0.0,
      "tier_1_selection_rate": 0.5,
      "tier_2_selection_rate": 0.5,
      "label_coverage_ratio": 1.0,
      "mean_local_loss_reduction": 0.8425581753253937,
      "accuracy_delta": 0.00010000000000000286,
      "criticalfl_sparse_round": false
    },
    {
      "accuracy": 0.1042,
      "f1": 0.024657370245370794,
      "precision": 0.08187575892584148,
      "recall": 0.10326732673267328,
      "loss": 2.7243891311645507,
      "round": 1,
      "evaluated": false,
      "selected_clients": [
        28,
        37,
        0,
        39
      ],
      "selected_count": 4,
      "selection_seconds": 0.0001584579877089709,
      "selection_overhead_seconds": 0.0001584579877089709,
      "round_time": 244.30819765740077,
      "cum_time": 488.5348429138878,
      "round_modelled_energy_wh": 1.7173132696099,
      "cum_modelled_energy_wh": 3.434369709415585,
      "round_modelled_carbon_g": 0.8157238030647025,
      "cum_modelled_carbon_g": 1.6313256119724031,
      "training_tflops": 0.002836872,
      "cum_training_tflops": 0.005673744,
      "round_comm_mb": 0.66650390625,
      "cum_comm_mb": 1.3330078125,
      "fairness_variance": 0.36000000000000004,
      "fairness_gini": 0.9,
      "fairness_jain": 0.1,
      "utilization_entropy": 0.37580364941821515,
      "participation_coverage_ratio": 0.1,
      "tier_0_selection_rate": 0.0,
      "tier_1_selection_rate": 0.5,
      "tier_2_selection_rate": 0.5,
      "label_coverage_ratio": 1.0,
      "mean_local_loss_reduction": 0.5480180382728577,
      "accuracy_delta": 0.0,
      "criticalfl_sparse_round": false
    },
    {
      "accuracy": 0.1042,
      "f1": 0.024657370245370794,
      "precision": 0.08187575892584148,
      "recall": 0.10326732673267328,
      "loss": 2.7243891311645507,
      "round": 2,
      "evaluated": false,
      "selected_clients": [
        28,
        37,
        0,
        39
      ],
      "selected_count": 4,
      "selection_seconds": 9.012501686811447e-05,
      "selection_overhead_seconds": 9.012501686811447e-05,
      "round_time": 244.43331188018936,
      "cum_time": 732.9681547940772,
      "round_modelled_energy_wh": 1.7176981816730437,
      "cum_modelled_energy_wh": 5.152067891088629,
      "round_modelled_carbon_g": 0.8159066362946957,
      "cum_modelled_carbon_g": 2.4472322482670985,
      "training_tflops": 0.002836872,
      "cum_training_tflops": 0.008510616,
      "round_comm_mb": 0.66650390625,
      "cum_comm_mb": 1.99951171875,
      "fairness_variance": 0.8100000000000002,
      "fairness_gini": 0.9,
      "fairness_jain": 0.1,
      "utilization_entropy": 0.37580364941821515,
      "participation_coverage_ratio": 0.1,
      "tier_0_selection_rate": 0.0,
      "tier_1_selection_rate": 0.5,
      "tier_2_selection_rate": 0.5,
      "label_coverage_ratio": 1.0,
      "mean_local_loss_reduction": 0.6139485538005829,
      "accuracy_delta": 0.0,
      "criticalfl_sparse_round": false
    },
    {
      "accuracy": 0.1042,
      "f1": 0.024657370245370794,
      "precision": 0.08187575892584148,
      "recall": 0.10326732673267328,
      "loss": 2.7243891311645507,
      "round": 3,
      "evaluated": false,
      "selected_clients": [
        28,
        37,
        0,
        39
      ],
      "selected_count": 4,
      "selection_seconds": 8.508298196829855e-05,
      "selection_overhead_seconds": 8.508298196829855e-05,
      "round_time": 244.5474871637886,
      "cum_time": 977.5156419578658,
      "round_modelled_energy_wh": 1.7180434475732844,
      "cum_modelled_energy_wh": 6.870111338661914,
      "round_modelled_carbon_g": 0.8160706375973101,
      "cum_modelled_carbon_g": 3.2633028858644093,
      "training_tflops": 0.002836872,
      "cum_training_tflops": 0.011347488,
      "round_comm_mb": 0.66650390625,
      "cum_comm_mb": 2.666015625,
      "fairness_variance": 1.4400000000000002,
      "fairness_gini": 0.9,
      "fairness_jain": 0.1,
      "utilization_entropy": 0.37580364941821515,
      "participation_coverage_ratio": 0.1,
      "tier_0_selection_rate": 0.0,
      "tier_1_selection_rate": 0.5,
      "tier_2_selection_rate": 0.5,
      "label_coverage_ratio": 1.0,
      "mean_local_loss_reduction": 0.7149244733154774,
      "accuracy_delta": 0.0,
      "criticalfl_sparse_round": false
    },
    {
      "accuracy": 0.1042,
      "f1": 0.024657370245370794,
      "precision": 0.08187575892584148,
      "recall": 0.10326732673267328,
      "loss": 2.7243891311645507,
      "round": 4,
      "evaluated": false,
      "selected_clients": [
        28,
        37,
        39,
        0
      ],
      "selected_count": 4,
      "selection_seconds": 0.00010554198524914682,
      "selection_overhead_seconds": 0.00010554198524914682,
      "round_time": 244.4118793056089,
      "cum_time": 1221.9275212634748,
      "round_modelled_energy_wh": 1.717764993332898,
      "cum_modelled_energy_wh": 8.587876331994812,
      "round_modelled_carbon_g": 0.8159383718331266,
      "cum_modelled_carbon_g": 4.079241257697535,
      "training_tflops": 0.002836872,
      "cum_training_tflops": 0.01418436,
      "round_comm_mb": 0.66650390625,
      "cum_comm_mb": 3.33251953125,
      "fairness_variance": 2.25,
      "fairness_gini": 0.9,
      "fairness_jain": 0.1,
      "utilization_entropy": 0.37580364941821515,
      "participation_coverage_ratio": 0.1,
      "tier_0_selection_rate": 0.0,
      "tier_1_selection_rate": 0.5,
      "tier_2_selection_rate": 0.5,
      "label_coverage_ratio": 1.0,
      "mean_local_loss_reduction": 0.04424554109573364,
      "accuracy_delta": 0.0,
      "criticalfl_sparse_round": false
    },
    {
      "accuracy": 0.1042,
      "f1": 0.024657370245370794,
      "precision": 0.08187575892584148,
      "recall": 0.10326732673267328,
      "loss": 2.7243891311645507,
      "round": 5,
      "evaluated": false,
      "selected_clients": [
        28,
        37,
        0,
        39
      ],
      "selected_count": 4,
      "selection_seconds": 0.0001078750065062195,
      "selection_overhead_seconds": 0.0001078750065062195,
      "round_time": 244.3679266000454,
      "cum_time": 1466.2954478635202,
      "round_modelled_energy_wh": 1.7176256710114726,