{
  "metrics": [
    {
      "accuracy": 0.1041,
      "f1": 0.025060449392979356,
      "precision": 0.03294641452782796,
      "recall": 0.10328255526460788,
      "loss": 2.310351022338867,
      "round": -1,
      "evaluated": true,
      "cum_time": 0.0,
      "cum_modelled_energy_wh": 0.0,
      "cum_modelled_carbon_g": 0.0,
      "cum_training_tflops": 0.0,
      "cum_comm_mb": 0.0
    },
    {
      "accuracy": 0.3868,
      "f1": 0.32060927299183584,
      "precision": 0.5274270519352131,
      "recall": 0.38437457516170775,
      "loss": 1.9106933303833007,
      "round": 0,
      "evaluated": true,
      "selected_clients": [
        14,
        18
      ],
      "selected_count": 2,
      "selection_seconds": 0.00871416600421071,
      "selection_overhead_seconds": 0.00871416600421071,
      "round_time": 1820.4506292003828,
      "cum_time": 1820.4506292003828,
      "round_modelled_energy_wh": 3.3317306130439244,
      "cum_modelled_energy_wh": 3.3317306130439244,
      "round_modelled_carbon_g": 1.5825720411958641,
      "cum_modelled_carbon_g": 1.5825720411958641,
      "training_tflops": 0.0048737115,
      "cum_training_tflops": 0.0048737115,
      "round_comm_mb": 0.333251953125,
      "cum_comm_mb": 0.333251953125,
      "fairness_variance": 0.09000000000000001,
      "fairness_gini": 0.9,
      "fairness_jain": 0.1,
      "utilization_entropy": 0.23137821315975918,
      "participation_coverage_ratio": 0.1,
      "tier_0_selection_rate": 0.5,
      "tier_1_selection_rate": 0.0,
      "tier_2_selection_rate": 0.5,
      "label_coverage_ratio": 1.0,
      "mean_local_loss_reduction": 1.7345294505357742,
      "accuracy_delta": 0.28269999999999995,
      "criticalfl_sparse_round": false
    },
    {
      "accuracy": 0.3868,
      "f1": 0.32060927299183584,
      "precision": 0.5274270519352131,
      "recall": 0.38437457516170775,
      "loss": 1.9106933303833007,
      "round": 1,
      "evaluated": false,
      "selected_clients": [
        0,
        9
      ],
      "selected_count": 2,
      "selection_seconds": 0.04832299999543466,
      "selection_overhead_seconds": 0.04832299999543466,
      "round_time": 1821.065668515985,
      "cum_time": 3641.5162977163677,
      "round_modelled_energy_wh": 4.682771680353323,
      "cum_modelled_energy_wh": 8.014502293397246,
      "round_modelled_carbon_g": 2.2243165481678284,
      "cum_modelled_carbon_g": 3.8068885893636915,
      "training_tflops": 0.006916317,
      "cum_training_tflops": 0.0117900285,
      "round_comm_mb": 0.333251953125,
      "cum_comm_mb": 0.66650390625,
      "fairness_variance": 0.16000000000000006,
      "fairness_gini": 0.8,
      "fairness_jain": 0.2,
      "utilization_entropy": 0.46275642631951835,
      "participation_coverage_ratio": 0.2,
      "tier_0_selection_rate": 0.25,
      "tier_1_selection_rate": 0.5,
      "tier_2_selection_rate": 0.25,
      "label_coverage_ratio": 1.0,
      "mean_local_loss_reduction": 1.8209530599415302,
      "accuracy_delta": 0.0,
      "criticalfl_sparse_round": false
    },
    {
      "accuracy": 0.3868,
      "f1": 0.32060927299183584,
      "precision": 0.5274270519352131,
      "recall": 0.38437457516170775,
      "loss": 1.9106933303833007,
      "round": 2,
      "evaluated": false,
      "selected_clients": [
        13,
        1
      ],
      "selected_count": 2,
      "selection_seconds": 0.009361333010019735,
      "selection_overhead_seconds": 0.009361333010019735,
      "round_time": 1556.5145486997212,
      "cum_time": 5198.030846416089,
      "round_modelled_energy_wh": 4.844383092673978,
      "cum_modelled_energy_wh": 12.858885386071226,
      "round_modelled_carbon_g": 2.3010819690201396,
      "cum_modelled_carbon_g": 6.107970558383832,
      "training_tflops": 0.0071570475,
      "cum_training_tflops": 0.018947076,
      "round_comm_mb": 0.333251953125,
      "cum_comm_mb": 0.999755859375,
      "fairness_variance": 0.20999999999999996,
      "fairness_gini": 0.7,
      "fairness_jain": 0.3,
      "utilization_entropy": 0.5981040045018438,
      "participation_coverage_ratio": 0.3,
      "tier_0_selection_rate": 0.16666666666666666,
      "tier_1_selection_rate": 0.6666666666666666,
      "tier_2_selection_rate": 0.16666666666666666,
      "label_coverage_ratio": 1.0,
      "mean_local_loss_reduction": 0.4876457080245018,
      "accuracy_delta": 0.0,
      "criticalfl_sparse_round": false
    },
    {
      "accuracy": 0.3868,
      "f1": 0.32060927299183584,
      "precision": 0.5274270519352131,
      "recall": 0.38437457516170775,
      "loss": 1.9106933303833007,
      "round": 3,
      "evaluated": false,
      "selected_clients": [
        6,
        15
      ],
      "selected_count": 2,
      "selection_seconds": 0.009240583021892235,
      "selection_overhead_seconds": 0.009240583021892235,
      "round_time": 1226.6356197413047,
      "cum_time": 6424.666466157394,
      "round_modelled_energy_wh": 5.263330970531918,
      "cum_modelled_energy_wh": 18.122216356603143,
      "round_modelled_carbon_g": 2.500082211002661,
      "cum_modelled_carbon_g": 8.608052769386493,
      "training_tflops": 0.008772969,
      "cum_training_tflops": 0.027720045,
      "round_comm_mb": 0.333251953125,
      "cum_comm_mb": 1.3330078125,
      "fairness_variance": 0.24000000000000005,
      "fairness_gini": 0.6,
      "fairness_jain": 0.4,
      "utilization_entropy": 0.6941346394792774,
      "participation_coverage_ratio": 0.4,
      "tier_0_selection_rate": 0.125,
      "tier_1_selection_rate": 0.625,
      "tier_2_selection_rate": 0.25,
      "label_coverage_ratio": 1.0,
      "mean_local_loss_reduction": 1.0918692592531443,
      "accuracy_delta": 0.0,
      "criticalfl_sparse_round": false
    },
    {
      "accuracy": 0.3868,
      "f1": 0.32060927299183584,
      "precision": 0.5274270519352131,
      "recall": 0.38437457516170775,
      "loss": 1.9106933303833007,
      "round": 4,
      "evaluated": false,
      "selected_clients": [
        2,
        12
      ],
      "selected_count": 2,
      "selection_seconds": 0.008517207985278219,
      "selection_overhead_seconds": 0.008517207985278219,
      "round_time": 726.9815368723267,
      "cum_time": 7151.648003029721,
      "round_modelled_energy_wh": 3.805598318310172,
      "cum_modelled_energy_wh": 21.927814674913314,
      "round_modelled_carbon_g": 1.8076592011973316,
      "cum_modelled_carbon_g": 10.415711970583823,
      "training_tflops": 0.006547293,
      "cum_training_tflops": 0.034267338,
      "round_comm_mb": 0.333251953125,
      "cum_comm_mb": 1.666259765625,
      "fairness_variance": 0.25,
      "fairness_gini": 0.5,
      "fairness_jain": 0.5,
      "utilization_entropy": 0.7686217868402407,
      "participation_coverage_ratio": 0.5,
      "tier_0_selection_rate": 0.1,
      "tier_1_selection_rate": 0.5,
      "tier_2_selection_rate": 0.4,
      "label_coverage_ratio": 1.0,
      "mean_local_loss_reduction": 0.1447541860397905,
      "accuracy_delta": 0.0,
      "criticalfl_sparse_round": false
    },
    {
      "accuracy": 0.3868,
      "f1": 0.32060927299183584,
      "precision": 0.5274270519352131,
      "recall": 0.38437457516170775,
      "loss": 1.9106933303833007,
      "round": 5,
      "evaluated": false,
      "selected_clients": [
        11,
        8
      ],
      "selected_count": 2,
      "selection_seconds": 0.00837999998475425,
      "selection_overhead_seconds": 0.00837999998475425,
      "round_time": 2364.6525582754584,
      "cum_time": 9516.30056130518,
      "round_modelled_energy_wh": 6.814295497748647,
      "cum_modelled_energy_wh": 28.74211017266196,
      "round_modelled_carbon_g": 3.2367903614306077,
      "cum_modelled_carbon_g": 13.65250233201443,
      "training_tflops": 0.010076085,
      "cum_training_tflops": 0.044343423,
      "round_comm_mb": 0.333251953125,
      "cum_comm_mb": 1.99951171875,
      "fairness_variance": 0.24000000000000005,
      "fairness_gini": 0.4,