{
  "run_label": "cifar10_lambda_sensitivity_cifar10_review_100_research.maml_select.cifar10_lambda_0p1_s42",
  "round": 99,
  "rounds": 100,
  "latest_metrics": {
    "accuracy": 0.643,
    "f1": 0.632535632280933,
    "precision": 0.6743968573445376,
    "recall": 0.643,
    "loss": 1.0653853693008424,
    "round": 99,
    "evaluated": true,
    "selected_clients": [
      7,
      20,
      82,
      56,
      78,
      5,
      21,
      53,
      6,
      50
    ],
    "selected_count": 10,
    "selection_seconds": 0.016177166995476,
    "selection_overhead_seconds": 0.016177166995476,
    "round_time": 2291.3627056371006,
    "cum_time": 268107.2481941734,
    "round_modelled_energy_wh": 19.844990614321397,
    "cum_modelled_energy_wh": 1993.8414941672722,
    "round_modelled_carbon_g": 9.426370541802664,
    "cum_modelled_carbon_g": 947.0747097294543,
    "training_tflops": 37.20835109376,
    "cum_training_tflops": 3543.4997414784,
    "round_comm_mb": 851.7732238769531,
    "cum_comm_mb": 85177.32238769531,
    "fairness_variance": 67.3,
    "fairness_gini": 0.34002,
    "fairness_jain": 0.5977286312014346,
    "utilization_entropy": 0.9514344390190018,
    "participation_coverage_ratio": 1.0,
    "tier_0_selection_rate": 0.149,
    "tier_1_selection_rate": 0.387,
    "tier_2_selection_rate": 0.464,
    "label_coverage_ratio": 1.0,
    "mean_local_loss_reduction": 0.24764443933963776,
    "accuracy_delta": 0.0007000000000000339,
    "criticalfl_sparse_round": false
  }
}