{
  "run_label": "lambda_sensitivity_fashion_main_research.maml_select.lambda_0p1_s42",
  "round": 199,
  "rounds": 200,
  "latest_metrics": {
    "accuracy": 0.9059,
    "f1": 0.9066492277200753,
    "precision": 0.9087268760650774,
    "recall": 0.9059000000000001,
    "loss": 0.3519292603135109,
    "round": 199,
    "evaluated": true,
    "selected_clients": [
      50,
      89,
      57,
      99,
      23,
      70,
      30,
      97,
      11,
      86
    ],
    "selected_count": 10,
    "selection_seconds": 0.009688499994808808,
    "selection_overhead_seconds": 0.009688499994808808,
    "round_time": 2610.5381238251052,
    "cum_time": 663343.7072498044,
    "round_modelled_energy_wh": 26.08919517216306,
    "cum_modelled_energy_wh": 5072.736901231394,
    "round_modelled_carbon_g": 12.392367706777454,
    "cum_modelled_carbon_g": 2409.550028084912,
    "training_tflops": 0.60731156736,
    "cum_training_tflops": 126.18706046976,
    "round_comm_mb": 28.159942626953125,
    "cum_comm_mb": 5631.988525390625,
    "fairness_variance": 57.96,
    "fairness_gini": 0.19802,
    "fairness_jain": 0.8734387282732117,
    "utilization_entropy": 0.985193164460107,
    "participation_coverage_ratio": 1.0,
    "tier_0_selection_rate": 0.114,
    "tier_1_selection_rate": 0.5015,
    "tier_2_selection_rate": 0.3845,
    "label_coverage_ratio": 1.0,
    "mean_local_loss_reduction": 0.20673559306563902,
    "accuracy_delta": 0.0023000000000000798,
    "criticalfl_sparse_round": false
  }
}