{
  "metrics": [
    {
      "accuracy": 0.1041,
      "f1": 0.025060449392979356,
      "precision": 0.03294641452782796,
      "recall": 0.10328255526460788,
      "loss": 2.310351022338867,
      "round": -1,
      "evaluated": true,
      "cum_time": 0.0,
      "cum_modelled_energy_wh": 0.0,
      "cum_modelled_carbon_g": 0.0,
      "cum_training_tflops": 0.0,
      "cum_comm_mb": 0.0
    },
    {
      "accuracy": 0.6736,
      "f1": 0.6394823333464789,
      "precision": 0.7165512945559515,
      "recall": 0.6786306141867823,
      "loss": 1.1532087100982666,
      "round": 0,
      "evaluated": true,
      "selected_clients": [
        2,
        0,
        1,
        8
      ],
      "selected_count": 4,
      "selection_seconds": 5.308398976922035e-05,
      "selection_overhead_seconds": 5.308398976922035e-05,
      "round_time": 3806.8532703144347,
      "cum_time": 3806.8532703144347,
      "round_modelled_energy_wh": 7.424038767188213,
      "cum_modelled_energy_wh": 7.424038767188213,
      "round_modelled_carbon_g": 3.526418414414401,
      "cum_modelled_carbon_g": 3.526418414414401,
      "training_tflops": 0.0101121225,
      "cum_training_tflops": 0.0101121225,
      "round_comm_mb": 0.66650390625,
      "cum_comm_mb": 0.66650390625,
      "fairness_variance": 0.09000000000000001,
      "fairness_gini": 0.9,
      "fairness_jain": 0.1,
      "utilization_entropy": 0.37580364941821515,
      "participation_coverage_ratio": 0.1,
      "tier_0_selection_rate": 0.5,
      "tier_1_selection_rate": 0.25,
      "tier_2_selection_rate": 0.25,
      "label_coverage_ratio": 1.0,
      "mean_local_loss_reduction": 1.8362400829792023,
      "accuracy_delta": 0.5695,
      "criticalfl_sparse_round": false
    },
    {
      "accuracy": 0.6736,
      "f1": 0.6394823333464789,
      "precision": 0.7165512945559515,
      "recall": 0.6786306141867823,
      "loss": 1.1532087100982666,
      "round": 1,
      "evaluated": false,
      "selected_clients": [
        0,
        1,
        2,
        3
      ],
      "selected_count": 4,
      "selection_seconds": 0.00029975001234561205,
      "selection_overhead_seconds": 0.00029975001234561205,
      "round_time": 1632.908049938553,
      "cum_time": 5439.761320252987,
      "round_modelled_energy_wh": 4.023781974276796,
      "cum_modelled_energy_wh": 11.447820741465009,
      "round_modelled_carbon_g": 1.911296437781478,
      "cum_modelled_carbon_g": 5.437714852195879,
      "training_tflops": 0.0058539315,
      "cum_training_tflops": 0.015966054,
      "round_comm_mb": 0.66650390625,
      "cum_comm_mb": 1.3330078125,
      "fairness_variance": 0.31000000000000005,
      "fairness_gini": 0.89375,
      "fairness_jain": 0.11428571428571428,
      "utilization_entropy": 0.42277910559549203,
      "participation_coverage_ratio": 0.125,
      "tier_0_selection_rate": 0.375,
      "tier_1_selection_rate": 0.375,
      "tier_2_selection_rate": 0.25,
      "label_coverage_ratio": 1.0,
      "mean_local_loss_reduction": 0.48768470250070095,
      "accuracy_delta": 0.0,
      "criticalfl_sparse_round": false
    },
    {
      "accuracy": 0.6736,
      "f1": 0.6394823333464789,
      "precision": 0.7165512945559515,
      "recall": 0.6786306141867823,
      "loss": 1.1532087100982666,
      "round": 2,
      "evaluated": false,
      "selected_clients": [
        1,
        2,
        0,
        4
      ],
      "selected_count": 4,
      "selection_seconds": 9.495799895375967e-05,
      "selection_overhead_seconds": 9.495799895375967e-05,
      "round_time": 1632.8648175076812,
      "cum_time": 7072.626137760669,
      "round_modelled_energy_wh": 4.6373143014278035,
      "cum_modelled_energy_wh": 16.085135042892812,
      "round_modelled_carbon_g": 2.202724293178207,
      "cum_modelled_carbon_g": 7.640439145374085,
      "training_tflops": 0.007112361,
      "cum_training_tflops": 0.023078415,
      "round_comm_mb": 0.66650390625,
      "cum_comm_mb": 1.99951171875,
      "fairness_variance": 0.66,
      "fairness_gini": 0.8875,
      "fairness_jain": 0.12,
      "utilization_entropy": 0.45025798591346905,
      "participation_coverage_ratio": 0.15,
      "tier_0_selection_rate": 0.3333333333333333,
      "tier_1_selection_rate": 0.3333333333333333,
      "tier_2_selection_rate": 0.3333333333333333,
      "label_coverage_ratio": 1.0,
      "mean_local_loss_reduction": 0.1854521967470646,
      "accuracy_delta": 0.0,
      "criticalfl_sparse_round": false
    },
    {
      "accuracy": 0.6736,
      "f1": 0.6394823333464789,
      "precision": 0.7165512945559515,
      "recall": 0.6786306141867823,
      "loss": 1.1532087100982666,
      "round": 3,
      "evaluated": false,
      "selected_clients": [
        2,
        0,
        1,
        8
      ],
      "selected_count": 4,
      "selection_seconds": 0.00010516701149754226,
      "selection_overhead_seconds": 0.00010516701149754226,
      "round_time": 3806.8125870142103,
      "cum_time": 10879.438724774878,
      "round_modelled_energy_wh": 7.425259471453045,
      "cum_modelled_energy_wh": 23.510394514345858,
      "round_modelled_carbon_g": 3.5269982489401963,
      "cum_modelled_carbon_g": 11.167437394314282,
      "training_tflops": 0.0101121225,
      "cum_training_tflops": 0.0331905375,
      "round_comm_mb": 0.66650390625,
      "cum_comm_mb": 2.666015625,
      "fairness_variance": 1.19,
      "fairness_gini": 0.890625,
      "fairness_jain": 0.11851851851851852,
      "utilization_entropy": 0.4462668336841305,
      "participation_coverage_ratio": 0.15,
      "tier_0_selection_rate": 0.375,
      "tier_1_selection_rate": 0.3125,
      "tier_2_selection_rate": 0.3125,
      "label_coverage_ratio": 1.0,
      "mean_local_loss_reduction": 0.1528371088206768,
      "accuracy_delta": 0.0,
      "criticalfl_sparse_round": false
    },
    {
      "accuracy": 0.6736,
      "f1": 0.6394823333464789,
      "precision": 0.7165512945559515,
      "recall": 0.6786306141867823,
      "loss": 1.1532087100982666,
      "round": 4,
      "evaluated": false,
      "selected_clients": [
        0,
        1,
        2,
        3
      ],
      "selected_count": 4,
      "selection_seconds": 9.86250233836472e-05,
      "selection_overhead_seconds": 9.86250233836472e-05,
      "round_time": 1632.8610118895824,
      "cum_time": 12512.299736664461,
      "round_modelled_energy_wh": 4.023475529364726,
      "cum_modelled_energy_wh": 27.533870043710586,
      "round_modelled_carbon_g": 1.9111508764482448,
      "cum_modelled_carbon_g": 13.078588270762529,
      "training_tflops": 0.0058539315,
      "cum_training_tflops": 0.039044469,
      "round_comm_mb": 0.66650390625,
      "cum_comm_mb": 3.33251953125,
      "fairness_variance": 1.85,
      "fairness_gini": 0.89,
      "fairness_jain": 0.11904761904761904,
      "utilization_entropy": 0.4472969159445629,
      "participation_coverage_ratio": 0.15,
      "tier_0_selection_rate": 0.35,
      "tier_1_selection_rate": 0.35,
      "tier_2_selection_rate": 0.3,
      "label_coverage_ratio": 1.0,
      "mean_local_loss_reduction": 0.20099253859370947,
      "accuracy_delta": 0.0,
      "criticalfl_sparse_round": false
    },
    {
      "accuracy": 0.6736,
      "f1": 0.6394823333464789,
      "precision": 0.7165512945559515,
      "recall": 0.6786306141867823,
      "loss": 1.1532087100982666,
      "round": 5,
      "evaluated": false,
      "selected_clients": [
        1,
        2,
        0,
        4
      ],
      "selected_count": 4,
      "selection_seconds": 9.604200022295117e-05,
      "selection_overhead_seconds": 9.604200022295117e-05,
      "round_time": 1632.696005963672,
      "cum_time": 14144.995742628133,
      "round_modelled_energy_wh": 4.635880770451573,
      "cum_modelled_energy_wh": 32.16975081416216,
      "round_modelled_carbon_g": 2.2020433659644976,
      "cum_modelled_carbon_g": 15.280631636727025,
      "training_tflops": 0.007112361,
      "cum_training_tflops": 0.04615683,