{
  "run_label": "cifar100_benchmarks_cifar100_main_fedcs_s42",
  "round": 199,
  "rounds": 200,
  "latest_metrics": {
    "accuracy": 0.2772,
    "f1": 0.26631366039538557,
    "precision": 0.2878594483480173,
    "recall": 0.2772,
    "loss": 4.4415779968261715,
    "round": 199,
    "evaluated": true,
    "selected_clients": [
      13,
      61,
      31,
      7,
      6,
      15,
      9,
      81,
      67,
      78
    ],
    "selected_count": 10,
    "selection_seconds": 0.00012091599637642503,
    "selection_overhead_seconds": 0.00012091599637642503,
    "round_time": 569.234317332721,
    "cum_time": 113902.31769444123,
    "round_modelled_energy_wh": 17.66996832586609,
    "cum_modelled_energy_wh": 3533.805617298145,
    "round_modelled_carbon_g": 8.393234954786392,
    "cum_modelled_carbon_g": 1678.557668216619,
    "training_tflops": 35.43445845504,
    "cum_training_tflops": 7086.891691008,
    "round_comm_mb": 856.0281372070312,
    "cum_comm_mb": 171205.62744140625,
    "fairness_variance": 3600.0,
    "fairness_gini": 0.9,
    "fairness_jain": 0.1,
    "utilization_entropy": 0.4999999999999999,
    "participation_coverage_ratio": 0.1,
    "tier_0_selection_rate": 0.0,
    "tier_1_selection_rate": 0.0,
    "tier_2_selection_rate": 1.0,
    "label_coverage_ratio": 1.0,
    "mean_local_loss_reduction": -0.6491603538161144,
    "accuracy_delta": 0.0023000000000000242,
    "criticalfl_sparse_round": false
  }
}