{
  "run_label": "cifar10_lambda_sensitivity_cifar10_review_100_research.maml_select.cifar10_lambda_0p1_s123",
  "round": 99,
  "rounds": 100,
  "latest_metrics": {
    "accuracy": 0.6429,
    "f1": 0.6312491659200152,
    "precision": 0.660424126483981,
    "recall": 0.6429,
    "loss": 1.0592647124290466,
    "round": 99,
    "evaluated": true,
    "selected_clients": [
      45,
      1,
      26,
      19,
      95,
      70,
      44,
      89,
      84,
      56
    ],
    "selected_count": 10,
    "selection_seconds": 0.09003108300385065,
    "selection_overhead_seconds": 0.09003108300385065,
    "round_time": 857.0984699580116,
    "cum_time": 248790.91509390212,
    "round_modelled_energy_wh": 13.280754494305345,
    "cum_modelled_energy_wh": 1938.9192785342575,
    "round_modelled_carbon_g": 6.3083583847950395,
    "cum_modelled_carbon_g": 920.9866573037723,
    "training_tflops": 25.04440290816,
    "cum_training_tflops": 3421.3603713408,
    "round_comm_mb": 851.7732238769531,
    "cum_comm_mb": 85177.32238769531,
    "fairness_variance": 145.22,
    "fairness_gini": 0.34894,
    "fairness_jain": 0.40779708017290595,
    "utilization_entropy": 0.9264155619696992,
    "participation_coverage_ratio": 1.0,
    "tier_0_selection_rate": 0.129,
    "tier_1_selection_rate": 0.478,
    "tier_2_selection_rate": 0.393,
    "label_coverage_ratio": 1.0,
    "mean_local_loss_reduction": 1.0517023270949721,
    "accuracy_delta": -0.0033999999999999586,
    "criticalfl_sparse_round": false
  }
}