{
  "run_label": "cifar100_benchmarks_cifar100_main_fedavg_s123",
  "round": 199,
  "rounds": 200,
  "latest_metrics": {
    "accuracy": 0.6253,
    "f1": 0.620034792387337,
    "precision": 0.6307047436418648,
    "recall": 0.6253,
    "loss": 1.525060457420349,
    "round": 199,
    "evaluated": true,
    "selected_clients": [
      71,
      63,
      57,
      51,
      69,
      92,
      32,
      66,
      97,
      8
    ],
    "selected_count": 10,
    "selection_seconds": 8.608400821685791e-05,
    "selection_overhead_seconds": 8.608400821685791e-05,
    "round_time": 3202.101172650807,
    "cum_time": 552131.3011688212,
    "round_modelled_energy_wh": 25.771133391465355,
    "cum_modelled_energy_wh": 4813.929522791992,
    "round_modelled_carbon_g": 12.241288360946044,
    "cum_modelled_carbon_g": 2286.6165233261963,
    "training_tflops": 44.69897085696,
    "cum_training_tflops": 8366.82550601472,
    "round_comm_mb": 856.0281372070312,
    "cum_comm_mb": 171205.62744140625,
    "fairness_variance": 19.14,
    "fairness_gini": 0.12043,
    "fairness_jain": 0.9543350670420384,
    "utilization_entropy": 0.9949311316277797,
    "participation_coverage_ratio": 1.0,
    "tier_0_selection_rate": 0.202,
    "tier_1_selection_rate": 0.4945,
    "tier_2_selection_rate": 0.3035,
    "label_coverage_ratio": 1.0,
    "mean_local_loss_reduction": 0.39746563052758577,
    "accuracy_delta": 0.0013999999999999568,
    "criticalfl_sparse_round": false
  }
}