{
  "metrics": [
    {
      "accuracy": 0.1041,
      "f1": 0.025060449392979356,
      "precision": 0.03294641452782796,
      "recall": 0.10328255526460788,
      "loss": 2.310351022338867,
      "round": -1,
      "evaluated": true,
      "cum_time": 0.0,
      "cum_modelled_energy_wh": 0.0,
      "cum_modelled_carbon_g": 0.0,
      "cum_training_tflops": 0.0,
      "cum_comm_mb": 0.0
    },
    {
      "accuracy": 0.7249,
      "f1": 0.6489392255753872,
      "precision": 0.6389215182713095,
      "recall": 0.7134553641013471,
      "loss": 1.5030000217437745,
      "round": 0,
      "evaluated": true,
      "selected_clients": [
        4,
        0
      ],
      "selected_count": 2,
      "selection_seconds": 0.0013628750166390091,
      "selection_overhead_seconds": 0.0013628750166390091,
      "round_time": 4970.3547667339835,
      "cum_time": 4970.3547667339835,
      "round_modelled_energy_wh": 6.664583784809799,
      "cum_modelled_energy_wh": 6.664583784809799,
      "round_modelled_carbon_g": 3.1656772977846543,
      "cum_modelled_carbon_g": 3.1656772977846543,
      "training_tflops": 0.008845044,
      "cum_training_tflops": 0.008845044,
      "round_comm_mb": 0.333251953125,
      "cum_comm_mb": 0.333251953125,
      "fairness_variance": 0.09000000000000001,
      "fairness_gini": 0.9,
      "fairness_jain": 0.1,
      "utilization_entropy": 0.23137821315975918,
      "participation_coverage_ratio": 0.1,
      "tier_0_selection_rate": 0.5,
      "tier_1_selection_rate": 0.5,
      "tier_2_selection_rate": 0.0,
      "label_coverage_ratio": 1.0,
      "mean_local_loss_reduction": 1.9575264391023666,
      "accuracy_delta": 0.6208,
      "criticalfl_sparse_round": false
    },
    {
      "accuracy": 0.7249,
      "f1": 0.6489392255753872,
      "precision": 0.6389215182713095,
      "recall": 0.7134553641013471,
      "loss": 1.5030000217437745,
      "round": 1,
      "evaluated": false,
      "selected_clients": [
        2,
        4
      ],
      "selected_count": 2,
      "selection_seconds": 0.00010050000855699182,
      "selection_overhead_seconds": 0.00010050000855699182,
      "round_time": 4970.103128600285,
      "cum_time": 9940.457895334268,
      "round_modelled_energy_wh": 6.904438937017773,
      "cum_modelled_energy_wh": 13.569022721827572,
      "round_modelled_carbon_g": 3.2796084950834423,
      "cum_modelled_carbon_g": 6.445285792868097,
      "training_tflops": 0.009531198,
      "cum_training_tflops": 0.018376242,
      "round_comm_mb": 0.333251953125,
      "cum_comm_mb": 0.66650390625,
      "fairness_variance": 0.26000000000000006,
      "fairness_gini": 0.875,
      "fairness_jain": 0.13333333333333333,
      "utilization_entropy": 0.3470673197396387,
      "participation_coverage_ratio": 0.15,
      "tier_0_selection_rate": 0.5,
      "tier_1_selection_rate": 0.25,
      "tier_2_selection_rate": 0.25,
      "label_coverage_ratio": 1.0,
      "mean_local_loss_reduction": 0.35458797932369635,
      "accuracy_delta": 0.0,
      "criticalfl_sparse_round": false
    },
    {
      "accuracy": 0.7249,
      "f1": 0.6489392255753872,
      "precision": 0.6389215182713095,
      "recall": 0.7134553641013471,
      "loss": 1.5030000217437745,
      "round": 2,
      "evaluated": false,
      "selected_clients": [
        0,
        2
      ],
      "selected_count": 2,
      "selection_seconds": 7.349997758865356e-05,
      "selection_overhead_seconds": 7.349997758865356e-05,
      "round_time": 587.1669123432704,
      "cum_time": 10527.62480767754,
      "round_modelled_energy_wh": 2.52429537942887,
      "cum_modelled_energy_wh": 16.093318101256443,
      "round_modelled_carbon_g": 1.1990403052287133,
      "cum_modelled_carbon_g": 7.64432609809681,
      "training_tflops": 0.004062147,
      "cum_training_tflops": 0.022438389,
      "round_comm_mb": 0.333251953125,
      "cum_comm_mb": 0.999755859375,
      "fairness_variance": 0.51,
      "fairness_gini": 0.85,
      "fairness_jain": 0.15,
      "utilization_entropy": 0.3667257913420846,
      "participation_coverage_ratio": 0.15,
      "tier_0_selection_rate": 0.3333333333333333,
      "tier_1_selection_rate": 0.3333333333333333,
      "tier_2_selection_rate": 0.3333333333333333,
      "label_coverage_ratio": 1.0,
      "mean_local_loss_reduction": 0.6133569651283324,
      "accuracy_delta": 0.0,
      "criticalfl_sparse_round": false
    },
    {
      "accuracy": 0.7249,
      "f1": 0.6489392255753872,
      "precision": 0.6389215182713095,
      "recall": 0.7134553641013471,
      "loss": 1.5030000217437745,
      "round": 3,
      "evaluated": false,
      "selected_clients": [
        4,
        0
      ],
      "selected_count": 2,
      "selection_seconds": 7.683300646021962e-05,
      "selection_overhead_seconds": 7.683300646021962e-05,
      "round_time": 4970.144027832199,
      "cum_time": 15497.768835509738,
      "round_modelled_energy_wh": 6.663884548071684,
      "cum_modelled_energy_wh": 22.75720264932813,
      "round_modelled_carbon_g": 3.1653451603340503,
      "cum_modelled_carbon_g": 10.809671258430862,
      "training_tflops": 0.008845044,
      "cum_training_tflops": 0.031283433,
      "round_comm_mb": 0.333251953125,
      "cum_comm_mb": 1.3330078125,
      "fairness_variance": 0.9400000000000002,
      "fairness_gini": 0.8625,
      "fairness_jain": 0.14545454545454545,
      "utilization_entropy": 0.3612457426827742,
      "participation_coverage_ratio": 0.15,
      "tier_0_selection_rate": 0.375,
      "tier_1_selection_rate": 0.375,
      "tier_2_selection_rate": 0.25,
      "label_coverage_ratio": 1.0,
      "mean_local_loss_reduction": 0.13457945530535653,
      "accuracy_delta": 0.0,
      "criticalfl_sparse_round": false
    },
    {
      "accuracy": 0.7249,
      "f1": 0.6489392255753872,
      "precision": 0.6389215182713095,
      "recall": 0.7134553641013471,
      "loss": 1.5030000217437745,
      "round": 4,
      "evaluated": false,
      "selected_clients": [
        2,
        4
      ],
      "selected_count": 2,
      "selection_seconds": 8.099997648969293e-05,
      "selection_overhead_seconds": 8.099997648969293e-05,
      "round_time": 4970.198207138255,
      "cum_time": 20467.967042647993,
      "round_modelled_energy_wh": 6.904768981111589,
      "cum_modelled_energy_wh": 29.661971630439716,
      "round_modelled_carbon_g": 3.2797652660280048,
      "cum_modelled_carbon_g": 14.089436524458865,
      "training_tflops": 0.009531198,
      "cum_training_tflops": 0.040814631,
      "round_comm_mb": 0.333251953125,
      "cum_comm_mb": 1.666259765625,
      "fairness_variance": 1.45,
      "fairness_gini": 0.86,
      "fairness_jain": 0.14705882352941177,
      "utilization_entropy": 0.36348374150718277,
      "participation_coverage_ratio": 0.15,
      "tier_0_selection_rate": 0.4,
      "tier_1_selection_rate": 0.3,
      "tier_2_selection_rate": 0.3,
      "label_coverage_ratio": 1.0,
      "mean_local_loss_reduction": 0.18762710969895124,
      "accuracy_delta": 0.0,
      "criticalfl_sparse_round": false
    },
    {
      "accuracy": 0.7249,
      "f1": 0.6489392255753872,
      "precision": 0.6389215182713095,
      "recall": 0.7134553641013471,
      "loss": 1.5030000217437745,
      "round": 5,
      "evaluated": false,
      "selected_clients": [
        0,
        2
      ],
      "selected_count": 2,
      "selection_seconds": 8.204201003536582e-05,
      "selection_overhead_seconds": 8.204201003536582e-05,
      "round_time": 587.1522425876784,
      "cum_time": 21055.119285235673,
      "round_modelled_energy_wh": 2.5237019115939154,
      "cum_modelled_energy_wh": 32.18567354203363,
      "round_modelled_carbon_g": 1.1987584080071099,
      "cum_modelled_carbon_g": 15.288194932465975,
      "training_tflops": 0.004062147,
      "cum_training_tflops": 0.044876778,
      "round_comm_mb": 0.333251953125,
      "cum_comm_mb": 1.99951171875,
      "fairness_variance": 2.04,