{
  "run_label": "cifar100_benchmarks_cifar100_main_fedcs_s123",
  "round": 199,
  "rounds": 200,
  "latest_metrics": {
    "accuracy": 0.2791,
    "f1": 0.26827524156698623,
    "precision": 0.2807446576798139,
    "recall": 0.2791,
    "loss": 4.640618422698974,
    "round": 199,
    "evaluated": true,
    "selected_clients": [
      72,
      8,
      96,
      50,
      52,
      91,
      45,
      29,
      22,
      93
    ],
    "selected_count": 10,
    "selection_seconds": 0.00012399999832268804,
    "selection_overhead_seconds": 0.00012399999832268804,
    "round_time": 571.591684189505,
    "cum_time": 114353.94276958342,
    "round_modelled_energy_wh": 17.553620636912395,
    "cum_modelled_energy_wh": 3511.1931255191653,
    "round_modelled_carbon_g": 8.337969802533388,
    "cum_modelled_carbon_g": 1667.8167346216035,
    "training_tflops": 35.21686376448,
    "cum_training_tflops": 7043.372752896,
    "round_comm_mb": 856.0281372070312,
    "cum_comm_mb": 171205.62744140625,
    "fairness_variance": 3600.0,
    "fairness_gini": 0.9,
    "fairness_jain": 0.1,
    "utilization_entropy": 0.4999999999999999,
    "participation_coverage_ratio": 0.1,
    "tier_0_selection_rate": 0.0,
    "tier_1_selection_rate": 0.0,
    "tier_2_selection_rate": 1.0,
    "label_coverage_ratio": 1.0,
    "mean_local_loss_reduction": -0.11508126889821142,
    "accuracy_delta": -0.005099999999999993,
    "criticalfl_sparse_round": false
  }
}