{
  "run_label": "inner_step_ablation_cifar10_review_100_research.maml_select.inner_steps_1_s42",
  "round": 99,
  "rounds": 100,
  "latest_metrics": {
    "accuracy": 0.6182,
    "f1": 0.6111800634975674,
    "precision": 0.6368151977044096,
    "recall": 0.6182000000000001,
    "loss": 1.137713849925995,
    "round": 99,
    "evaluated": true,
    "selected_clients": [
      21,
      52,
      94,
      55,
      77,
      56,
      64,
      7,
      45,
      33
    ],
    "selected_count": 10,
    "selection_seconds": 0.041805041997577064,
    "selection_overhead_seconds": 0.041805041997577064,
    "round_time": 3925.7427254367776,
    "cum_time": 229342.26426666812,
    "round_modelled_energy_wh": 18.49858190129242,
    "cum_modelled_energy_wh": 1737.5176041985098,
    "round_modelled_carbon_g": 8.786826403113901,
    "cum_modelled_carbon_g": 825.3208619942922,
    "training_tflops": 32.25945710592,
    "cum_training_tflops": 3146.32183880448,
    "round_comm_mb": 851.7732238769531,
    "cum_comm_mb": 85177.32238769531,
    "fairness_variance": 87.4,
    "fairness_gini": 0.43264,
    "fairness_jain": 0.5336179295624333,
    "utilization_entropy": 0.9295820630190482,
    "participation_coverage_ratio": 1.0,
    "tier_0_selection_rate": 0.12,
    "tier_1_selection_rate": 0.368,
    "tier_2_selection_rate": 0.512,
    "label_coverage_ratio": 1.0,
    "mean_local_loss_reduction": 0.535652706027031,
    "accuracy_delta": 0.02279999999999993,
    "criticalfl_sparse_round": false
  }
}