{
  "run_label": "architecture_ablation_fashion_main_research.maml_select.hidden_128_s123",
  "round": 199,
  "rounds": 200,
  "latest_metrics": {
    "accuracy": 0.9079,
    "f1": 0.906693092654279,
    "precision": 0.9078468668718864,
    "recall": 0.9079,
    "loss": 0.3628801333844662,
    "round": 199,
    "evaluated": true,
    "selected_clients": [
      11,
      89,
      70,
      69,
      43,
      54,
      31,
      64,
      12,
      90
    ],
    "selected_count": 10,
    "selection_seconds": 0.008448599999610451,
    "selection_overhead_seconds": 0.008448599999610451,
    "round_time": 2633.033703773063,
    "cum_time": 574235.3903918242,
    "round_modelled_energy_wh": 25.844610518359318,
    "cum_modelled_energy_wh": 4866.8055626228825,
    "round_modelled_carbon_g": 12.276189996220676,
    "cum_modelled_carbon_g": 2311.732642245869,
    "training_tflops": 0.6484104576,
    "cum_training_tflops": 122.0869237248,
    "round_comm_mb": 28.159942626953125,
    "cum_comm_mb": 5631.988525390625,
    "fairness_variance": 77.42,
    "fairness_gini": 0.23195,
    "fairness_jain": 0.8378367056260735,
    "utilization_entropy": 0.9752261680357706,
    "participation_coverage_ratio": 1.0,
    "tier_0_selection_rate": 0.123,
    "tier_1_selection_rate": 0.4785,
    "tier_2_selection_rate": 0.3985,
    "label_coverage_ratio": 1.0,
    "mean_local_loss_reduction": 0.11078170429343573,
    "accuracy_delta": 0.008300000000000085,
    "criticalfl_sparse_round": false
  }
}