{
  "metrics": [
    {
      "accuracy": 0.1041,
      "f1": 0.025060449392979356,
      "precision": 0.03294641452782796,
      "recall": 0.10328255526460788,
      "loss": 2.310351022338867,
      "round": -1,
      "evaluated": true,
      "cum_time": 0.0,
      "cum_modelled_energy_wh": 0.0,
      "cum_modelled_carbon_g": 0.0,
      "cum_training_tflops": 0.0,
      "cum_comm_mb": 0.0
    },
    {
      "accuracy": 0.6329,
      "f1": 0.5584609143545246,
      "precision": 0.5734303632113515,
      "recall": 0.6469570016800833,
      "loss": 1.56708141040802,
      "round": 0,
      "evaluated": true,
      "selected_clients": [
        14,
        16
      ],
      "selected_count": 2,
      "selection_seconds": 0.0005524589796550572,
      "selection_overhead_seconds": 0.0005524589796550572,
      "round_time": 2655.697679344996,
      "cum_time": 2655.697679344996,
      "round_modelled_energy_wh": 7.186579520060139,
      "cum_modelled_energy_wh": 7.186579520060139,
      "round_modelled_carbon_g": 3.413625272028566,
      "cum_modelled_carbon_g": 3.413625272028566,
      "training_tflops": 0.0102447405,
      "cum_training_tflops": 0.0102447405,
      "round_comm_mb": 0.333251953125,
      "cum_comm_mb": 0.333251953125,
      "fairness_variance": 0.09000000000000001,
      "fairness_gini": 0.9,
      "fairness_jain": 0.1,
      "utilization_entropy": 0.23137821315975918,
      "participation_coverage_ratio": 0.1,
      "tier_0_selection_rate": 0.5,
      "tier_1_selection_rate": 0.5,
      "tier_2_selection_rate": 0.0,
      "label_coverage_ratio": 1.0,
      "mean_local_loss_reduction": 1.7818379700183868,
      "accuracy_delta": 0.5288,
      "criticalfl_sparse_round": false
    },
    {
      "accuracy": 0.6329,
      "f1": 0.5584609143545246,
      "precision": 0.5734303632113515,
      "recall": 0.6469570016800833,
      "loss": 1.56708141040802,
      "round": 1,
      "evaluated": false,
      "selected_clients": [
        12,
        11
      ],
      "selected_count": 2,
      "selection_seconds": 0.00012012498336844146,
      "selection_overhead_seconds": 0.00012012498336844146,
      "round_time": 2365.218814103313,
      "cum_time": 5020.916493448309,
      "round_modelled_energy_wh": 7.023499306732146,
      "cum_modelled_energy_wh": 14.210078826792284,
      "round_modelled_carbon_g": 3.336162170697769,
      "cum_modelled_carbon_g": 6.749787442726334,
      "training_tflops": 0.010969815,
      "cum_training_tflops": 0.0212145555,
      "round_comm_mb": 0.333251953125,
      "cum_comm_mb": 0.66650390625,
      "fairness_variance": 0.16000000000000006,
      "fairness_gini": 0.8,
      "fairness_jain": 0.2,
      "utilization_entropy": 0.46275642631951835,
      "participation_coverage_ratio": 0.2,
      "tier_0_selection_rate": 0.25,
      "tier_1_selection_rate": 0.5,
      "tier_2_selection_rate": 0.25,
      "label_coverage_ratio": 1.0,
      "mean_local_loss_reduction": 2.4609157033264637,
      "accuracy_delta": 0.0,
      "criticalfl_sparse_round": false
    },
    {
      "accuracy": 0.6329,
      "f1": 0.5584609143545246,
      "precision": 0.5734303632113515,
      "recall": 0.6469570016800833,
      "loss": 1.56708141040802,
      "round": 2,
      "evaluated": false,
      "selected_clients": [
        12,
        1
      ],
      "selected_count": 2,
      "selection_seconds": 8.383297245018184e-05,
      "selection_overhead_seconds": 8.383297245018184e-05,
      "round_time": 1555.0438061185646,
      "cum_time": 6575.960299566874,
      "round_modelled_energy_wh": 5.44803487648112,
      "cum_modelled_energy_wh": 19.658113703273404,
      "round_modelled_carbon_g": 2.587816566328532,
      "cum_modelled_carbon_g": 9.337604009054866,
      "training_tflops": 0.008640351,
      "cum_training_tflops": 0.0298549065,
      "round_comm_mb": 0.333251953125,
      "cum_comm_mb": 0.999755859375,
      "fairness_variance": 0.30999999999999994,
      "fairness_gini": 0.7833333333333333,
      "fairness_jain": 0.225,
      "utilization_entropy": 0.5209779334485907,
      "participation_coverage_ratio": 0.25,
      "tier_0_selection_rate": 0.16666666666666666,
      "tier_1_selection_rate": 0.5,
      "tier_2_selection_rate": 0.3333333333333333,
      "label_coverage_ratio": 1.0,
      "mean_local_loss_reduction": 0.5907252379693091,
      "accuracy_delta": 0.0,
      "criticalfl_sparse_round": false
    },
    {
      "accuracy": 0.6329,
      "f1": 0.5584609143545246,
      "precision": 0.5734303632113515,
      "recall": 0.6469570016800833,
      "loss": 1.56708141040802,
      "round": 3,
      "evaluated": false,
      "selected_clients": [
        14,
        12
      ],
      "selected_count": 2,
      "selection_seconds": 8.475000504404306e-05,
      "selection_overhead_seconds": 8.475000504404306e-05,
      "round_time": 1820.5315342753024,
      "cum_time": 8396.491833842176,
      "round_modelled_energy_wh": 4.446995227192186,
      "cum_modelled_energy_wh": 24.10510893046559,
      "round_modelled_carbon_g": 2.112322732916289,
      "cum_modelled_carbon_g": 11.449926741971156,
      "training_tflops": 0.0067937895,
      "cum_training_tflops": 0.036648696,
      "round_comm_mb": 0.333251953125,
      "cum_comm_mb": 1.3330078125,
      "fairness_variance": 0.64,
      "fairness_gini": 0.8125,
      "fairness_jain": 0.2,
      "utilization_entropy": 0.498767914436056,
      "participation_coverage_ratio": 0.25,
      "tier_0_selection_rate": 0.25,
      "tier_1_selection_rate": 0.375,
      "tier_2_selection_rate": 0.375,
      "label_coverage_ratio": 1.0,
      "mean_local_loss_reduction": 0.05970839876681566,
      "accuracy_delta": 0.0,
      "criticalfl_sparse_round": false
    },
    {
      "accuracy": 0.6329,
      "f1": 0.5584609143545246,
      "precision": 0.5734303632113515,
      "recall": 0.6469570016800833,
      "loss": 1.56708141040802,
      "round": 4,
      "evaluated": false,
      "selected_clients": [
        4,
        14
      ],
      "selected_count": 2,
      "selection_seconds": 8.916598744690418e-05,
      "selection_overhead_seconds": 8.916598744690418e-05,
      "round_time": 4969.799068453765,
      "cum_time": 13366.290902295941,
      "round_modelled_energy_wh": 7.544777562008106,
      "cum_modelled_energy_wh": 31.649886492473698,
      "round_modelled_carbon_g": 3.5837693419538503,
      "cum_modelled_carbon_g": 15.033696083925005,
      "training_tflops": 0.0097776945,
      "cum_training_tflops": 0.0464263905,
      "round_comm_mb": 0.333251953125,
      "cum_comm_mb": 1.666259765625,
      "fairness_variance": 0.85,
      "fairness_gini": 0.78,
      "fairness_jain": 0.22727272727272727,
      "utilization_entropy": 0.5485863120349901,
      "participation_coverage_ratio": 0.3,
      "tier_0_selection_rate": 0.4,
      "tier_1_selection_rate": 0.3,
      "tier_2_selection_rate": 0.3,
      "label_coverage_ratio": 1.0,
      "mean_local_loss_reduction": 0.19450330300605856,
      "accuracy_delta": 0.0,
      "criticalfl_sparse_round": false
    },
    {
      "accuracy": 0.6329,
      "f1": 0.5584609143545246,
      "precision": 0.5734303632113515,
      "recall": 0.6469570016800833,
      "loss": 1.56708141040802,
      "round": 5,
      "evaluated": false,
      "selected_clients": [
        11,
        4
      ],
      "selected_count": 2,
      "selection_seconds": 7.770900265313685e-05,
      "selection_overhead_seconds": 7.770900265313685e-05,
      "round_time": 4970.015187477332,
      "cum_time": 18336.306089773272,
      "round_modelled_energy_wh": 10.123677578083491,
      "cum_modelled_energy_wh": 41.773564070557185,
      "round_modelled_carbon_g": 4.808746849589658,
      "cum_modelled_carbon_g": 19.84244293351466,