{
  "metrics": [
    {
      "accuracy": 0.1041,
      "f1": 0.025060449392979356,
      "precision": 0.03294641452782796,
      "recall": 0.10328255526460788,
      "loss": 2.3103507289886474,
      "round": -1,
      "evaluated": true,
      "cum_time": 0.0,
      "cum_modelled_energy_wh": 0.0,
      "cum_modelled_carbon_g": 0.0,
      "cum_training_tflops": 0.0,
      "cum_comm_mb": 0.0
    },
    {
      "accuracy": 0.2581,
      "f1": 0.19251865438108007,
      "precision": 0.2548950650908139,
      "recall": 0.2633463056698878,
      "loss": 2.234341550445557,
      "round": 0,
      "evaluated": true,
      "selected_clients": [
        1,
        2,
        0,
        3,
        5,
        4,
        6,
        7,
        9,
        20,
        8,
        13,
        29,
        10,
        15,
        33,
        11,
        19,
        34,
        12
      ],
      "selected_count": 20,
      "selection_seconds": 0.0003394999948795885,
      "selection_overhead_seconds": 0.0003394999948795885,
      "round_time": 552.0017074044155,
      "cum_time": 552.0017074044155,
      "round_modelled_energy_wh": 5.611066875087513,
      "cum_modelled_energy_wh": 5.611066875087513,
      "round_modelled_carbon_g": 2.665256765666568,
      "cum_modelled_carbon_g": 2.665256765666568,
      "training_tflops": 0.008176188,
      "cum_training_tflops": 0.008176188,
      "round_comm_mb": 3.33251953125,
      "cum_comm_mb": 3.33251953125,
      "fairness_variance": 0.08999999999999997,
      "fairness_gini": 0.9,
      "fairness_jain": 0.1,
      "utilization_entropy": 0.5654120103239064,
      "participation_coverage_ratio": 0.1,
      "tier_0_selection_rate": 0.35,
      "tier_1_selection_rate": 0.35,
      "tier_2_selection_rate": 0.3,
      "label_coverage_ratio": 1.0,
      "mean_local_loss_reduction": 0.49231749176979067,
      "accuracy_delta": 0.154,
      "criticalfl_sparse_round": false
    },
    {
      "accuracy": 0.2581,
      "f1": 0.19251865438108007,
      "precision": 0.2548950650908139,
      "recall": 0.2633463056698878,
      "loss": 2.234341550445557,
      "round": 1,
      "evaluated": false,
      "selected_clients": [
        0,
        1,
        2,
        4,
        3,
        5,
        9,
        6,
        7,
        13,
        20,
        8,
        15,
        29,
        10,
        19,
        33,
        11,
        21,
        34
      ],
      "selected_count": 20,
      "selection_seconds": 0.00045649999810848385,
      "selection_overhead_seconds": 0.00045649999810848385,
      "round_time": 552.0663994595413,
      "cum_time": 1104.068106863957,
      "round_modelled_energy_wh": 5.521224917191788,
      "cum_modelled_energy_wh": 11.1322917922793,
      "round_modelled_carbon_g": 2.6225818356660997,
      "cum_modelled_carbon_g": 5.287838601332668,
      "training_tflops": 0.0080911395,
      "cum_training_tflops": 0.0162673275,
      "round_comm_mb": 3.33251953125,
      "cum_comm_mb": 6.6650390625,
      "fairness_variance": 0.34999999999999987,
      "fairness_gini": 0.89975,
      "fairness_jain": 0.10256410256410256,
      "utilization_entropy": 0.5719532113562971,
      "participation_coverage_ratio": 0.105,
      "tier_0_selection_rate": 0.35,
      "tier_1_selection_rate": 0.325,
      "tier_2_selection_rate": 0.325,
      "label_coverage_ratio": 1.0,
      "mean_local_loss_reduction": 0.5779381960630416,
      "accuracy_delta": 0.0,
      "criticalfl_sparse_round": false
    },
    {
      "accuracy": 0.2581,
      "f1": 0.19251865438108007,
      "precision": 0.2548950650908139,
      "recall": 0.2633463056698878,
      "loss": 2.234341550445557,
      "round": 2,
      "evaluated": false,
      "selected_clients": [
        2,
        0,
        1,
        5,
        4,
        3,
        7,
        9,
        6,
        8,
        13,
        20,
        10,
        15,
        29,
        11,
        19,
        33,
        12,
        21
      ],
      "selected_count": 20,
      "selection_seconds": 0.00048099999548867345,
      "selection_overhead_seconds": 0.00048099999548867345,
      "round_time": 551.989565530104,
      "cum_time": 1656.0576723940608,
      "round_modelled_energy_wh": 5.4253199764521565,
      "cum_modelled_energy_wh": 16.557611768731455,
      "round_modelled_carbon_g": 2.5770269888147745,
      "cum_modelled_carbon_g": 7.86486559014744,
      "training_tflops": 0.0080190645,
      "cum_training_tflops": 0.024286392,
      "round_comm_mb": 3.33251953125,
      "cum_comm_mb": 9.99755859375,
      "fairness_variance": 0.78,
      "fairness_gini": 0.8995,
      "fairness_jain": 0.10344827586206896,
      "utilization_entropy": 0.5730647249511605,
      "participation_coverage_ratio": 0.105,
      "tier_0_selection_rate": 0.3333333333333333,
      "tier_1_selection_rate": 0.3333333333333333,
      "tier_2_selection_rate": 0.3333333333333333,
      "label_coverage_ratio": 1.0,
      "mean_local_loss_reduction": 0.7023246183991432,
      "accuracy_delta": 0.0,
      "criticalfl_sparse_round": false
    },
    {
      "accuracy": 0.2581,
      "f1": 0.19251865438108007,
      "precision": 0.2548950650908139,
      "recall": 0.2633463056698878,
      "loss": 2.234341550445557,
      "round": 3,
      "evaluated": false,
      "selected_clients": [
        1,
        2,
        0,
        3,
        5,
        4,
        6,
        7,
        9,
        20,
        8,
        13,
        29,
        10,
        15,
        33,
        11,
        19,
        34,
        12
      ],
      "selected_count": 20,
      "selection_seconds": 0.0004017000028397888,
      "selection_overhead_seconds": 0.0004017000028397888,
      "round_time": 551.9457173958778,
      "cum_time": 2208.0033897899384,
      "round_modelled_energy_wh": 5.611145064291573,
      "cum_modelled_energy_wh": 22.16875683302303,
      "round_modelled_carbon_g": 2.665293905538497,
      "cum_modelled_carbon_g": 10.530159495685938,
      "training_tflops": 0.008176188,
      "cum_training_tflops": 0.03246258,
      "round_comm_mb": 3.33251953125,
      "cum_comm_mb": 13.330078125,
      "fairness_variance": 1.3899999999999995,
      "fairness_gini": 0.899625,
      "fairness_jain": 0.1032258064516129,
      "utilization_entropy": 0.5727548764182473,
      "participation_coverage_ratio": 0.105,
      "tier_0_selection_rate": 0.3375,
      "tier_1_selection_rate": 0.3375,
      "tier_2_selection_rate": 0.325,
      "label_coverage_ratio": 1.0,
      "mean_local_loss_reduction": 0.5599300011992454,
      "accuracy_delta": 0.0,
      "criticalfl_sparse_round": false
    },
    {
      "accuracy": 0.2581,
      "f1": 0.19251865438108007,
      "precision": 0.2548950650908139,
      "recall": 0.2633463056698878,
      "loss": 2.234341550445557,
      "round": 4,
      "evaluated": false,
      "selected_clients": [
        0,
        1,
        2,
        4,
        3,
        5,
        9,
        6,
        7,
        13,
        20,
        8,
        15,
        29,
        10,
        19,
        33,
        11,
        21,
        34
      ],
      "selected_count": 20,
      "selection_seconds": 0.0003068999940296635,
      "selection_overhead_seconds": 0.0003068999940296635,
      "round_time": 551.8711232225669,
      "cum_time": 2759.8745130125053,
      "round_modelled_energy_wh": 5.5214997712843035,
      "cum_modelled_energy_wh": 27.690256604307333,
      "round_modelled_carbon_g": 2.6227123913600443,
      "cum_modelled_carbon_g": 13.152871887045983,
      "training_tflops": 0.0080911395,
      "cum_training_tflops": 0.0405537195,
      "round_comm_mb": 3.33251953125,
      "cum_comm_mb": 16.66259765625,
      "fairness_variance": 2.17,