{
  "metrics": [
    {
      "accuracy": 0.1041,
      "f1": 0.025060449392979356,
      "precision": 0.03294641452782796,
      "recall": 0.10328255526460788,
      "loss": 2.3103507289886474,
      "round": -1,
      "evaluated": true,
      "cum_time": 0.0,
      "cum_modelled_energy_wh": 0.0,
      "cum_modelled_carbon_g": 0.0,
      "cum_training_tflops": 0.0,
      "cum_comm_mb": 0.0
    },
    {
      "accuracy": 0.1033,
      "f1": 0.018925468963028665,
      "precision": 0.018665732211987716,
      "recall": 0.10009910802775024,
      "loss": 2.2466164348602295,
      "round": 0,
      "evaluated": true,
      "selected_clients": [
        54,
        93,
        198,
        2,
        119,
        60,
        47,
        182,
        16,
        111,
        169,
        114,
        137,
        10,
        112,
        86,
        87,
        33,
        22,
        163
      ],
      "selected_count": 20,
      "selection_seconds": 0.012720400001853704,
      "selection_overhead_seconds": 0.012720400001853704,
      "round_time": 290.29748786892395,
      "cum_time": 290.29748786892395,
      "round_modelled_energy_wh": 5.03831922902342,
      "cum_modelled_energy_wh": 5.03831922902342,
      "round_modelled_carbon_g": 2.393201633786125,
      "cum_modelled_carbon_g": 2.393201633786125,
      "training_tflops": 0.007749504,
      "cum_training_tflops": 0.007749504,
      "round_comm_mb": 3.33251953125,
      "cum_comm_mb": 3.33251953125,
      "fairness_variance": 0.09000000000000002,
      "fairness_gini": 0.9,
      "fairness_jain": 0.1,
      "utilization_entropy": 0.5654120103239064,
      "participation_coverage_ratio": 0.1,
      "tier_0_selection_rate": 0.1,
      "tier_1_selection_rate": 0.6,
      "tier_2_selection_rate": 0.3,
      "label_coverage_ratio": 1.0,
      "mean_local_loss_reduction": 0.4665556788444519,
      "accuracy_delta": -0.0007999999999999952,
      "criticalfl_sparse_round": false
    },
    {
      "accuracy": 0.1033,
      "f1": 0.018925468963028665,
      "precision": 0.018665732211987716,
      "recall": 0.10009910802775024,
      "loss": 2.2466164348602295,
      "round": 1,
      "evaluated": false,
      "selected_clients": [
        9,
        19,
        77,
        17,
        187,
        154,
        90,
        31,
        62,
        186,
        105,
        117,
        73,
        150,
        50,
        68,
        128,
        89,
        160,
        11
      ],
      "selected_count": 20,
      "selection_seconds": 0.01907769999525044,
      "selection_overhead_seconds": 0.01907769999525044,
      "round_time": 457.59658285450206,
      "cum_time": 747.894070723426,
      "round_modelled_energy_wh": 6.1858695715540835,
      "cum_modelled_energy_wh": 11.224188800577505,
      "round_modelled_carbon_g": 2.9382880464881898,
      "cum_modelled_carbon_g": 5.331489680274315,
      "training_tflops": 0.0091837965,
      "cum_training_tflops": 0.0169333005,
      "round_comm_mb": 3.33251953125,
      "cum_comm_mb": 6.6650390625,
      "fairness_variance": 0.16000000000000006,
      "fairness_gini": 0.8,
      "fairness_jain": 0.2,
      "utilization_entropy": 0.6962360309717192,
      "participation_coverage_ratio": 0.2,
      "tier_0_selection_rate": 0.15,
      "tier_1_selection_rate": 0.6,
      "tier_2_selection_rate": 0.25,
      "label_coverage_ratio": 1.0,
      "mean_local_loss_reduction": 0.4918866753578186,
      "accuracy_delta": 0.0,
      "criticalfl_sparse_round": false
    },
    {
      "accuracy": 0.1033,
      "f1": 0.018925468963028665,
      "precision": 0.018665732211987716,
      "recall": 0.10009910802775024,
      "loss": 2.2466164348602295,
      "round": 2,
      "evaluated": false,
      "selected_clients": [
        144,
        81,
        82,
        98,
        48,
        173,
        38,
        124,
        12,
        145,
        133,
        51,
        44,
        116,
        55,
        83,
        74,
        96,
        18,
        140
      ],
      "selected_count": 20,
      "selection_seconds": 0.025498599992715754,
      "selection_overhead_seconds": 0.025498599992715754,
      "round_time": 403.5977171164931,
      "cum_time": 1151.4917878399192,
      "round_modelled_energy_wh": 5.770604826151885,
      "cum_modelled_energy_wh": 16.99479362672939,
      "round_modelled_carbon_g": 2.7410372924221456,
      "cum_modelled_carbon_g": 8.07252697269646,
      "training_tflops": 0.00882198,
      "cum_training_tflops": 0.0257552805,
      "round_comm_mb": 3.33251953125,
      "cum_comm_mb": 9.99755859375,
      "fairness_variance": 0.20999999999999996,
      "fairness_gini": 0.7,
      "fairness_jain": 0.3,
      "utilization_entropy": 0.7727631772442597,
      "participation_coverage_ratio": 0.3,
      "tier_0_selection_rate": 0.16666666666666666,
      "tier_1_selection_rate": 0.5166666666666667,
      "tier_2_selection_rate": 0.31666666666666665,
      "label_coverage_ratio": 1.0,
      "mean_local_loss_reduction": 0.6256930649280548,
      "accuracy_delta": 0.0,
      "criticalfl_sparse_round": false
    },
    {
      "accuracy": 0.1033,
      "f1": 0.018925468963028665,
      "precision": 0.018665732211987716,
      "recall": 0.10009910802775024,
      "loss": 2.2466164348602295,
      "round": 3,
      "evaluated": false,
      "selected_clients": [
        158,
        143,
        141,
        59,
        70,
        57,
        76,
        78,
        142,
        172,
        189,
        126,
        175,
        14,
        147,
        194,
        184,
        85,
        1,
        159
      ],
      "selected_count": 20,
      "selection_seconds": 0.03226179999182932,
      "selection_overhead_seconds": 0.03226179999182932,
      "round_time": 525.6025944934255,
      "cum_time": 1677.0943823333446,
      "round_modelled_energy_wh": 6.992890829423135,
      "cum_modelled_energy_wh": 23.987684456152525,
      "round_modelled_carbon_g": 3.321623143975989,
      "cum_modelled_carbon_g": 11.39415011667245,
      "training_tflops": 0.0102476235,
      "cum_training_tflops": 0.036002904,
      "round_comm_mb": 3.33251953125,
      "cum_comm_mb": 13.330078125,
      "fairness_variance": 0.24,
      "fairness_gini": 0.6,
      "fairness_jain": 0.4,
      "utilization_entropy": 0.8270600516195319,
      "participation_coverage_ratio": 0.4,
      "tier_0_selection_rate": 0.175,
      "tier_1_selection_rate": 0.55,
      "tier_2_selection_rate": 0.275,
      "label_coverage_ratio": 1.0,
      "mean_local_loss_reduction": 0.804221260547638,
      "accuracy_delta": 0.0,
      "criticalfl_sparse_round": false
    },
    {
      "accuracy": 0.1033,
      "f1": 0.018925468963028665,
      "precision": 0.018665732211987716,
      "recall": 0.10009910802775024,
      "loss": 2.2466164348602295,
      "round": 4,
      "evaluated": false,
      "selected_clients": [
        84,
        80,
        122,
        15,
        174,
        131,
        161,
        188,
        166,
        5,
        94,
        101,
        104,
        136,
        199,
        7,
        148,
        192,
        25,
        196
      ],
      "selected_count": 20,
      "selection_seconds": 0.022942800002056174,
      "selection_overhead_seconds": 0.022942800002056174,
      "round_time": 261.35815381111627,
      "cum_time": 1938.4525361444607,
      "round_modelled_energy_wh": 5.790013542203268,
      "cum_modelled_energy_wh": 29.777697998355794,
      "round_modelled_carbon_g": 2.7502564325465526,
      "cum_modelled_carbon_g": 14.144406549219001,
      "training_tflops": 0.008971896,
      "cum_training_tflops": 0.0449748,
      "round_comm_mb": 3.33251953125,