{
  "run_label": "cifar100_benchmarks_cifar100_main_oort_s42",
  "round": 199,
  "rounds": 200,
  "latest_metrics": {
    "accuracy": 0.2831,
    "f1": 0.26976744116526,
    "precision": 0.2858291870329744,
    "recall": 0.2831,
    "loss": 4.412302020645142,
    "round": 199,
    "evaluated": true,
    "selected_clients": [
      7,
      1,
      9,
      6,
      0,
      4,
      8,
      3,
      2,
      5
    ],
    "selected_count": 10,
    "selection_seconds": 0.00011216600250918418,
    "selection_overhead_seconds": 0.00011216600250918418,
    "round_time": 2941.5261766654676,
    "cum_time": 588245.3720350285,
    "round_modelled_energy_wh": 21.808547249768715,
    "cum_modelled_energy_wh": 4362.108184099065,
    "round_modelled_carbon_g": 10.359059943640139,
    "cum_modelled_carbon_g": 2072.001387447056,
    "training_tflops": 38.55610536192,
    "cum_training_tflops": 7711.221072384,
    "round_comm_mb": 856.0281372070312,
    "cum_comm_mb": 171205.62744140625,
    "fairness_variance": 3600.0,
    "fairness_gini": 0.9,
    "fairness_jain": 0.1,
    "utilization_entropy": 0.4999999999999999,
    "participation_coverage_ratio": 0.1,
    "tier_0_selection_rate": 0.2,
    "tier_1_selection_rate": 0.4,
    "tier_2_selection_rate": 0.4,
    "label_coverage_ratio": 1.0,
    "mean_local_loss_reduction": -0.46207699317019435,
    "accuracy_delta": -0.003500000000000003,
    "criticalfl_sparse_round": false
  }
}