{
  "metrics": [
    {
      "accuracy": 0.1041,
      "f1": 0.025060449392979356,
      "precision": 0.03294641452782796,
      "recall": 0.10328255526460788,
      "loss": 2.310351022338867,
      "round": -1,
      "evaluated": true,
      "cum_time": 0.0,
      "cum_modelled_energy_wh": 0.0,
      "cum_modelled_carbon_g": 0.0,
      "cum_training_tflops": 0.0,
      "cum_comm_mb": 0.0
    },
    {
      "accuracy": 0.534,
      "f1": 0.418804942283323,
      "precision": 0.4011425943141124,
      "recall": 0.5214657538969305,
      "loss": 1.7484053356170655,
      "round": 0,
      "evaluated": true,
      "selected_clients": [
        12,
        0
      ],
      "selected_count": 2,
      "selection_seconds": 0.018714083009399474,
      "selection_overhead_seconds": 0.018714083009399474,
      "round_time": 727.1611263410733,
      "cum_time": 727.1611263410733,
      "round_modelled_energy_wh": 3.565837798464506,
      "cum_modelled_energy_wh": 3.565837798464506,
      "round_modelled_carbon_g": 1.6937729542706406,
      "cum_modelled_carbon_g": 1.6937729542706406,
      "training_tflops": 0.005861139,
      "cum_training_tflops": 0.005861139,
      "round_comm_mb": 0.333251953125,
      "cum_comm_mb": 0.333251953125,
      "fairness_variance": 0.09000000000000001,
      "fairness_gini": 0.9,
      "fairness_jain": 0.1,
      "utilization_entropy": 0.23137821315975918,
      "participation_coverage_ratio": 0.1,
      "tier_0_selection_rate": 0.0,
      "tier_1_selection_rate": 0.5,
      "tier_2_selection_rate": 0.5,
      "label_coverage_ratio": 1.0,
      "mean_local_loss_reduction": 1.7560090869665146,
      "accuracy_delta": 0.42990000000000006,
      "criticalfl_sparse_round": false
    },
    {
      "accuracy": 0.534,
      "f1": 0.418804942283323,
      "precision": 0.4011425943141124,
      "recall": 0.5214657538969305,
      "loss": 1.7484053356170655,
      "round": 1,
      "evaluated": false,
      "selected_clients": [
        4,
        5
      ],
      "selected_count": 2,
      "selection_seconds": 0.12695983299636282,
      "selection_overhead_seconds": 0.12695983299636282,
      "round_time": 4970.103128600285,
      "cum_time": 5697.264254941359,
      "round_modelled_energy_wh": 8.027973949004526,
      "cum_modelled_energy_wh": 11.593811747469033,
      "round_modelled_carbon_g": 3.8132876257771495,
      "cum_modelled_carbon_g": 5.507060580047791,
      "training_tflops": 0.0114700155,
      "cum_training_tflops": 0.0173311545,
      "round_comm_mb": 0.333251953125,
      "cum_comm_mb": 0.66650390625,
      "fairness_variance": 0.16000000000000006,
      "fairness_gini": 0.8,
      "fairness_jain": 0.2,
      "utilization_entropy": 0.46275642631951835,
      "participation_coverage_ratio": 0.2,
      "tier_0_selection_rate": 0.25,
      "tier_1_selection_rate": 0.25,
      "tier_2_selection_rate": 0.5,
      "label_coverage_ratio": 1.0,
      "mean_local_loss_reduction": 1.960170743870549,
      "accuracy_delta": 0.0,
      "criticalfl_sparse_round": false
    },
    {
      "accuracy": 0.534,
      "f1": 0.418804942283323,
      "precision": 0.4011425943141124,
      "recall": 0.5214657538969305,
      "loss": 1.7484053356170655,
      "round": 2,
      "evaluated": false,
      "selected_clients": [
        1,
        7
      ],
      "selected_count": 2,
      "selection_seconds": 0.023136834002798423,
      "selection_overhead_seconds": 0.023136834002798423,
      "round_time": 3988.94743399633,
      "cum_time": 9686.211688937688,
      "round_modelled_energy_wh": 7.458719882467602,
      "cum_modelled_energy_wh": 19.052531629936635,
      "round_modelled_carbon_g": 3.542891944172111,
      "cum_modelled_carbon_g": 9.049952524219902,
      "training_tflops": 0.01020582,
      "cum_training_tflops": 0.0275369745,
      "round_comm_mb": 0.333251953125,
      "cum_comm_mb": 0.999755859375,
      "fairness_variance": 0.20999999999999996,
      "fairness_gini": 0.7,
      "fairness_jain": 0.3,
      "utilization_entropy": 0.5981040045018438,
      "participation_coverage_ratio": 0.3,
      "tier_0_selection_rate": 0.3333333333333333,
      "tier_1_selection_rate": 0.3333333333333333,
      "tier_2_selection_rate": 0.3333333333333333,
      "label_coverage_ratio": 1.0,
      "mean_local_loss_reduction": 0.6765496702864766,
      "accuracy_delta": 0.0,
      "criticalfl_sparse_round": false
    },
    {
      "accuracy": 0.534,
      "f1": 0.418804942283323,
      "precision": 0.4011425943141124,
      "recall": 0.5214657538969305,
      "loss": 1.7484053356170655,
      "round": 3,
      "evaluated": false,
      "selected_clients": [
        7,
        11
      ],
      "selected_count": 2,
      "selection_seconds": 0.02365416698739864,
      "selection_overhead_seconds": 0.02365416698739864,
      "round_time": 3989.766281404505,
      "cum_time": 13675.977970342194,
      "round_modelled_energy_wh": 9.03078261420572,
      "cum_modelled_energy_wh": 28.083314244142354,
      "round_modelled_carbon_g": 4.289621741747716,
      "cum_modelled_carbon_g": 13.339574265967618,
      "training_tflops": 0.012535284,
      "cum_training_tflops": 0.0400722585,
      "round_comm_mb": 0.333251953125,
      "cum_comm_mb": 1.3330078125,
      "fairness_variance": 0.3400000000000001,
      "fairness_gini": 0.6875,
      "fairness_jain": 0.32,
      "utilization_entropy": 0.6362900861893378,
      "participation_coverage_ratio": 0.35,
      "tier_0_selection_rate": 0.375,
      "tier_1_selection_rate": 0.375,
      "tier_2_selection_rate": 0.25,
      "label_coverage_ratio": 1.0,
      "mean_local_loss_reduction": 0.13216426596045494,
      "accuracy_delta": 0.0,
      "criticalfl_sparse_round": false
    },
    {
      "accuracy": 0.534,
      "f1": 0.418804942283323,
      "precision": 0.4011425943141124,
      "recall": 0.5214657538969305,
      "loss": 1.7484053356170655,
      "round": 4,
      "evaluated": false,
      "selected_clients": [
        14,
        1
      ],
      "selected_count": 2,
      "selection_seconds": 0.02033724999637343,
      "selection_overhead_seconds": 0.02033724999637343,
      "round_time": 1820.5376745907984,
      "cum_time": 15496.515644932992,
      "round_modelled_energy_wh": 5.049682727080747,
      "cum_modelled_energy_wh": 33.1329969712231,
      "round_modelled_carbon_g": 2.398599295363355,
      "cum_modelled_carbon_g": 15.738173561330973,
      "training_tflops": 0.0070878555,
      "cum_training_tflops": 0.047160114,
      "round_comm_mb": 0.333251953125,
      "cum_comm_mb": 1.666259765625,
      "fairness_variance": 0.45,
      "fairness_gini": 0.66,
      "fairness_jain": 0.35714285714285715,
      "utilization_entropy": 0.6760705015763373,
      "participation_coverage_ratio": 0.4,
      "tier_0_selection_rate": 0.4,
      "tier_1_selection_rate": 0.4,
      "tier_2_selection_rate": 0.2,
      "label_coverage_ratio": 1.0,
      "mean_local_loss_reduction": 0.08013711869716644,
      "accuracy_delta": 0.0,
      "criticalfl_sparse_round": false
    },
    {
      "accuracy": 0.534,
      "f1": 0.418804942283323,
      "precision": 0.4011425943141124,
      "recall": 0.5214657538969305,
      "loss": 1.7484053356170655,
      "round": 5,
      "evaluated": false,
      "selected_clients": [
        5,
        11
      ],
      "selected_count": 2,
      "selection_seconds": 0.022056832996895537,
      "selection_overhead_seconds": 0.022056832996895537,
      "round_time": 2364.6525582754584,
      "cum_time": 17861.16820320845,
      "round_modelled_energy_wh": 7.103774663520872,
      "cum_modelled_energy_wh": 40.236771634743974,
      "round_modelled_carbon_g": 3.374292965172414,
      "cum_modelled_carbon_g": 19.11246652650339,
      "training_tflops": 0.0111096405,
      "cum_training_tflops": 0.0582697545,
      "round_comm_mb": 0.333251953125,
      "cum_comm_mb": 1.99951171875,
      "fairness_variance": 0.6399999999999999,
      "fairness_gini": 0.6666666666666666,