{
  "run_label": "cifar100_benchmarks_cifar100_main_criticalfl_s123",
  "round": 70,
  "rounds": 200,
  "latest_metrics": {
    "accuracy": 0.3721,
    "f1": 0.3597996993190929,
    "precision": 0.545592138844773,
    "recall": 0.37209999999999993,
    "loss": 3.247322214889526,
    "round": 70,
    "evaluated": true,
    "selected_clients": [
      1,
      49,
      76,
      5,
      47,
      94,
      12,
      15,
      39,
      95,
      57,
      11,
      84,
      40,
      64,
      34,
      69,
      72,
      58,
      29
    ],
    "selected_count": 20,
    "selection_seconds": 0.00024916599795687944,
    "selection_overhead_seconds": 0.00024916599795687944,
    "round_time": 3566.1269686425594,
    "cum_time": 192893.67249667156,
    "round_modelled_energy_wh": 49.05229763819376,
    "cum_modelled_energy_wh": 1896.1118724078326,
    "round_modelled_carbon_g": 23.299841378142034,
    "cum_modelled_carbon_g": 900.6531393937205,
    "training_tflops": 85.17995232768,
    "cum_training_tflops": 3292.16582304,
    "round_comm_mb": 1027.2337646484375,
    "cum_comm_mb": 58295.51614379883,
    "fairness_variance": 6.0475,
    "fairness_gini": 0.17494267515923567,
    "fairness_jain": 0.9106324811585637,
    "utilization_entropy": 0.9892033162871773,
    "participation_coverage_ratio": 1.0,
    "tier_0_selection_rate": 0.20127388535031848,
    "tier_1_selection_rate": 0.5044585987261146,
    "tier_2_selection_rate": 0.29426751592356687,
    "label_coverage_ratio": 1.0,
    "mean_local_loss_reduction": 1.476685611717403,
    "accuracy_delta": -0.1734,
    "criticalfl_sparse_round": true
  }
}