{
  "run_label": "cifar100_benchmarks_cifar100_main_criticalfl_s123",
  "round": 80,
  "rounds": 200,
  "latest_metrics": {
    "accuracy": 0.4467,
    "f1": 0.4470620359991496,
    "precision": 0.5912116620791875,
    "recall": 0.44669999999999993,
    "loss": 2.6821083782196045,
    "round": 80,
    "evaluated": true,
    "selected_clients": [
      42,
      64,
      86,
      52,
      39,
      45,
      73,
      59,
      90,
      84,
      34,
      44,
      87,
      56,
      36,
      78,
      67,
      9,
      30,
      92,
      1,
      60,
      96,
      88,
      79,
      41,
      26,
      20,
      98,
      28,
      91,
      43,
      51,
      69,
      47,
      58,
      29,
      8,
      74,
      65
    ],
    "selected_count": 40,
    "selection_seconds": 0.0007845000000088476,
    "selection_overhead_seconds": 0.0007845000000088476,
    "round_time": 3566.0206625195615,
    "cum_time": 223312.87625931107,
    "round_modelled_energy_wh": 93.67768490351081,
    "cum_modelled_energy_wh": 2400.317668473692,
    "round_modelled_carbon_g": 44.49690032916763,
    "cum_modelled_carbon_g": 1140.1508925250037,
    "training_tflops": 165.81552323328,
    "cum_training_tflops": 4172.42840564736,
    "round_comm_mb": 2054.467529296875,
    "cum_comm_mb": 73019.20010375977,
    "fairness_variance": 6.5675,
    "fairness_gini": 0.14344723618090452,
    "fairness_jain": 0.9377900918821634,
    "utilization_entropy": 0.9926874400200549,
    "participation_coverage_ratio": 1.0,
    "tier_0_selection_rate": 0.19798994974874373,
    "tier_1_selection_rate": 0.5035175879396985,
    "tier_2_selection_rate": 0.2984924623115578,
    "label_coverage_ratio": 1.0,
    "mean_local_loss_reduction": 1.0693708822131156,
    "accuracy_delta": 0.0746,
    "criticalfl_sparse_round": true
  }
}