{
  "run_label": "cifar100_benchmarks_cifar100_main_criticalfl_s123",
  "round": 180,
  "rounds": 200,
  "latest_metrics": {
    "accuracy": 0.5177,
    "f1": 0.5180568318101341,
    "precision": 0.6363514615045003,
    "recall": 0.5176999999999999,
    "loss": 2.4856133163452148,
    "round": 180,
    "evaluated": true,
    "selected_clients": [
      18,
      2,
      23,
      59,
      51,
      96,
      73,
      89,
      46,
      19,
      82,
      14,
      77,
      85,
      44,
      87,
      64,
      93,
      7,
      63
    ],
    "selected_count": 20,
    "selection_seconds": 0.00011329100379953161,
    "selection_overhead_seconds": 0.00011329100379953161,
    "round_time": 3203.049455062847,
    "cum_time": 503120.4031747941,
    "round_modelled_energy_wh": 50.82690975562098,
    "cum_modelled_energy_wh": 6156.554464241468,
    "round_modelled_carbon_g": 24.142782133919965,
    "cum_modelled_carbon_g": 2924.3633705146976,
    "training_tflops": 87.34753020672,
    "cum_training_tflops": 10716.8732711424,
    "round_comm_mb": 1027.2337646484375,
    "cum_comm_mb": 190295.05490112305,
    "fairness_variance": 17.5475,
    "fairness_gini": 0.09265362035225048,
    "fairness_jain": 0.9738233758484374,
    "utilization_entropy": 0.9970843197543445,
    "participation_coverage_ratio": 1.0,
    "tier_0_selection_rate": 0.19726027397260273,
    "tier_1_selection_rate": 0.4931506849315068,
    "tier_2_selection_rate": 0.3095890410958904,
    "label_coverage_ratio": 1.0,
    "mean_local_loss_reduction": 0.927929152874276,
    "accuracy_delta": -0.12279999999999991,
    "criticalfl_sparse_round": true
  }
}