{
  "run_label": "cifar10_lambda_sensitivity_cifar10_review_100_research.maml_select.cifar10_lambda_5p0_s123",
  "round": 99,
  "rounds": 100,
  "latest_metrics": {
    "accuracy": 0.5789,
    "f1": 0.5596162741429516,
    "precision": 0.6198447934268894,
    "recall": 0.5789,
    "loss": 1.3430890169143677,
    "round": 99,
    "evaluated": true,
    "selected_clients": [
      16,
      76,
      17,
      95,
      64,
      84,
      19,
      20,
      50,
      91
    ],
    "selected_count": 10,
    "selection_seconds": 0.015937624993966892,
    "selection_overhead_seconds": 0.015937624993966892,
    "round_time": 870.4818564492954,
    "cum_time": 163663.5919362441,
    "round_modelled_energy_wh": 17.245627438628844,
    "cum_modelled_energy_wh": 1540.6033296130893,
    "round_modelled_carbon_g": 8.191673033348701,
    "cum_modelled_carbon_g": 731.7865815662174,
    "training_tflops": 33.05927835648,
    "cum_training_tflops": 2857.2364455552,
    "round_comm_mb": 851.7732238769531,
    "cum_comm_mb": 85177.32238769531,
    "fairness_variance": 174.22,
    "fairness_gini": 0.59416,
    "fairness_jain": 0.36467070235577276,
    "utilization_entropy": 0.8602798041331124,
    "participation_coverage_ratio": 1.0,
    "tier_0_selection_rate": 0.042,
    "tier_1_selection_rate": 0.392,
    "tier_2_selection_rate": 0.566,
    "label_coverage_ratio": 1.0,
    "mean_local_loss_reduction": 0.4008628446608782,
    "accuracy_delta": -0.012700000000000045,
    "criticalfl_sparse_round": false
  }
}