{
  "run_label": "cifar100_benchmarks_cifar100_main_fedavg_s2026",
  "round": 199,
  "rounds": 200,
  "latest_metrics": {
    "accuracy": 0.6203,
    "f1": 0.6150518361981421,
    "precision": 0.6339242360563877,
    "recall": 0.6203000000000001,
    "loss": 1.5460624397277831,
    "round": 199,
    "evaluated": true,
    "selected_clients": [
      92,
      33,
      43,
      65,
      27,
      66,
      30,
      79,
      59,
      35
    ],
    "selected_count": 10,
    "selection_seconds": 8.904199057724327e-05,
    "selection_overhead_seconds": 8.904199057724327e-05,
    "round_time": 2610.4556199926797,
    "cum_time": 517173.6150278723,
    "round_modelled_energy_wh": 23.41786822841105,
    "cum_modelled_energy_wh": 4788.20028673144,
    "round_modelled_carbon_g": 11.123487408495247,
    "cum_modelled_carbon_g": 2274.395136197434,
    "training_tflops": 41.43505049856,
    "cum_training_tflops": 8383.95690338304,
    "round_comm_mb": 856.0281372070312,
    "cum_comm_mb": 171205.62744140625,
    "fairness_variance": 18.3,
    "fairness_gini": 0.12021,
    "fairness_jain": 0.9562514941429596,
    "utilization_entropy": 0.9950576299883415,
    "participation_coverage_ratio": 1.0,
    "tier_0_selection_rate": 0.189,
    "tier_1_selection_rate": 0.508,
    "tier_2_selection_rate": 0.303,
    "label_coverage_ratio": 1.0,
    "mean_local_loss_reduction": 0.9175929160788655,
    "accuracy_delta": -0.007400000000000073,
    "criticalfl_sparse_round": false
  }
}