{
  "run_label": "cifar100_benchmarks_cifar100_main_fedavg_s2026",
  "round": 140,
  "rounds": 200,
  "latest_metrics": {
    "accuracy": 0.5961,
    "f1": 0.5895843245113298,
    "precision": 0.606809598769536,
    "recall": 0.5961000000000001,
    "loss": 1.6229841701507568,
    "round": 140,
    "evaluated": true,
    "selected_clients": [
      21,
      37,
      77,
      55,
      32,
      98,
      19,
      70,
      58,
      75
    ],
    "selected_count": 10,
    "selection_seconds": 0.00010550000297371298,
    "selection_overhead_seconds": 0.00010550000297371298,
    "round_time": 2810.8894017351436,
    "cum_time": 356675.5854281556,
    "round_modelled_energy_wh": 23.136842107127514,
    "cum_modelled_energy_wh": 3360.510497447088,
    "round_modelled_carbon_g": 10.99000000088557,
    "cum_modelled_carbon_g": 1596.2424862873665,
    "training_tflops": 39.02477084928,
    "cum_training_tflops": 5895.86204514816,
    "round_comm_mb": 856.0281372070312,
    "cum_comm_mb": 120699.9673461914,
    "fairness_variance": 14.01,
    "fairness_gini": 0.14909219858156028,
    "fairness_jain": 0.9341697208908937,
    "utilization_entropy": 0.9923538093171358,
    "participation_coverage_ratio": 1.0,
    "tier_0_selection_rate": 0.1794326241134752,
    "tier_1_selection_rate": 0.5177304964539007,
    "tier_2_selection_rate": 0.3028368794326241,
    "label_coverage_ratio": 1.0,
    "mean_local_loss_reduction": 0.848435003682971,
    "accuracy_delta": 0.013299999999999979,
    "criticalfl_sparse_round": false
  }
}