{
  "metrics": [
    {
      "accuracy": 0.1041,
      "f1": 0.025060449392979356,
      "precision": 0.03294641452782796,
      "recall": 0.10328255526460788,
      "loss": 2.310351022338867,
      "round": -1,
      "evaluated": true,
      "cum_time": 0.0,
      "cum_modelled_energy_wh": 0.0,
      "cum_modelled_carbon_g": 0.0,
      "cum_training_tflops": 0.0,
      "cum_comm_mb": 0.0
    },
    {
      "accuracy": 0.5333,
      "f1": 0.42094362019344633,
      "precision": 0.5633704060989995,
      "recall": 0.5180621003611934,
      "loss": 1.804058380317688,
      "round": 0,
      "evaluated": true,
      "selected_clients": [
        0,
        1,
        2,
        3,
        4,
        5,
        6,
        7,
        8,
        9
      ],
      "selected_count": 10,
      "selection_seconds": 8.599998545832932e-05,
      "selection_overhead_seconds": 8.599998545832932e-05,
      "round_time": 895.6252748086162,
      "cum_time": 895.6252748086162,
      "round_modelled_energy_wh": 7.971215071731672,
      "cum_modelled_energy_wh": 7.971215071731672,
      "round_modelled_carbon_g": 3.7863271590725445,
      "cum_modelled_carbon_g": 3.7863271590725445,
      "training_tflops": 0.012140313,
      "cum_training_tflops": 0.012140313,
      "round_comm_mb": 1.666259765625,
      "cum_comm_mb": 1.666259765625,
      "fairness_variance": 0.09,
      "fairness_gini": 0.9,
      "fairness_jain": 0.1,
      "utilization_entropy": 0.4999999999999999,
      "participation_coverage_ratio": 0.1,
      "tier_0_selection_rate": 0.2,
      "tier_1_selection_rate": 0.4,
      "tier_2_selection_rate": 0.4,
      "label_coverage_ratio": 1.0,
      "mean_local_loss_reduction": 1.1676046073436737,
      "accuracy_delta": 0.4292,
      "criticalfl_sparse_round": false
    },
    {
      "accuracy": 0.5333,
      "f1": 0.42094362019344633,
      "precision": 0.5633704060989995,
      "recall": 0.5180621003611934,
      "loss": 1.804058380317688,
      "round": 1,
      "evaluated": false,
      "selected_clients": [
        9,
        7,
        2,
        5,
        6,
        8,
        0,
        1,
        3,
        4
      ],
      "selected_count": 10,
      "selection_seconds": 0.00012400001287460327,
      "selection_overhead_seconds": 0.00012400001287460327,
      "round_time": 895.6144240466908,
      "cum_time": 1791.2396988553069,
      "round_modelled_energy_wh": 7.971136009897648,
      "cum_modelled_energy_wh": 15.942351081629319,
      "round_modelled_carbon_g": 3.7862896047013823,
      "cum_modelled_carbon_g": 7.572616763773926,
      "training_tflops": 0.012140313,
      "cum_training_tflops": 0.024280626,
      "round_comm_mb": 1.666259765625,
      "cum_comm_mb": 3.33251953125,
      "fairness_variance": 0.36,
      "fairness_gini": 0.9,
      "fairness_jain": 0.1,
      "utilization_entropy": 0.4999999999999999,
      "participation_coverage_ratio": 0.1,
      "tier_0_selection_rate": 0.2,
      "tier_1_selection_rate": 0.4,
      "tier_2_selection_rate": 0.4,
      "label_coverage_ratio": 1.0,
      "mean_local_loss_reduction": 1.2139275254448876,
      "accuracy_delta": 0.0,
      "criticalfl_sparse_round": false
    },
    {
      "accuracy": 0.5333,
      "f1": 0.42094362019344633,
      "precision": 0.5633704060989995,
      "recall": 0.5180621003611934,
      "loss": 1.804058380317688,
      "round": 2,
      "evaluated": false,
      "selected_clients": [
        9,
        2,
        5,
        0,
        8,
        6,
        1,
        4,
        3,
        7
      ],
      "selected_count": 10,
      "selection_seconds": 0.00011262501357123256,
      "selection_overhead_seconds": 0.00011262501357123256,
      "round_time": 895.7179457199902,
      "cum_time": 2686.9576445752973,
      "round_modelled_energy_wh": 7.971056858104059,
      "cum_modelled_energy_wh": 23.91340793973338,
      "round_modelled_carbon_g": 3.786252007599428,
      "cum_modelled_carbon_g": 11.358868771373356,
      "training_tflops": 0.012140313,
      "cum_training_tflops": 0.036420939,
      "round_comm_mb": 1.666259765625,
      "cum_comm_mb": 4.998779296875,
      "fairness_variance": 0.81,
      "fairness_gini": 0.9,
      "fairness_jain": 0.1,
      "utilization_entropy": 0.4999999999999999,
      "participation_coverage_ratio": 0.1,
      "tier_0_selection_rate": 0.2,
      "tier_1_selection_rate": 0.4,
      "tier_2_selection_rate": 0.4,
      "label_coverage_ratio": 1.0,
      "mean_local_loss_reduction": 0.2973595023155212,
      "accuracy_delta": 0.0,
      "criticalfl_sparse_round": false
    },
    {
      "accuracy": 0.5333,
      "f1": 0.42094362019344633,
      "precision": 0.5633704060989995,
      "recall": 0.5180621003611934,
      "loss": 1.804058380317688,
      "round": 3,
      "evaluated": false,
      "selected_clients": [
        9,
        5,
        2,
        7,
        8,
        6,
        0,
        1,
        3,
        4
      ],
      "selected_count": 10,
      "selection_seconds": 0.00012945898924954236,
      "selection_overhead_seconds": 0.00012945898924954236,
      "round_time": 895.6911322028781,
      "cum_time": 3582.6487767781755,
      "round_modelled_energy_wh": 7.970259126391685,
      "cum_modelled_energy_wh": 31.883667066125064,
      "round_modelled_carbon_g": 3.7858730850360507,
      "cum_modelled_carbon_g": 15.144741856409404,
      "training_tflops": 0.012140313,
      "cum_training_tflops": 0.048561252,
      "round_comm_mb": 1.666259765625,
      "cum_comm_mb": 6.6650390625,
      "fairness_variance": 1.44,
      "fairness_gini": 0.9,
      "fairness_jain": 0.1,
      "utilization_entropy": 0.4999999999999999,
      "participation_coverage_ratio": 0.1,
      "tier_0_selection_rate": 0.2,
      "tier_1_selection_rate": 0.4,
      "tier_2_selection_rate": 0.4,
      "label_coverage_ratio": 1.0,
      "mean_local_loss_reduction": 0.20841162279248238,
      "accuracy_delta": 0.0,
      "criticalfl_sparse_round": false
    },
    {
      "accuracy": 0.5333,
      "f1": 0.42094362019344633,
      "precision": 0.5633704060989995,
      "recall": 0.5180621003611934,
      "loss": 1.804058380317688,
      "round": 4,
      "evaluated": false,
      "selected_clients": [
        7,
        9,
        8,
        1,
        6,
        4,
        5,
        2,
        3,
        0
      ],
      "selected_count": 10,
      "selection_seconds": 0.00011774999438785017,
      "selection_overhead_seconds": 0.00011774999438785017,
      "round_time": 895.5718460028912,
      "cum_time": 4478.220622781067,
      "round_modelled_energy_wh": 7.97073250586587,
      "cum_modelled_energy_wh": 39.85439957199093,
      "round_modelled_carbon_g": 3.786097940286288,
      "cum_modelled_carbon_g": 18.930839796695693,
      "training_tflops": 0.012140313,
      "cum_training_tflops": 0.060701565,
      "round_comm_mb": 1.666259765625,
      "cum_comm_mb": 8.331298828125,
      "fairness_variance": 2.25,
      "fairness_gini": 0.9,
      "fairness_jain": 0.1,
      "utilization_entropy": 0.4999999999999999,
      "participation_coverage_ratio": 0.1,
      "tier_0_selection_rate": 0.2,
      "tier_1_selection_rate": 0.4,
      "tier_2_selection_rate": 0.4,
      "label_coverage_ratio": 1.0,
      "mean_local_loss_reduction": 0.14168013483285904,
      "accuracy_delta": 0.0,
      "criticalfl_sparse_round": false
    },
    {
      "accuracy": 0.5333,
      "f1": 0.42094362019344633,
      "precision": 0.5633704060989995,
      "recall": 0.5180621003611934,
      "loss": 1.804058380317688,
      "round": 5,
      "evaluated": false,
      "selected_clients": [
        9,
        5,
        0,
        6,
        7,
        1,
        8,
        3,
        2,
        4
      ],
      "selected_count": 10,
      "selection_seconds": 0.00013308401685208082,
      "selection_overhead_seconds": 0.00013308401685208082,
      "round_time": 895.5542495541963,
      "cum_time": 5373.774872335263,