{
  "metrics": [
    {
      "accuracy": 0.1041,
      "f1": 0.025060449392979356,
      "precision": 0.03294641452782796,
      "recall": 0.10328255526460788,
      "loss": 2.3103507289886474,
      "round": -1,
      "evaluated": true,
      "cum_time": 0.0,
      "cum_modelled_energy_wh": 0.0,
      "cum_modelled_carbon_g": 0.0,
      "cum_training_tflops": 0.0,
      "cum_comm_mb": 0.0
    },
    {
      "accuracy": 0.1887,
      "f1": 0.10580454663156287,
      "precision": 0.3042542802606828,
      "recall": 0.190548907008457,
      "loss": 2.1010303581237793,
      "round": 0,
      "evaluated": true,
      "selected_clients": [
        47,
        73,
        19,
        16,
        44,
        33,
        17,
        3
      ],
      "selected_count": 8,
      "selection_seconds": 0.007432600003085099,
      "selection_overhead_seconds": 0.007432600003085099,
      "round_time": 717.7051696658428,
      "cum_time": 717.7051696658428,
      "round_modelled_energy_wh": 4.416328429372499,
      "cum_modelled_energy_wh": 4.416328429372499,
      "round_modelled_carbon_g": 2.097756003951937,
      "cum_modelled_carbon_g": 2.097756003951937,
      "training_tflops": 0.0066150435,
      "cum_training_tflops": 0.0066150435,
      "round_comm_mb": 1.3330078125,
      "cum_comm_mb": 1.3330078125,
      "fairness_variance": 0.09000000000000001,
      "fairness_gini": 0.9,
      "fairness_jain": 0.1,
      "utilization_entropy": 0.4745387728193468,
      "participation_coverage_ratio": 0.1,
      "tier_0_selection_rate": 0.25,
      "tier_1_selection_rate": 0.5,
      "tier_2_selection_rate": 0.25,
      "label_coverage_ratio": 1.0,
      "mean_local_loss_reduction": 0.914161741733551,
      "accuracy_delta": 0.08460000000000001,
      "criticalfl_sparse_round": false
    },
    {
      "accuracy": 0.1887,
      "f1": 0.10580454663156287,
      "precision": 0.3042542802606828,
      "recall": 0.190548907008457,
      "loss": 2.1010303581237793,
      "round": 1,
      "evaluated": false,
      "selected_clients": [
        22,
        29,
        15,
        56,
        31,
        14,
        8,
        9
      ],
      "selected_count": 8,
      "selection_seconds": 0.02098669999395497,
      "selection_overhead_seconds": 0.02098669999395497,
      "round_time": 1708.8043542998164,
      "cum_time": 2426.5095239656594,
      "round_modelled_energy_wh": 6.928559417605844,
      "cum_modelled_energy_wh": 11.344887846978343,
      "round_modelled_carbon_g": 3.291065723362776,
      "cum_modelled_carbon_g": 5.3888217273147125,
      "training_tflops": 0.010574844,
      "cum_training_tflops": 0.0171898875,
      "round_comm_mb": 1.3330078125,
      "cum_comm_mb": 2.666015625,
      "fairness_variance": 0.16000000000000006,
      "fairness_gini": 0.8,
      "fairness_jain": 0.2,
      "utilization_entropy": 0.6327183637591292,
      "participation_coverage_ratio": 0.2,
      "tier_0_selection_rate": 0.25,
      "tier_1_selection_rate": 0.3125,
      "tier_2_selection_rate": 0.4375,
      "label_coverage_ratio": 1.0,
      "mean_local_loss_reduction": 1.5886808261275291,
      "accuracy_delta": 0.0,
      "criticalfl_sparse_round": false
    },
    {
      "accuracy": 0.1887,
      "f1": 0.10580454663156287,
      "precision": 0.3042542802606828,
      "recall": 0.190548907008457,
      "loss": 2.1010303581237793,
      "round": 2,
      "evaluated": false,
      "selected_clients": [
        39,
        62,
        59,
        37,
        35,
        58,
        57,
        25
      ],
      "selected_count": 8,
      "selection_seconds": 0.021967900000163354,
      "selection_overhead_seconds": 0.021967900000163354,
      "round_time": 1138.4765727211866,
      "cum_time": 3564.986096686846,
      "round_modelled_energy_wh": 5.868347689638813,
      "cum_modelled_energy_wh": 17.213235536617155,
      "round_modelled_carbon_g": 2.7874651525784357,
      "cum_modelled_carbon_g": 8.176286879893148,
      "training_tflops": 0.0081862785,
      "cum_training_tflops": 0.025376166,
      "round_comm_mb": 1.3330078125,
      "cum_comm_mb": 3.9990234375,
      "fairness_variance": 0.21000000000000002,
      "fairness_gini": 0.7,
      "fairness_jain": 0.3,
      "utilization_entropy": 0.7252474928383137,
      "participation_coverage_ratio": 0.3,
      "tier_0_selection_rate": 0.2916666666666667,
      "tier_1_selection_rate": 0.4166666666666667,
      "tier_2_selection_rate": 0.2916666666666667,
      "label_coverage_ratio": 1.0,
      "mean_local_loss_reduction": 0.5143824610859156,
      "accuracy_delta": 0.0,
      "criticalfl_sparse_round": false
    },
    {
      "accuracy": 0.1887,
      "f1": 0.10580454663156287,
      "precision": 0.3042542802606828,
      "recall": 0.190548907008457,
      "loss": 2.1010303581237793,
      "round": 3,
      "evaluated": false,
      "selected_clients": [
        43,
        77,
        18,
        10,
        65,
        5,
        38,
        12
      ],
      "selected_count": 8,
      "selection_seconds": 0.021231699996860698,
      "selection_overhead_seconds": 0.021231699996860698,
      "round_time": 592.5201265998213,
      "cum_time": 4157.506223286668,
      "round_modelled_energy_wh": 6.153708706499951,
      "cum_modelled_energy_wh": 23.366944243117107,
      "round_modelled_carbon_g": 2.9230116355874767,
      "cum_modelled_carbon_g": 11.099298515480626,
      "training_tflops": 0.009842562,
      "cum_training_tflops": 0.035218728,
      "round_comm_mb": 1.3330078125,
      "cum_comm_mb": 5.33203125,
      "fairness_variance": 0.24000000000000005,
      "fairness_gini": 0.6,
      "fairness_jain": 0.4,
      "utilization_entropy": 0.7908979546989114,
      "participation_coverage_ratio": 0.4,
      "tier_0_selection_rate": 0.25,
      "tier_1_selection_rate": 0.40625,
      "tier_2_selection_rate": 0.34375,
      "label_coverage_ratio": 1.0,
      "mean_local_loss_reduction": 0.2603427320718765,
      "accuracy_delta": 0.0,
      "criticalfl_sparse_round": false
    },
    {
      "accuracy": 0.1887,
      "f1": 0.10580454663156287,
      "precision": 0.3042542802606828,
      "recall": 0.190548907008457,
      "loss": 2.1010303581237793,
      "round": 4,
      "evaluated": false,
      "selected_clients": [
        32,
        30,
        66,
        68,
        7,
        52,
        64,
        61
      ],
      "selected_count": 8,
      "selection_seconds": 0.02125980000710115,
      "selection_overhead_seconds": 0.02125980000710115,
      "round_time": 596.5665013168477,
      "cum_time": 4754.072724603515,
      "round_modelled_energy_wh": 5.796577939974635,
      "cum_modelled_energy_wh": 29.163522183091743,
      "round_modelled_carbon_g": 2.753374521487952,
      "cum_modelled_carbon_g": 13.852673036968579,
      "training_tflops": 0.0088810815,
      "cum_training_tflops": 0.0440998095,
      "round_comm_mb": 1.3330078125,
      "cum_comm_mb": 6.6650390625,
      "fairness_variance": 0.25,
      "fairness_gini": 0.5,
      "fairness_jain": 0.5,
      "utilization_entropy": 0.8418204090602178,
      "participation_coverage_ratio": 0.5,
      "tier_0_selection_rate": 0.25,
      "tier_1_selection_rate": 0.4,
      "tier_2_selection_rate": 0.35,
      "label_coverage_ratio": 1.0,
      "mean_local_loss_reduction": 0.07835846208035946,
      "accuracy_delta": 0.0,
      "criticalfl_sparse_round": false
    },
    {
      "accuracy": 0.1887,
      "f1": 0.10580454663156287,
      "precision": 0.3042542802606828,
      "recall": 0.190548907008457,
      "loss": 2.1010303581237793,
      "round": 5,
      "evaluated": false,