{
  "metrics": [
    {
      "accuracy": 0.1041,
      "f1": 0.025060449392979356,
      "precision": 0.03294641452782796,
      "recall": 0.10328255526460788,
      "loss": 2.3103507289886474,
      "round": -1,
      "evaluated": true,
      "cum_time": 0.0,
      "cum_modelled_energy_wh": 0.0,
      "cum_modelled_carbon_g": 0.0,
      "cum_training_tflops": 0.0,
      "cum_comm_mb": 0.0
    },
    {
      "accuracy": 0.7003,
      "f1": 0.6331110382249517,
      "precision": 0.6177037428607812,
      "recall": 0.6981361711113572,
      "loss": 1.416100490951538,
      "round": 0,
      "evaluated": true,
      "selected_clients": [
        0,
        1
      ],
      "selected_count": 2,
      "selection_seconds": 0.011219400010304525,
      "selection_overhead_seconds": 0.011219400010304525,
      "round_time": 1556.1302997153284,
      "cum_time": 1556.1302997153284,
      "round_modelled_energy_wh": 4.167776293440733,
      "cum_modelled_energy_wh": 4.167776293440733,
      "round_modelled_carbon_g": 1.9796937393843483,
      "cum_modelled_carbon_g": 1.9796937393843483,
      "training_tflops": 0.006155205,
      "cum_training_tflops": 0.006155205,
      "round_comm_mb": 0.333251953125,
      "cum_comm_mb": 0.333251953125,
      "fairness_variance": 0.09000000000000001,
      "fairness_gini": 0.9,
      "fairness_jain": 0.1,
      "utilization_entropy": 0.23137821315975918,
      "participation_coverage_ratio": 0.1,
      "tier_0_selection_rate": 0.0,
      "tier_1_selection_rate": 1.0,
      "tier_2_selection_rate": 0.0,
      "label_coverage_ratio": 1.0,
      "mean_local_loss_reduction": 1.5666572451591492,
      "accuracy_delta": 0.5962000000000001,
      "criticalfl_sparse_round": false
    },
    {
      "accuracy": 0.7003,
      "f1": 0.6331110382249517,
      "precision": 0.6177037428607812,
      "recall": 0.6981361711113572,
      "loss": 1.416100490951538,
      "round": 1,
      "evaluated": false,
      "selected_clients": [
        0,
        1
      ],
      "selected_count": 2,
      "selection_seconds": 0.00025320000713691115,
      "selection_overhead_seconds": 0.00025320000713691115,
      "round_time": 1555.8606595600709,
      "cum_time": 3111.9909592753993,
      "round_modelled_energy_wh": 4.167095274050157,
      "cum_modelled_energy_wh": 8.33487156749089,
      "round_modelled_carbon_g": 1.9793702551738244,
      "cum_modelled_carbon_g": 3.9590639945581727,
      "training_tflops": 0.006155205,
      "cum_training_tflops": 0.01231041,
      "round_comm_mb": 0.333251953125,
      "cum_comm_mb": 0.66650390625,
      "fairness_variance": 0.36000000000000004,
      "fairness_gini": 0.9,
      "fairness_jain": 0.1,
      "utilization_entropy": 0.23137821315975918,
      "participation_coverage_ratio": 0.1,
      "tier_0_selection_rate": 0.0,
      "tier_1_selection_rate": 1.0,
      "tier_2_selection_rate": 0.0,
      "label_coverage_ratio": 1.0,
      "mean_local_loss_reduction": -0.13710369169712067,
      "accuracy_delta": 0.0,
      "criticalfl_sparse_round": false
    },
    {
      "accuracy": 0.7003,
      "f1": 0.6331110382249517,
      "precision": 0.6177037428607812,
      "recall": 0.6981361711113572,
      "loss": 1.416100490951538,
      "round": 2,
      "evaluated": false,
      "selected_clients": [
        0,
        1
      ],
      "selected_count": 2,
      "selection_seconds": 0.000491600003442727,
      "selection_overhead_seconds": 0.000491600003442727,
      "round_time": 1556.5145486997212,
      "cum_time": 4668.50550797512,
      "round_modelled_energy_wh": 4.168269507583594,
      "cum_modelled_energy_wh": 12.503141075074485,
      "round_modelled_carbon_g": 1.9799280161022075,
      "cum_modelled_carbon_g": 5.938992010660381,
      "training_tflops": 0.006155205,
      "cum_training_tflops": 0.018465615,
      "round_comm_mb": 0.333251953125,
      "cum_comm_mb": 0.999755859375,
      "fairness_variance": 0.8100000000000002,
      "fairness_gini": 0.9,
      "fairness_jain": 0.1,
      "utilization_entropy": 0.23137821315975918,
      "participation_coverage_ratio": 0.1,
      "tier_0_selection_rate": 0.0,
      "tier_1_selection_rate": 1.0,
      "tier_2_selection_rate": 0.0,
      "label_coverage_ratio": 1.0,
      "mean_local_loss_reduction": 0.05374515801668167,
      "accuracy_delta": 0.0,
      "criticalfl_sparse_round": false
    },
    {
      "accuracy": 0.7003,
      "f1": 0.6331110382249517,
      "precision": 0.6177037428607812,
      "recall": 0.6981361711113572,
      "loss": 1.416100490951538,
      "round": 3,
      "evaluated": false,
      "selected_clients": [
        0,
        1
      ],
      "selected_count": 2,
      "selection_seconds": 0.0002775999892037362,
      "selection_overhead_seconds": 0.0002775999892037362,
      "round_time": 1556.299093748554,
      "cum_time": 6224.804601723674,
      "round_modelled_energy_wh": 4.167639421658096,
      "cum_modelled_energy_wh": 16.670780496732583,
      "round_modelled_carbon_g": 1.9796287252875957,
      "cum_modelled_carbon_g": 7.918620735947976,
      "training_tflops": 0.006155205,
      "cum_training_tflops": 0.02462082,
      "round_comm_mb": 0.333251953125,
      "cum_comm_mb": 1.3330078125,
      "fairness_variance": 1.4400000000000002,
      "fairness_gini": 0.9,
      "fairness_jain": 0.1,
      "utilization_entropy": 0.23137821315975918,
      "participation_coverage_ratio": 0.1,
      "tier_0_selection_rate": 0.0,
      "tier_1_selection_rate": 1.0,
      "tier_2_selection_rate": 0.0,
      "label_coverage_ratio": 1.0,
      "mean_local_loss_reduction": -0.07251838315278292,
      "accuracy_delta": 0.0,
      "criticalfl_sparse_round": false
    },
    {
      "accuracy": 0.7003,
      "f1": 0.6331110382249517,
      "precision": 0.6177037428607812,
      "recall": 0.6981361711113572,
      "loss": 1.416100490951538,
      "round": 4,
      "evaluated": false,
      "selected_clients": [
        0,
        1
      ],
      "selected_count": 2,
      "selection_seconds": 0.00027319999935571104,
      "selection_overhead_seconds": 0.00027319999935571104,
      "round_time": 1556.6724455896426,
      "cum_time": 7781.477047313317,
      "round_modelled_energy_wh": 4.16834083850222,
      "cum_modelled_energy_wh": 20.839121335234804,
      "round_modelled_carbon_g": 1.9799618982885547,
      "cum_modelled_carbon_g": 9.898582634236531,
      "training_tflops": 0.006155205,
      "cum_training_tflops": 0.030776025,
      "round_comm_mb": 0.333251953125,
      "cum_comm_mb": 1.666259765625,
      "fairness_variance": 2.25,
      "fairness_gini": 0.9,
      "fairness_jain": 0.1,
      "utilization_entropy": 0.23137821315975918,
      "participation_coverage_ratio": 0.1,
      "tier_0_selection_rate": 0.0,
      "tier_1_selection_rate": 1.0,
      "tier_2_selection_rate": 0.0,
      "label_coverage_ratio": 1.0,
      "mean_local_loss_reduction": 0.19270818633958697,
      "accuracy_delta": 0.0,
      "criticalfl_sparse_round": false
    },
    {
      "accuracy": 0.7003,
      "f1": 0.6331110382249517,
      "precision": 0.6177037428607812,
      "recall": 0.6981361711113572,
      "loss": 1.416100490951538,
      "round": 5,
      "evaluated": false,
      "selected_clients": [
        0,
        1
      ],
      "selected_count": 2,
      "selection_seconds": 0.00024510000366717577,
      "selection_overhead_seconds": 0.00024510000366717577,
      "round_time": 1556.3238511172976,
      "cum_time": 9337.800898430614,
      "round_modelled_energy_wh": 4.16787018220412,
      "cum_modelled_energy_wh": 25.006991517438923,
      "round_modelled_carbon_g": 1.9797383365469567,
      "cum_modelled_carbon_g": 11.87832097078349,
      "training_tflops": 0.006155205,