{
  "metrics": [
    {
      "accuracy": 0.1041,
      "f1": 0.025060449392979356,
      "precision": 0.03294641452782796,
      "recall": 0.10328255526460788,
      "loss": 2.3103507289886474,
      "round": -1,
      "evaluated": true,
      "cum_time": 0.0,
      "cum_modelled_energy_wh": 0.0,
      "cum_modelled_carbon_g": 0.0,
      "cum_training_tflops": 0.0,
      "cum_comm_mb": 0.0
    },
    {
      "accuracy": 0.0974,
      "f1": 0.017767238234221085,
      "precision": 0.00974974974974975,
      "recall": 0.1,
      "loss": 2.2296912059783938,
      "round": 0,
      "evaluated": true,
      "selected_clients": [
        0,
        1,
        2,
        3,
        4,
        5,
        6,
        7,
        8,
        9,
        10,
        11,
        12,
        13,
        14,
        15,
        16,
        17,
        18,
        19
      ],
      "selected_count": 20,
      "selection_seconds": 0.0005858000076841563,
      "selection_overhead_seconds": 0.0005858000076841563,
      "round_time": 552.0017074044155,
      "cum_time": 552.0017074044155,
      "round_modelled_energy_wh": 5.481141294369705,
      "cum_modelled_energy_wh": 5.481141294369705,
      "round_modelled_carbon_g": 2.60354211482561,
      "cum_modelled_carbon_g": 2.60354211482561,
      "training_tflops": 0.0082064595,
      "cum_training_tflops": 0.0082064595,
      "round_comm_mb": 3.33251953125,
      "cum_comm_mb": 3.33251953125,
      "fairness_variance": 0.08999999999999997,
      "fairness_gini": 0.9,
      "fairness_jain": 0.1,
      "utilization_entropy": 0.5654120103239064,
      "participation_coverage_ratio": 0.1,
      "tier_0_selection_rate": 0.15,
      "tier_1_selection_rate": 0.55,
      "tier_2_selection_rate": 0.3,
      "label_coverage_ratio": 1.0,
      "mean_local_loss_reduction": 0.49081817269325256,
      "accuracy_delta": -0.006699999999999998,
      "criticalfl_sparse_round": false
    },
    {
      "accuracy": 0.0974,
      "f1": 0.017767238234221085,
      "precision": 0.00974974974974975,
      "recall": 0.1,
      "loss": 2.2296912059783938,
      "round": 1,
      "evaluated": false,
      "selected_clients": [
        0,
        11,
        15,
        19,
        4,
        2,
        9,
        10,
        16,
        13,
        17,
        5,
        8,
        12,
        6,
        14,
        18,
        7,
        3,
        1
      ],
      "selected_count": 20,
      "selection_seconds": 0.0006350000039674342,
      "selection_overhead_seconds": 0.0006350000039674342,
      "round_time": 552.0663994595413,
      "cum_time": 1104.068106863957,
      "round_modelled_energy_wh": 5.480939390384542,
      "cum_modelled_energy_wh": 10.962080684754246,
      "round_modelled_carbon_g": 2.6034462104326574,
      "cum_modelled_carbon_g": 5.206988325258267,
      "training_tflops": 0.0082064595,
      "cum_training_tflops": 0.016412919,
      "round_comm_mb": 3.33251953125,
      "cum_comm_mb": 6.6650390625,
      "fairness_variance": 0.3599999999999999,
      "fairness_gini": 0.9,
      "fairness_jain": 0.1,
      "utilization_entropy": 0.5654120103239064,
      "participation_coverage_ratio": 0.1,
      "tier_0_selection_rate": 0.15,
      "tier_1_selection_rate": 0.55,
      "tier_2_selection_rate": 0.3,
      "label_coverage_ratio": 1.0,
      "mean_local_loss_reduction": 0.7334842324256897,
      "accuracy_delta": 0.0,
      "criticalfl_sparse_round": false
    },
    {
      "accuracy": 0.0974,
      "f1": 0.017767238234221085,
      "precision": 0.00974974974974975,
      "recall": 0.1,
      "loss": 2.2296912059783938,
      "round": 2,
      "evaluated": false,
      "selected_clients": [
        11,
        0,
        19,
        10,
        4,
        13,
        9,
        16,
        15,
        2,
        17,
        6,
        5,
        18,
        8,
        14,
        7,
        12,
        1,
        3
      ],
      "selected_count": 20,
      "selection_seconds": 0.0005107999895699322,
      "selection_overhead_seconds": 0.0005107999895699322,
      "round_time": 551.989565530104,
      "cum_time": 1656.0576723940608,
      "round_modelled_energy_wh": 5.48117337420295,
      "cum_modelled_energy_wh": 16.443254058957194,
      "round_modelled_carbon_g": 2.603557352746401,
      "cum_modelled_carbon_g": 7.810545678004667,
      "training_tflops": 0.0082064595,
      "cum_training_tflops": 0.0246193785,
      "round_comm_mb": 3.33251953125,
      "cum_comm_mb": 9.99755859375,
      "fairness_variance": 0.81,
      "fairness_gini": 0.9,
      "fairness_jain": 0.1,
      "utilization_entropy": 0.5654120103239064,
      "participation_coverage_ratio": 0.1,
      "tier_0_selection_rate": 0.15,
      "tier_1_selection_rate": 0.55,
      "tier_2_selection_rate": 0.3,
      "label_coverage_ratio": 1.0,
      "mean_local_loss_reduction": 0.706723564863205,
      "accuracy_delta": 0.0,
      "criticalfl_sparse_round": false
    },
    {
      "accuracy": 0.0974,
      "f1": 0.017767238234221085,
      "precision": 0.00974974974974975,
      "recall": 0.1,
      "loss": 2.2296912059783938,
      "round": 3,
      "evaluated": false,
      "selected_clients": [
        0,
        15,
        19,
        11,
        4,
        12,
        13,
        9,
        16,
        17,
        10,
        5,
        2,
        8,
        14,
        6,
        7,
        1,
        3,
        18
      ],
      "selected_count": 20,
      "selection_seconds": 0.00037810001231264323,
      "selection_overhead_seconds": 0.00037810001231264323,
      "round_time": 551.9457173958778,
      "cum_time": 2208.0033897899384,
      "round_modelled_energy_wh": 5.481191191528559,
      "cum_modelled_energy_wh": 21.924445250485753,
      "round_modelled_carbon_g": 2.6035658159760655,
      "cum_modelled_carbon_g": 10.414111493980734,
      "training_tflops": 0.0082064595,
      "cum_training_tflops": 0.032825838,
      "round_comm_mb": 3.33251953125,
      "cum_comm_mb": 13.330078125,
      "fairness_variance": 1.4399999999999995,
      "fairness_gini": 0.9,
      "fairness_jain": 0.1,
      "utilization_entropy": 0.5654120103239064,
      "participation_coverage_ratio": 0.1,
      "tier_0_selection_rate": 0.15,
      "tier_1_selection_rate": 0.55,
      "tier_2_selection_rate": 0.3,
      "label_coverage_ratio": 1.0,
      "mean_local_loss_reduction": 0.6162550181150437,
      "accuracy_delta": 0.0,
      "criticalfl_sparse_round": false
    },
    {
      "accuracy": 0.0974,
      "f1": 0.017767238234221085,
      "precision": 0.00974974974974975,
      "recall": 0.1,
      "loss": 2.2296912059783938,
      "round": 4,
      "evaluated": false,
      "selected_clients": [
        0,
        11,
        19,
        15,
        2,
        13,
        4,
        5,
        17,
        9,
        16,
        10,
        14,
        8,
        12,
        18,
        6,
        7,
        1,
        3
      ],
      "selected_count": 20,
      "selection_seconds": 0.0005749000119976699,
      "selection_overhead_seconds": 0.0005749000119976699,
      "round_time": 551.8711232225669,
      "cum_time": 2759.8745130125053,
      "round_modelled_energy_wh": 5.481144661954216,
      "cum_modelled_energy_wh": 27.40558991243997,
      "round_modelled_carbon_g": 2.6035437144282527,
      "cum_modelled_carbon_g": 13.017655208408987,
      "training_tflops": 0.0082064595,
      "cum_training_tflops": 0.0410322975,
      "round_comm_mb": 3.33251953125,
      "cum_comm_mb": 16.66259765625,
      "fairness_variance": 2.25,
      "fairness_gini": 0.9,
      "fairness_jain": 0.1,
      "utilization_entropy": 0.5654120103239064,
      "participation_coverage_ratio": 0.1,