{
  "metrics": [
    {
      "accuracy": 0.1041,
      "f1": 0.025060449392979356,
      "precision": 0.03294641452782796,
      "recall": 0.10328255526460788,
      "loss": 2.3103507289886474,
      "round": -1,
      "evaluated": true,
      "cum_time": 0.0,
      "cum_modelled_energy_wh": 0.0,
      "cum_modelled_carbon_g": 0.0,
      "cum_training_tflops": 0.0,
      "cum_comm_mb": 0.0
    },
    {
      "accuracy": 0.5111,
      "f1": 0.43894057878522796,
      "precision": 0.6596613085793319,
      "recall": 0.5022811440432331,
      "loss": 1.6321528162002563,
      "round": 0,
      "evaluated": true,
      "selected_clients": [
        0,
        29,
        12,
        24
      ],
      "selected_count": 4,
      "selection_seconds": 0.009800300002098083,
      "selection_overhead_seconds": 0.009800300002098083,
      "round_time": 1366.608354906931,
      "cum_time": 1366.608354906931,
      "round_modelled_energy_wh": 6.250842183766059,
      "cum_modelled_energy_wh": 6.250842183766059,
      "round_modelled_carbon_g": 2.969150037288878,
      "cum_modelled_carbon_g": 2.969150037288878,
      "training_tflops": 0.00896613,
      "cum_training_tflops": 0.00896613,
      "round_comm_mb": 0.66650390625,
      "cum_comm_mb": 0.66650390625,
      "fairness_variance": 0.09000000000000001,
      "fairness_gini": 0.9,
      "fairness_jain": 0.1,
      "utilization_entropy": 0.37580364941821515,
      "participation_coverage_ratio": 0.1,
      "tier_0_selection_rate": 0.25,
      "tier_1_selection_rate": 0.75,
      "tier_2_selection_rate": 0.0,
      "label_coverage_ratio": 1.0,
      "mean_local_loss_reduction": 1.620851419866085,
      "accuracy_delta": 0.40700000000000003,
      "criticalfl_sparse_round": false
    },
    {
      "accuracy": 0.5111,
      "f1": 0.43894057878522796,
      "precision": 0.6596613085793319,
      "recall": 0.5022811440432331,
      "loss": 1.6321528162002563,
      "round": 1,
      "evaluated": false,
      "selected_clients": [
        0,
        29,
        12,
        24
      ],
      "selected_count": 4,
      "selection_seconds": 0.009897199997794814,
      "selection_overhead_seconds": 0.009897199997794814,
      "round_time": 1366.65376154881,
      "cum_time": 2733.2621164557413,
      "round_modelled_energy_wh": 6.250706429957297,
      "cum_modelled_energy_wh": 12.501548613723356,
      "round_modelled_carbon_g": 2.969085554229716,
      "cum_modelled_carbon_g": 5.938235591518595,
      "training_tflops": 0.00896613,
      "cum_training_tflops": 0.01793226,
      "round_comm_mb": 0.66650390625,
      "cum_comm_mb": 1.3330078125,
      "fairness_variance": 0.36000000000000004,
      "fairness_gini": 0.9,
      "fairness_jain": 0.1,
      "utilization_entropy": 0.37580364941821515,
      "participation_coverage_ratio": 0.1,
      "tier_0_selection_rate": 0.25,
      "tier_1_selection_rate": 0.75,
      "tier_2_selection_rate": 0.0,
      "label_coverage_ratio": 1.0,
      "mean_local_loss_reduction": 1.5523181413882412,
      "accuracy_delta": 0.0,
      "criticalfl_sparse_round": false
    },
    {
      "accuracy": 0.5111,
      "f1": 0.43894057878522796,
      "precision": 0.6596613085793319,
      "recall": 0.5022811440432331,
      "loss": 1.6321528162002563,
      "round": 2,
      "evaluated": false,
      "selected_clients": [
        0,
        24,
        26,
        12
      ],
      "selected_count": 4,
      "selection_seconds": 0.00839629999245517,
      "selection_overhead_seconds": 0.00839629999245517,
      "round_time": 2563.3907121752322,
      "cum_time": 5296.652828630973,
      "round_modelled_energy_wh": 7.225735650191344,
      "cum_modelled_energy_wh": 19.7272842639147,
      "round_modelled_carbon_g": 3.4322244338408883,
      "cum_modelled_carbon_g": 9.370460025359483,
      "training_tflops": 0.0098843655,
      "cum_training_tflops": 0.0278166255,
      "round_comm_mb": 0.66650390625,
      "cum_comm_mb": 1.99951171875,
      "fairness_variance": 0.7100000000000001,
      "fairness_gini": 0.8958333333333334,
      "fairness_jain": 0.1125,
      "utilization_entropy": 0.4189410151286177,
      "participation_coverage_ratio": 0.125,
      "tier_0_selection_rate": 0.3333333333333333,
      "tier_1_selection_rate": 0.6666666666666666,
      "tier_2_selection_rate": 0.0,
      "label_coverage_ratio": 1.0,
      "mean_local_loss_reduction": 0.8756635542958975,
      "accuracy_delta": 0.0,
      "criticalfl_sparse_round": false
    },
    {
      "accuracy": 0.5111,
      "f1": 0.43894057878522796,
      "precision": 0.6596613085793319,
      "recall": 0.5022811440432331,
      "loss": 1.6321528162002563,
      "round": 3,
      "evaluated": false,
      "selected_clients": [
        0,
        12,
        29,
        24
      ],
      "selected_count": 4,
      "selection_seconds": 0.011250099996686913,
      "selection_overhead_seconds": 0.011250099996686913,
      "round_time": 1366.529583219054,
      "cum_time": 6663.182411850027,
      "round_modelled_energy_wh": 6.250624090010787,
      "cum_modelled_energy_wh": 25.977908353925486,
      "round_modelled_carbon_g": 2.9690464427551237,
      "cum_modelled_carbon_g": 12.339506468114607,
      "training_tflops": 0.00896613,
      "cum_training_tflops": 0.0367827555,
      "round_comm_mb": 0.66650390625,
      "cum_comm_mb": 2.666015625,
      "fairness_variance": 1.2900000000000003,
      "fairness_gini": 0.896875,
      "fairness_jain": 0.1103448275862069,
      "utilization_entropy": 0.41391380940132855,
      "participation_coverage_ratio": 0.125,
      "tier_0_selection_rate": 0.3125,
      "tier_1_selection_rate": 0.6875,
      "tier_2_selection_rate": 0.0,
      "label_coverage_ratio": 1.0,
      "mean_local_loss_reduction": 0.3874559602700174,
      "accuracy_delta": 0.0,
      "criticalfl_sparse_round": false
    },
    {
      "accuracy": 0.5111,
      "f1": 0.43894057878522796,
      "precision": 0.6596613085793319,
      "recall": 0.5022811440432331,
      "loss": 1.6321528162002563,
      "round": 4,
      "evaluated": false,
      "selected_clients": [
        0,
        12,
        26,
        24
      ],
      "selected_count": 4,
      "selection_seconds": 0.009911599991028197,
      "selection_overhead_seconds": 0.009911599991028197,
      "round_time": 2563.1080846485056,
      "cum_time": 9226.290496498532,
      "round_modelled_energy_wh": 7.225529215331342,
      "cum_modelled_energy_wh": 33.20343756925683,
      "round_modelled_carbon_g": 3.4321263772823873,
      "cum_modelled_carbon_g": 15.771632845396992,
      "training_tflops": 0.0098843655,
      "cum_training_tflops": 0.046667121,
      "round_comm_mb": 0.66650390625,
      "cum_comm_mb": 3.33251953125,
      "fairness_variance": 1.95,
      "fairness_gini": 0.895,
      "fairness_jain": 0.11363636363636363,
      "utilization_entropy": 0.42141449651832136,
      "participation_coverage_ratio": 0.125,
      "tier_0_selection_rate": 0.35,
      "tier_1_selection_rate": 0.65,
      "tier_2_selection_rate": 0.0,
      "label_coverage_ratio": 1.0,
      "mean_local_loss_reduction": 0.5510533265769482,
      "accuracy_delta": 0.0,
      "criticalfl_sparse_round": false
    },
    {
      "accuracy": 0.5111,
      "f1": 0.43894057878522796,
      "precision": 0.6596613085793319,
      "recall": 0.5022811440432331,
      "loss": 1.6321528162002563,
      "round": 5,
      "evaluated": false,
      "selected_clients": [
        0,
        24,
        12,
        29
      ],
      "selected_count": 4,
      "selection_seconds": 0.009880500001600012,
      "selection_overhead_seconds": 0.009880500001600012,
      "round_time": 1366.5420803268037,
      "cum_time": 10592.832576825336,