{
  "metrics": [
    {
      "accuracy": 0.1041,
      "f1": 0.025060449392979356,
      "precision": 0.03294641452782796,
      "recall": 0.10328255526460788,
      "loss": 2.3103507289886474,
      "round": -1,
      "evaluated": true,
      "cum_time": 0.0,
      "cum_modelled_energy_wh": 0.0,
      "cum_modelled_carbon_g": 0.0,
      "cum_training_tflops": 0.0,
      "cum_comm_mb": 0.0
    },
    {
      "accuracy": 0.1545,
      "f1": 0.09018063813707905,
      "precision": 0.16589283802382854,
      "recall": 0.15641222377731723,
      "loss": 2.2705620544433596,
      "round": 0,
      "evaluated": true,
      "selected_clients": [
        36,
        25,
        123,
        39,
        107,
        94,
        28,
        22,
        0,
        198,
        27,
        44,
        163,
        173,
        15,
        145,
        24,
        11,
        149,
        71
      ],
      "selected_count": 20,
      "selection_seconds": 0.00045790000876877457,
      "selection_overhead_seconds": 0.00045790000876877457,
      "round_time": 52.97850996494819,
      "cum_time": 52.97850996494819,
      "round_modelled_energy_wh": 2.609426409662871,
      "cum_modelled_energy_wh": 2.609426409662871,
      "round_modelled_carbon_g": 1.2394775445898638,
      "cum_modelled_carbon_g": 1.2394775445898638,
      "training_tflops": 0.0043922505,
      "cum_training_tflops": 0.0043922505,
      "round_comm_mb": 3.33251953125,
      "cum_comm_mb": 3.33251953125,
      "fairness_variance": 0.09,
      "fairness_gini": 0.9,
      "fairness_jain": 0.1,
      "utilization_entropy": 0.5654120103239064,
      "participation_coverage_ratio": 0.1,
      "tier_0_selection_rate": 0.0,
      "tier_1_selection_rate": 0.25,
      "tier_2_selection_rate": 0.75,
      "label_coverage_ratio": 1.0,
      "mean_local_loss_reduction": 0.2596598505973816,
      "accuracy_delta": 0.0504,
      "criticalfl_sparse_round": false
    },
    {
      "accuracy": 0.1545,
      "f1": 0.09018063813707905,
      "precision": 0.16589283802382854,
      "recall": 0.15641222377731723,
      "loss": 2.2705620544433596,
      "round": 1,
      "evaluated": false,
      "selected_clients": [
        25,
        36,
        39,
        22,
        107,
        198,
        94,
        28,
        44,
        163,
        0,
        173,
        27,
        123,
        11,
        145,
        149,
        15,
        71,
        24
      ],
      "selected_count": 20,
      "selection_seconds": 0.0006539000023622066,
      "selection_overhead_seconds": 0.0006539000023622066,
      "round_time": 52.983585065938065,
      "cum_time": 105.96209503088625,
      "round_modelled_energy_wh": 2.6092051797551012,
      "cum_modelled_energy_wh": 5.2186315894179724,
      "round_modelled_carbon_g": 1.239372460383673,
      "cum_modelled_carbon_g": 2.4788500049735367,
      "training_tflops": 0.0043922505,
      "cum_training_tflops": 0.008784501,
      "round_comm_mb": 3.33251953125,
      "cum_comm_mb": 6.6650390625,
      "fairness_variance": 0.36,
      "fairness_gini": 0.9,
      "fairness_jain": 0.1,
      "utilization_entropy": 0.5654120103239064,
      "participation_coverage_ratio": 0.1,
      "tier_0_selection_rate": 0.0,
      "tier_1_selection_rate": 0.25,
      "tier_2_selection_rate": 0.75,
      "label_coverage_ratio": 1.0,
      "mean_local_loss_reduction": 0.3386189162731171,
      "accuracy_delta": 0.0,
      "criticalfl_sparse_round": false
    },
    {
      "accuracy": 0.1545,
      "f1": 0.09018063813707905,
      "precision": 0.16589283802382854,
      "recall": 0.15641222377731723,
      "loss": 2.2705620544433596,
      "round": 2,
      "evaluated": false,
      "selected_clients": [
        25,
        36,
        123,
        39,
        22,
        0,
        28,
        107,
        163,
        94,
        173,
        71,
        27,
        11,
        149,
        145,
        44,
        198,
        15,
        24
      ],
      "selected_count": 20,
      "selection_seconds": 0.0005425999988801777,
      "selection_overhead_seconds": 0.0005425999988801777,
      "round_time": 52.98248836805493,
      "cum_time": 158.94458339894118,
      "round_modelled_energy_wh": 2.609254374248167,
      "cum_modelled_energy_wh": 7.827885963666139,
      "round_modelled_carbon_g": 1.2393958277678794,
      "cum_modelled_carbon_g": 3.7182458327414163,
      "training_tflops": 0.0043922505,
      "cum_training_tflops": 0.0131767515,
      "round_comm_mb": 3.33251953125,
      "cum_comm_mb": 9.99755859375,
      "fairness_variance": 0.81,
      "fairness_gini": 0.9,
      "fairness_jain": 0.1,
      "utilization_entropy": 0.5654120103239064,
      "participation_coverage_ratio": 0.1,
      "tier_0_selection_rate": 0.0,
      "tier_1_selection_rate": 0.25,
      "tier_2_selection_rate": 0.75,
      "label_coverage_ratio": 1.0,
      "mean_local_loss_reduction": 0.5207216590642929,
      "accuracy_delta": 0.0,
      "criticalfl_sparse_round": false
    },
    {
      "accuracy": 0.1545,
      "f1": 0.09018063813707905,
      "precision": 0.16589283802382854,
      "recall": 0.15641222377731723,
      "loss": 2.2705620544433596,
      "round": 3,
      "evaluated": false,
      "selected_clients": [
        25,
        36,
        22,
        107,
        39,
        163,
        28,
        44,
        173,
        123,
        71,
        94,
        27,
        145,
        149,
        11,
        0,
        198,
        15,
        24
      ],
      "selected_count": 20,
      "selection_seconds": 0.0006115999858593568,
      "selection_overhead_seconds": 0.0006115999858593568,
      "round_time": 52.97361431754721,
      "cum_time": 211.91819771648838,
      "round_modelled_energy_wh": 2.6092486959068695,
      "cum_modelled_energy_wh": 10.437134659573008,
      "round_modelled_carbon_g": 1.239393130555763,
      "cum_modelled_carbon_g": 4.957638963297179,
      "training_tflops": 0.0043922505,
      "cum_training_tflops": 0.017569002,
      "round_comm_mb": 3.33251953125,
      "cum_comm_mb": 13.330078125,
      "fairness_variance": 1.44,
      "fairness_gini": 0.9,
      "fairness_jain": 0.1,
      "utilization_entropy": 0.5654120103239064,
      "participation_coverage_ratio": 0.1,
      "tier_0_selection_rate": 0.0,
      "tier_1_selection_rate": 0.25,
      "tier_2_selection_rate": 0.75,
      "label_coverage_ratio": 1.0,
      "mean_local_loss_reduction": 0.4424956291913986,
      "accuracy_delta": 0.0,
      "criticalfl_sparse_round": false
    },
    {
      "accuracy": 0.1545,
      "f1": 0.09018063813707905,
      "precision": 0.16589283802382854,
      "recall": 0.15641222377731723,
      "loss": 2.2705620544433596,
      "round": 4,
      "evaluated": false,
      "selected_clients": [
        36,
        25,
        39,
        22,
        123,
        28,
        163,
        107,
        0,
        11,
        27,
        145,
        149,
        173,
        94,
        198,
        44,
        24,
        71,
        15
      ],
      "selected_count": 20,
      "selection_seconds": 0.0006884000031277537,
      "selection_overhead_seconds": 0.0006884000031277537,
      "round_time": 52.966890551880496,
      "cum_time": 264.88508826836886,
      "round_modelled_energy_wh": 2.609037915025316,
      "cum_modelled_energy_wh": 13.046172574598323,
      "round_modelled_carbon_g": 1.239293009637025,
      "cum_modelled_carbon_g": 6.196931972934204,
      "training_tflops": 0.0043922505,
      "cum_training_tflops": 0.0219612525,
      "round_comm_mb": 3.33251953125,
      "cum_comm_mb": 16.66259765625,
      "fairness_variance": 2.25,
      "fairness_gini": 0.9,
      "fairness_jain": 0.1,