{
  "run_label": "cifar10_lambda_sensitivity_cifar10_review_100_research.maml_select.cifar10_lambda_0p1_s2026",
  "round": 99,
  "rounds": 100,
  "latest_metrics": {
    "accuracy": 0.66,
    "f1": 0.6497000886862861,
    "precision": 0.6939701863243168,
    "recall": 0.6599999999999999,
    "loss": 1.0248364416122437,
    "round": 99,
    "evaluated": true,
    "selected_clients": [
      93,
      3,
      57,
      76,
      15,
      80,
      69,
      34,
      96,
      97
    ],
    "selected_count": 10,
    "selection_seconds": 0.0863836250064196,
    "selection_overhead_seconds": 0.0863836250064196,
    "round_time": 3837.66,
    "cum_time": 276159.12628196407,
    "round_modelled_energy_wh": 20.450963835651756,
    "cum_modelled_energy_wh": 2075.4896351753,
    "round_modelled_carbon_g": 9.714207821934584,
    "cum_modelled_carbon_g": 985.8575767082675,
    "training_tflops": 34.79222439936,
    "cum_training_tflops": 3656.79108903168,
    "round_comm_mb": 851.7732238769531,
    "cum_comm_mb": 85177.32238769531,
    "fairness_variance": 49.66,
    "fairness_gini": 0.24502,
    "fairness_jain": 0.6681812107443539,
    "utilization_entropy": 0.9669486828559748,
    "participation_coverage_ratio": 1.0,
    "tier_0_selection_rate": 0.156,
    "tier_1_selection_rate": 0.427,
    "tier_2_selection_rate": 0.417,
    "label_coverage_ratio": 1.0,
    "mean_local_loss_reduction": 0.5932557120919227,
    "accuracy_delta": 0.016000000000000014,
    "criticalfl_sparse_round": false
  }
}