{
  "run_label": "lambda_sensitivity_fashion_main_research.maml_select.lambda_1p0_s42",
  "round": 199,
  "rounds": 200,
  "latest_metrics": {
    "accuracy": 0.9006,
    "f1": 0.9005334379175057,
    "precision": 0.9021287655882879,
    "recall": 0.9006000000000001,
    "loss": 0.370590650510788,
    "round": 199,
    "evaluated": true,
    "selected_clients": [
      25,
      21,
      20,
      65,
      89,
      38,
      54,
      52,
      39,
      80
    ],
    "selected_count": 10,
    "selection_seconds": 0.009880334007903002,
    "selection_overhead_seconds": 0.009880334007903002,
    "round_time": 1515.4209058764657,
    "cum_time": 495694.57817591215,
    "round_modelled_energy_wh": 20.006566997899903,
    "cum_modelled_energy_wh": 4559.969036747151,
    "round_modelled_carbon_g": 9.503119324002453,
    "cum_modelled_carbon_g": 2165.985292454897,
    "training_tflops": 0.5032872576,
    "cum_training_tflops": 116.62576356096,
    "round_comm_mb": 28.159942626953125,
    "cum_comm_mb": 5631.988525390625,
    "fairness_variance": 183.8,
    "fairness_gini": 0.3789,
    "fairness_jain": 0.6851661527920521,
    "utilization_entropy": 0.9475186353858396,
    "participation_coverage_ratio": 1.0,
    "tier_0_selection_rate": 0.0585,
    "tier_1_selection_rate": 0.47,
    "tier_2_selection_rate": 0.4715,
    "label_coverage_ratio": 1.0,
    "mean_local_loss_reduction": 0.166695857574814,
    "accuracy_delta": -0.0016000000000000458,
    "criticalfl_sparse_round": false
  }
}