{
  "run_label": "lambda_sensitivity_fashion_main_research.maml_select.lambda_1p0_s2026",
  "round": 199,
  "rounds": 200,
  "latest_metrics": {
    "accuracy": 0.8884,
    "f1": 0.8883735637769341,
    "precision": 0.8926208407533132,
    "recall": 0.8883999999999999,
    "loss": 0.3691734792709351,
    "round": 199,
    "evaluated": true,
    "selected_clients": [
      60,
      32,
      85,
      54,
      66,
      49,
      28,
      31,
      91,
      27
    ],
    "selected_count": 10,
    "selection_seconds": 0.009274790994822979,
    "selection_overhead_seconds": 0.009274790994822979,
    "round_time": 2083.071504395782,
    "cum_time": 459998.3305182797,
    "round_modelled_energy_wh": 25.06129862338696,
    "cum_modelled_energy_wh": 4725.130134220475,
    "round_modelled_carbon_g": 11.904116846108806,
    "cum_modelled_carbon_g": 2244.4368137547253,
    "training_tflops": 0.61926971904,
    "cum_training_tflops": 121.43932595712,
    "round_comm_mb": 28.159942626953125,
    "cum_comm_mb": 5631.988525390625,
    "fairness_variance": 185.32,
    "fairness_gini": 0.37853,
    "fairness_jain": 0.6833868653044488,
    "utilization_entropy": 0.9470069163304048,
    "participation_coverage_ratio": 1.0,
    "tier_0_selection_rate": 0.0585,
    "tier_1_selection_rate": 0.4395,
    "tier_2_selection_rate": 0.502,
    "label_coverage_ratio": 1.0,
    "mean_local_loss_reduction": 0.32145294107831435,
    "accuracy_delta": -0.009400000000000075,
    "criticalfl_sparse_round": false
  }
}