{
  "run_label": "fashion_lambda_anchor_fashion_main_research.maml_select.lambda_0p0_s123",
  "round": 199,
  "rounds": 200,
  "latest_metrics": {
    "accuracy": 0.9067,
    "f1": 0.9066835466067523,
    "precision": 0.9073894291395896,
    "recall": 0.9067000000000001,
    "loss": 0.3513959885895252,
    "round": 199,
    "evaluated": true,
    "selected_clients": [
      20,
      79,
      60,
      61,
      51,
      94,
      91,
      38,
      96,
      15
    ],
    "selected_count": 10,
    "selection_seconds": 0.007577600000331586,
    "selection_overhead_seconds": 0.007577600000331586,
    "round_time": 5036.263331907269,
    "cum_time": 750885.0349195943,
    "round_modelled_energy_wh": 29.00925112609562,
    "cum_modelled_energy_wh": 5517.718964540379,
    "round_modelled_carbon_g": 13.77939428489542,
    "cum_modelled_carbon_g": 2620.91650815668,
    "training_tflops": 0.70750462464,
    "cum_training_tflops": 134.43121921536,
    "round_comm_mb": 28.159942626953125,
    "cum_comm_mb": 5631.988525390625,
    "fairness_variance": 8.88,
    "fairness_gini": 0.08141,
    "fairness_jain": 0.9782821365681863,
    "utilization_entropy": 0.9976157531585558,
    "participation_coverage_ratio": 1.0,
    "tier_0_selection_rate": 0.1865,
    "tier_1_selection_rate": 0.488,
    "tier_2_selection_rate": 0.3255,
    "label_coverage_ratio": 1.0,
    "mean_local_loss_reduction": 0.14880657048533977,
    "accuracy_delta": 0.0023999999999999577,
    "criticalfl_sparse_round": false
  }
}