{
  "run_label": "cifar100_benchmarks_cifar100_main_maml_select_s2026",
  "round": 199,
  "rounds": 200,
  "latest_metrics": {
    "accuracy": 0.6069,
    "f1": 0.6004729214184119,
    "precision": 0.6148034932656696,
    "recall": 0.6069,
    "loss": 1.6288439491271973,
    "round": 199,
    "evaluated": true,
    "selected_clients": [
      46,
      59,
      89,
      11,
      1,
      87,
      91,
      60,
      79,
      74
    ],
    "selected_count": 10,
    "selection_seconds": 0.01927854199311696,
    "selection_overhead_seconds": 0.01927854199311696,
    "round_time": 1543.6056899303644,
    "cum_time": 418441.3421324922,
    "round_modelled_energy_wh": 22.927735560188633,
    "cum_modelled_energy_wh": 4592.430374377682,
    "round_modelled_carbon_g": 10.8906743910896,
    "cum_modelled_carbon_g": 2181.404427829399,
    "training_tflops": 41.217455808,
    "cum_training_tflops": 8275.94624659968,
    "round_comm_mb": 856.0281372070312,
    "cum_comm_mb": 171205.62744140625,
    "fairness_variance": 92.94,
    "fairness_gini": 0.27346,
    "fairness_jain": 0.8114577839087922,
    "utilization_entropy": 0.9745476287507192,
    "participation_coverage_ratio": 1.0,
    "tier_0_selection_rate": 0.1055,
    "tier_1_selection_rate": 0.4825,
    "tier_2_selection_rate": 0.412,
    "label_coverage_ratio": 1.0,
    "mean_local_loss_reduction": 0.8838914662599564,
    "accuracy_delta": 0.008199999999999985,
    "criticalfl_sparse_round": false
  }
}