{
  "metrics": [
    {
      "accuracy": 0.1041,
      "f1": 0.025060449392979356,
      "precision": 0.03294641452782796,
      "recall": 0.10328255526460788,
      "loss": 2.310351022338867,
      "round": -1,
      "evaluated": true,
      "cum_time": 0.0,
      "cum_modelled_energy_wh": 0.0,
      "cum_modelled_carbon_g": 0.0,
      "cum_training_tflops": 0.0,
      "cum_comm_mb": 0.0
    },
    {
      "accuracy": 0.1963,
      "f1": 0.08119987193734013,
      "precision": 0.14484543397580213,
      "recall": 0.19637722123581253,
      "loss": 2.2773385063171387,
      "round": 0,
      "evaluated": true,
      "selected_clients": [
        0,
        4,
        67,
        10,
        73,
        50,
        59,
        79
      ],
      "selected_count": 8,
      "selection_seconds": 0.021318500017514452,
      "selection_overhead_seconds": 0.021318500017514452,
      "round_time": 1138.373990752194,
      "cum_time": 1138.373990752194,
      "round_modelled_energy_wh": 5.61075227129883,
      "cum_modelled_energy_wh": 5.61075227129883,
      "round_modelled_carbon_g": 2.6651073288669442,
      "cum_modelled_carbon_g": 2.6651073288669442,
      "training_tflops": 0.0085293555,
      "cum_training_tflops": 0.0085293555,
      "round_comm_mb": 1.3330078125,
      "cum_comm_mb": 1.3330078125,
      "fairness_variance": 0.09000000000000001,
      "fairness_gini": 0.9,
      "fairness_jain": 0.1,
      "utilization_entropy": 0.4745387728193468,
      "participation_coverage_ratio": 0.1,
      "tier_0_selection_rate": 0.25,
      "tier_1_selection_rate": 0.375,
      "tier_2_selection_rate": 0.375,
      "label_coverage_ratio": 1.0,
      "mean_local_loss_reduction": 1.3255726750940084,
      "accuracy_delta": 0.0922,
      "criticalfl_sparse_round": false
    },
    {
      "accuracy": 0.1963,
      "f1": 0.08119987193734013,
      "precision": 0.14484543397580213,
      "recall": 0.19637722123581253,
      "loss": 2.2773385063171387,
      "round": 1,
      "evaluated": false,
      "selected_clients": [
        79,
        4,
        67,
        73,
        0,
        10,
        59,
        50
      ],
      "selected_count": 8,
      "selection_seconds": 0.021148999978322536,
      "selection_overhead_seconds": 0.021148999978322536,
      "round_time": 1138.4385928970771,
      "cum_time": 2276.812583649271,
      "round_modelled_energy_wh": 5.611259588678125,
      "cum_modelled_energy_wh": 11.222011859976956,
      "round_modelled_carbon_g": 2.6653483046221096,
      "cum_modelled_carbon_g": 5.330455633489055,
      "training_tflops": 0.0085293555,
      "cum_training_tflops": 0.017058711,
      "round_comm_mb": 1.3330078125,
      "cum_comm_mb": 2.666015625,
      "fairness_variance": 0.36000000000000004,
      "fairness_gini": 0.9,
      "fairness_jain": 0.1,
      "utilization_entropy": 0.4745387728193468,
      "participation_coverage_ratio": 0.1,
      "tier_0_selection_rate": 0.25,
      "tier_1_selection_rate": 0.375,
      "tier_2_selection_rate": 0.375,
      "label_coverage_ratio": 1.0,
      "mean_local_loss_reduction": 1.605721777305007,
      "accuracy_delta": 0.0,
      "criticalfl_sparse_round": false
    },
    {
      "accuracy": 0.1963,
      "f1": 0.08119987193734013,
      "precision": 0.14484543397580213,
      "recall": 0.19637722123581253,
      "loss": 2.2773385063171387,
      "round": 2,
      "evaluated": false,
      "selected_clients": [
        4,
        73,
        0,
        67,
        10,
        79,
        59,
        50
      ],
      "selected_count": 8,
      "selection_seconds": 0.021272124984534457,
      "selection_overhead_seconds": 0.021272124984534457,
      "round_time": 1138.4765727211866,
      "cum_time": 3415.2891563704575,
      "round_modelled_energy_wh": 5.6108458947394215,
      "cum_modelled_energy_wh": 16.83285775471638,
      "round_modelled_carbon_g": 2.665151800001225,
      "cum_modelled_carbon_g": 7.99560743349028,
      "training_tflops": 0.0085293555,
      "cum_training_tflops": 0.0255880665,
      "round_comm_mb": 1.3330078125,
      "cum_comm_mb": 3.9990234375,
      "fairness_variance": 0.8100000000000002,
      "fairness_gini": 0.9,
      "fairness_jain": 0.1,
      "utilization_entropy": 0.4745387728193468,
      "participation_coverage_ratio": 0.1,
      "tier_0_selection_rate": 0.25,
      "tier_1_selection_rate": 0.375,
      "tier_2_selection_rate": 0.375,
      "label_coverage_ratio": 1.0,
      "mean_local_loss_reduction": 0.4374424987472594,
      "accuracy_delta": 0.0,
      "criticalfl_sparse_round": false
    },
    {
      "accuracy": 0.1963,
      "f1": 0.08119987193734013,
      "precision": 0.14484543397580213,
      "recall": 0.19637722123581253,
      "loss": 2.2773385063171387,
      "round": 3,
      "evaluated": false,
      "selected_clients": [
        4,
        50,
        79,
        73,
        67,
        0,
        10,
        59
      ],
      "selected_count": 8,
      "selection_seconds": 0.021181290998356417,
      "selection_overhead_seconds": 0.021181290998356417,
      "round_time": 1138.4065914619896,
      "cum_time": 4553.6957478324475,
      "round_modelled_energy_wh": 5.610821530709839,
      "cum_modelled_energy_wh": 22.443679285426217,
      "round_modelled_carbon_g": 2.6651402270871736,
      "cum_modelled_carbon_g": 10.660747660577453,
      "training_tflops": 0.0085293555,
      "cum_training_tflops": 0.034117422,
      "round_comm_mb": 1.3330078125,
      "cum_comm_mb": 5.33203125,
      "fairness_variance": 1.4400000000000002,
      "fairness_gini": 0.9,
      "fairness_jain": 0.1,
      "utilization_entropy": 0.4745387728193468,
      "participation_coverage_ratio": 0.1,
      "tier_0_selection_rate": 0.25,
      "tier_1_selection_rate": 0.375,
      "tier_2_selection_rate": 0.375,
      "label_coverage_ratio": 1.0,
      "mean_local_loss_reduction": 0.7585191370453686,
      "accuracy_delta": 0.0,
      "criticalfl_sparse_round": false
    },
    {
      "accuracy": 0.1963,
      "f1": 0.08119987193734013,
      "precision": 0.14484543397580213,
      "recall": 0.19637722123581253,
      "loss": 2.2773385063171387,
      "round": 4,
      "evaluated": false,
      "selected_clients": [
        4,
        0,
        73,
        10,
        67,
        79,
        50,
        59
      ],
      "selected_count": 8,
      "selection_seconds": 0.021213207975961268,
      "selection_overhead_seconds": 0.021213207975961268,
      "round_time": 1138.3485327595788,
      "cum_time": 5692.044280592027,
      "round_modelled_energy_wh": 5.610487812829437,
      "cum_modelled_energy_wh": 28.054167098255654,
      "round_modelled_carbon_g": 2.6649817110939824,
      "cum_modelled_carbon_g": 13.325729371671436,
      "training_tflops": 0.0085293555,
      "cum_training_tflops": 0.0426467775,
      "round_comm_mb": 1.3330078125,
      "cum_comm_mb": 6.6650390625,
      "fairness_variance": 2.25,
      "fairness_gini": 0.9,
      "fairness_jain": 0.1,
      "utilization_entropy": 0.4745387728193468,
      "participation_coverage_ratio": 0.1,
      "tier_0_selection_rate": 0.25,
      "tier_1_selection_rate": 0.375,
      "tier_2_selection_rate": 0.375,
      "label_coverage_ratio": 1.0,
      "mean_local_loss_reduction": 0.34712235725601204,
      "accuracy_delta": 0.0,
      "criticalfl_sparse_round": false
    },
    {
      "accuracy": 0.1963,
      "f1": 0.08119987193734013,
      "precision": 0.14484543397580213,
      "recall": 0.19637722123581253,
      "loss": 2.2773385063171387,
      "round": 5,
      "evaluated": false,
      "selected_clients": [
        4,
        0,
        73,
        67,
        10,
        50,
        59,
        79
      ],
      "selected_count": 8,
      "selection_seconds": 0.02132125000935048,
      "selection_overhead_seconds": 0.02132125000935048,
      "round_time": 1138.3855743567499,
      "cum_time": 6830.429854948777,
      "round_modelled_energy_wh": 5.610066909386923,