{
  "metrics": [
    {
      "accuracy": 0.1041,
      "f1": 0.025060449392979356,
      "precision": 0.03294641452782796,
      "recall": 0.10328255526460788,
      "loss": 2.310351022338867,
      "round": -1,
      "evaluated": true,
      "cum_time": 0.0,
      "cum_modelled_energy_wh": 0.0,
      "cum_modelled_carbon_g": 0.0,
      "cum_training_tflops": 0.0,
      "cum_comm_mb": 0.0
    },
    {
      "accuracy": 0.5143,
      "f1": 0.3948315608392755,
      "precision": 0.46120049390568907,
      "recall": 0.49925964363067654,
      "loss": 1.6373792303085326,
      "round": 0,
      "evaluated": true,
      "selected_clients": [
        48,
        42,
        2,
        23,
        8,
        12,
        79,
        13
      ],
      "selected_count": 8,
      "selection_seconds": 8.104200242087245e-05,
      "selection_overhead_seconds": 8.104200242087245e-05,
      "round_time": 1708.72956414061,
      "cum_time": 1708.72956414061,
      "round_modelled_energy_wh": 6.187231668083232,
      "cum_modelled_energy_wh": 6.187231668083232,
      "round_modelled_carbon_g": 2.938935042339535,
      "cum_modelled_carbon_g": 2.938935042339535,
      "training_tflops": 0.009199653,
      "cum_training_tflops": 0.009199653,
      "round_comm_mb": 1.3330078125,
      "cum_comm_mb": 1.3330078125,
      "fairness_variance": 0.09000000000000001,
      "fairness_gini": 0.9,
      "fairness_jain": 0.1,
      "utilization_entropy": 0.4745387728193468,
      "participation_coverage_ratio": 0.1,
      "tier_0_selection_rate": 0.25,
      "tier_1_selection_rate": 0.375,
      "tier_2_selection_rate": 0.375,
      "label_coverage_ratio": 1.0,
      "mean_local_loss_reduction": 1.2683793604373932,
      "accuracy_delta": 0.4102,
      "criticalfl_sparse_round": false
    },
    {
      "accuracy": 0.5143,
      "f1": 0.3948315608392755,
      "precision": 0.46120049390568907,
      "recall": 0.49925964363067654,
      "loss": 1.6373792303085326,
      "round": 1,
      "evaluated": false,
      "selected_clients": [
        63,
        1,
        47,
        73
      ],
      "selected_count": 4,
      "selection_seconds": 0.00012887499178759754,
      "selection_overhead_seconds": 0.00012887499178759754,
      "round_time": 910.955141764845,
      "cum_time": 2619.684705905455,
      "round_modelled_energy_wh": 2.8265061593117897,
      "cum_modelled_energy_wh": 9.013737827395023,
      "round_modelled_carbon_g": 1.3425904256731,
      "cum_modelled_carbon_g": 4.281525468012636,
      "training_tflops": 0.0043230585,
      "cum_training_tflops": 0.0135227115,
      "round_comm_mb": 0.66650390625,
      "cum_comm_mb": 1.99951171875,
      "fairness_variance": 0.12749999999999997,
      "fairness_gini": 0.85,
      "fairness_jain": 0.15,
      "utilization_entropy": 0.5670679018985315,
      "participation_coverage_ratio": 0.15,
      "tier_0_selection_rate": 0.25,
      "tier_1_selection_rate": 0.3333333333333333,
      "tier_2_selection_rate": 0.4166666666666667,
      "label_coverage_ratio": 1.0,
      "mean_local_loss_reduction": 1.0212921388447285,
      "accuracy_delta": 0.0,
      "criticalfl_sparse_round": false
    },
    {
      "accuracy": 0.5143,
      "f1": 0.3948315608392755,
      "precision": 0.46120049390568907,
      "recall": 0.49925964363067654,
      "loss": 1.6373792303085326,
      "round": 2,
      "evaluated": false,
      "selected_clients": [
        48,
        60,
        79,
        31
      ],
      "selected_count": 4,
      "selection_seconds": 0.00012587499804794788,
      "selection_overhead_seconds": 0.00012587499804794788,
      "round_time": 565.3380050806088,
      "cum_time": 3185.0227109860634,
      "round_modelled_energy_wh": 3.278269586336788,
      "cum_modelled_energy_wh": 12.29200741373181,
      "round_modelled_carbon_g": 1.5571780535099744,
      "cum_modelled_carbon_g": 5.83870352152261,
      "training_tflops": 0.005125974,
      "cum_training_tflops": 0.0186486855,
      "round_comm_mb": 0.66650390625,
      "cum_comm_mb": 2.666015625,
      "fairness_variance": 0.21000000000000005,
      "fairness_gini": 0.84375,
      "fairness_jain": 0.16,
      "utilization_entropy": 0.5931734660241835,
      "participation_coverage_ratio": 0.175,
      "tier_0_selection_rate": 0.1875,
      "tier_1_selection_rate": 0.375,
      "tier_2_selection_rate": 0.4375,
      "label_coverage_ratio": 1.0,
      "mean_local_loss_reduction": 0.5837442195042968,
      "accuracy_delta": 0.0,
      "criticalfl_sparse_round": false
    },
    {
      "accuracy": 0.5143,
      "f1": 0.3948315608392755,
      "precision": 0.46120049390568907,
      "recall": 0.49925964363067654,
      "loss": 1.6373792303085326,
      "round": 3,
      "evaluated": false,
      "selected_clients": [
        31,
        52,
        25,
        79
      ],
      "selected_count": 4,
      "selection_seconds": 0.00012979097664356232,
      "selection_overhead_seconds": 0.00012979097664356232,
      "round_time": 553.9185012210385,
      "cum_time": 3738.9412122071017,
      "round_modelled_energy_wh": 2.571556611230106,
      "cum_modelled_energy_wh": 14.863564024961915,
      "round_modelled_carbon_g": 1.2214893903343003,
      "cum_modelled_carbon_g": 7.06019291185691,
      "training_tflops": 0.004163052,
      "cum_training_tflops": 0.0228117375,
      "round_comm_mb": 0.39990234375,
      "cum_comm_mb": 3.06591796875,
      "fairness_variance": 0.3125,
      "fairness_gini": 0.83375,
      "fairness_jain": 0.16666666666666666,
      "utilization_entropy": 0.6143985919296341,
      "participation_coverage_ratio": 0.2,
      "tier_0_selection_rate": 0.2,
      "tier_1_selection_rate": 0.3,
      "tier_2_selection_rate": 0.5,
      "label_coverage_ratio": 1.0,
      "mean_local_loss_reduction": 0.21776182670146227,
      "accuracy_delta": 0.0,
      "criticalfl_sparse_round": true
    },
    {
      "accuracy": 0.5143,
      "f1": 0.3948315608392755,
      "precision": 0.46120049390568907,
      "recall": 0.49925964363067654,
      "loss": 1.6373792303085326,
      "round": 4,
      "evaluated": false,
      "selected_clients": [
        12,
        22,
        10,
        67,
        74,
        39,
        34,
        72
      ],
      "selected_count": 8,
      "selection_seconds": 0.0001425420050509274,
      "selection_overhead_seconds": 0.0001425420050509274,
      "round_time": 1043.1525591837612,
      "cum_time": 4782.0937713908625,
      "round_modelled_energy_wh": 5.636188978979155,
      "cum_modelled_energy_wh": 20.49975300394107,
      "round_modelled_carbon_g": 2.6771897650150986,
      "cum_modelled_carbon_g": 9.737382676872008,
      "training_tflops": 0.0083909715,
      "cum_training_tflops": 0.031202709,
      "round_comm_mb": 1.3330078125,
      "cum_comm_mb": 4.39892578125,
      "fairness_variance": 0.3775,
      "fairness_gini": 0.75625,
      "fairness_jain": 0.245,
      "utilization_entropy": 0.6996681598700066,
      "participation_coverage_ratio": 0.2875,
      "tier_0_selection_rate": 0.25,
      "tier_1_selection_rate": 0.32142857142857145,
      "tier_2_selection_rate": 0.42857142857142855,
      "label_coverage_ratio": 1.0,
      "mean_local_loss_reduction": 0.01831262791529298,
      "accuracy_delta": 0.0,
      "criticalfl_sparse_round": false
    },
    {
      "accuracy": 0.5143,
      "f1": 0.3948315608392755,
      "precision": 0.46120049390568907,
      "recall": 0.49925964363067654,
      "loss": 1.6373792303085326,
      "round": 5,
      "evaluated": false,
      "selected_clients": [
        46,
        54,
        73,
        3
      ],
      "selected_count": 4,
      "selection_seconds": 0.00014741698396392167,
      "selection_overhead_seconds": 0.00014741698396392167,