{
  "metrics": [
    {
      "accuracy": 0.1041,
      "f1": 0.025060449392979356,
      "precision": 0.03294641452782796,
      "recall": 0.10328255526460788,
      "loss": 2.3103507289886474,
      "round": -1,
      "evaluated": true,
      "cum_time": 0.0,
      "cum_modelled_energy_wh": 0.0,
      "cum_modelled_carbon_g": 0.0,
      "cum_training_tflops": 0.0,
      "cum_comm_mb": 0.0
    },
    {
      "accuracy": 0.4586,
      "f1": 0.4176223453695359,
      "precision": 0.5203719884100897,
      "recall": 0.4689451925711678,
      "loss": 1.8417532596588135,
      "round": 0,
      "evaluated": true,
      "selected_clients": [
        0,
        1,
        2,
        3
      ],
      "selected_count": 4,
      "selection_seconds": 0.0002761000068858266,
      "selection_overhead_seconds": 0.0002761000068858266,
      "round_time": 1632.773414221421,
      "cum_time": 1632.773414221421,
      "round_modelled_energy_wh": 4.022619650093753,
      "cum_modelled_energy_wh": 4.022619650093753,
      "round_modelled_carbon_g": 1.9107443337945327,
      "cum_modelled_carbon_g": 1.9107443337945327,
      "training_tflops": 0.0058539315,
      "cum_training_tflops": 0.0058539315,
      "round_comm_mb": 0.66650390625,
      "cum_comm_mb": 0.66650390625,
      "fairness_variance": 0.09000000000000001,
      "fairness_gini": 0.9,
      "fairness_jain": 0.1,
      "utilization_entropy": 0.37580364941821515,
      "participation_coverage_ratio": 0.1,
      "tier_0_selection_rate": 0.25,
      "tier_1_selection_rate": 0.5,
      "tier_2_selection_rate": 0.25,
      "label_coverage_ratio": 1.0,
      "mean_local_loss_reduction": 1.616938591003418,
      "accuracy_delta": 0.35450000000000004,
      "criticalfl_sparse_round": false
    },
    {
      "accuracy": 0.4586,
      "f1": 0.4176223453695359,
      "precision": 0.5203719884100897,
      "recall": 0.4689451925711678,
      "loss": 1.8417532596588135,
      "round": 1,
      "evaluated": false,
      "selected_clients": [
        0,
        1,
        3,
        2
      ],
      "selected_count": 4,
      "selection_seconds": 0.00024680000205989927,
      "selection_overhead_seconds": 0.00024680000205989927,
      "round_time": 1632.908049938553,
      "cum_time": 3265.681464159974,
      "round_modelled_energy_wh": 4.023781974276796,
      "cum_modelled_energy_wh": 8.04640162437055,
      "round_modelled_carbon_g": 1.911296437781478,
      "cum_modelled_carbon_g": 3.8220407715760114,
      "training_tflops": 0.0058539315,
      "cum_training_tflops": 0.011707863,
      "round_comm_mb": 0.66650390625,
      "cum_comm_mb": 1.3330078125,
      "fairness_variance": 0.36000000000000004,
      "fairness_gini": 0.9,
      "fairness_jain": 0.1,
      "utilization_entropy": 0.37580364941821515,
      "participation_coverage_ratio": 0.1,
      "tier_0_selection_rate": 0.25,
      "tier_1_selection_rate": 0.5,
      "tier_2_selection_rate": 0.25,
      "label_coverage_ratio": 1.0,
      "mean_local_loss_reduction": 0.9563937019556761,
      "accuracy_delta": 0.0,
      "criticalfl_sparse_round": false
    },
    {
      "accuracy": 0.4586,
      "f1": 0.4176223453695359,
      "precision": 0.5203719884100897,
      "recall": 0.4689451925711678,
      "loss": 1.8417532596588135,
      "round": 2,
      "evaluated": false,
      "selected_clients": [
        0,
        1,
        3,
        2
      ],
      "selected_count": 4,
      "selection_seconds": 0.00023879999935161322,
      "selection_overhead_seconds": 0.00023879999935161322,
      "round_time": 1632.8648175076812,
      "cum_time": 4898.546281667655,
      "round_modelled_energy_wh": 4.024074347642495,
      "cum_modelled_energy_wh": 12.070475972013044,
      "round_modelled_carbon_g": 1.9114353151301848,
      "cum_modelled_carbon_g": 5.733476086706196,
      "training_tflops": 0.0058539315,
      "cum_training_tflops": 0.0175617945,
      "round_comm_mb": 0.66650390625,
      "cum_comm_mb": 1.99951171875,
      "fairness_variance": 0.8099999999999999,
      "fairness_gini": 0.9,
      "fairness_jain": 0.1,
      "utilization_entropy": 0.37580364941821515,
      "participation_coverage_ratio": 0.1,
      "tier_0_selection_rate": 0.25,
      "tier_1_selection_rate": 0.5,
      "tier_2_selection_rate": 0.25,
      "label_coverage_ratio": 1.0,
      "mean_local_loss_reduction": 0.3992531429976225,
      "accuracy_delta": 0.0,
      "criticalfl_sparse_round": false
    },
    {
      "accuracy": 0.4586,
      "f1": 0.4176223453695359,
      "precision": 0.5203719884100897,
      "recall": 0.4689451925711678,
      "loss": 1.8417532596588135,
      "round": 3,
      "evaluated": false,
      "selected_clients": [
        3,
        0,
        1,
        2
      ],
      "selected_count": 4,
      "selection_seconds": 0.00045179999142419547,
      "selection_overhead_seconds": 0.00045179999142419547,
      "round_time": 1632.7310762011014,
      "cum_time": 6531.277357868757,
      "round_modelled_energy_wh": 4.0237713692767025,
      "cum_modelled_energy_wh": 16.094247341289748,
      "round_modelled_carbon_g": 1.9112914004064339,
      "cum_modelled_carbon_g": 7.644767487112631,
      "training_tflops": 0.0058539315,
      "cum_training_tflops": 0.023415726,
      "round_comm_mb": 0.66650390625,
      "cum_comm_mb": 2.666015625,
      "fairness_variance": 1.4400000000000002,
      "fairness_gini": 0.9,
      "fairness_jain": 0.1,
      "utilization_entropy": 0.37580364941821515,
      "participation_coverage_ratio": 0.1,
      "tier_0_selection_rate": 0.25,
      "tier_1_selection_rate": 0.5,
      "tier_2_selection_rate": 0.25,
      "label_coverage_ratio": 1.0,
      "mean_local_loss_reduction": 0.06349645555019379,
      "accuracy_delta": 0.0,
      "criticalfl_sparse_round": false
    },
    {
      "accuracy": 0.4586,
      "f1": 0.4176223453695359,
      "precision": 0.5203719884100897,
      "recall": 0.4689451925711678,
      "loss": 1.8417532596588135,
      "round": 4,
      "evaluated": false,
      "selected_clients": [
        0,
        3,
        1,
        2
      ],
      "selected_count": 4,
      "selection_seconds": 0.0004579999949783087,
      "selection_overhead_seconds": 0.0004579999949783087,
      "round_time": 1632.8610118895824,
      "cum_time": 8164.138369758339,
      "round_modelled_energy_wh": 4.023475529364726,
      "cum_modelled_energy_wh": 20.117722870654475,
      "round_modelled_carbon_g": 1.9111508764482448,
      "cum_modelled_carbon_g": 9.555918363560876,
      "training_tflops": 0.0058539315,
      "cum_training_tflops": 0.0292696575,
      "round_comm_mb": 0.66650390625,
      "cum_comm_mb": 3.33251953125,
      "fairness_variance": 2.25,
      "fairness_gini": 0.9,
      "fairness_jain": 0.1,
      "utilization_entropy": 0.37580364941821515,
      "participation_coverage_ratio": 0.1,
      "tier_0_selection_rate": 0.25,
      "tier_1_selection_rate": 0.5,
      "tier_2_selection_rate": 0.25,
      "label_coverage_ratio": 1.0,
      "mean_local_loss_reduction": 0.24102973099797964,
      "accuracy_delta": 0.0,
      "criticalfl_sparse_round": false
    },
    {
      "accuracy": 0.4586,
      "f1": 0.4176223453695359,
      "precision": 0.5203719884100897,
      "recall": 0.4689451925711678,
      "loss": 1.8417532596588135,
      "round": 5,
      "evaluated": false,
      "selected_clients": [
        1,
        3,
        0,
        2
      ],
      "selected_count": 4,
      "selection_seconds": 0.00028020000900141895,
      "selection_overhead_seconds": 0.00028020000900141895,
      "round_time": 1632.696005963672,
      "cum_time": 9796.83437572201,
      "round_modelled_energy_wh": 4.022472036144067,
      "cum_modelled_energy_wh": 24.14019490679854,