{
  "run_label": "inner_step_ablation_cifar10_review_100_research.maml_select.inner_steps_5_s42",
  "round": 99,
  "rounds": 100,
  "latest_metrics": {
    "accuracy": 0.5998,
    "f1": 0.5834493393363754,
    "precision": 0.632990506791813,
    "recall": 0.5998,
    "loss": 1.2277503916740418,
    "round": 99,
    "evaluated": true,
    "selected_clients": [
      7,
      71,
      22,
      52,
      63,
      12,
      38,
      61,
      23,
      29
    ],
    "selected_count": 10,
    "selection_seconds": 0.07248483299918007,
    "selection_overhead_seconds": 0.07248483299918007,
    "round_time": 3154.2509869614128,
    "cum_time": 212886.49910689442,
    "round_modelled_energy_wh": 17.404626694415533,
    "cum_modelled_energy_wh": 1729.676284358017,
    "round_modelled_carbon_g": 8.26719767984738,
    "cum_modelled_carbon_g": 821.5962350700581,
    "training_tflops": 32.46774388992,
    "cum_training_tflops": 3155.65308672768,
    "round_comm_mb": 851.7732238769531,
    "cum_comm_mb": 85177.32238769531,
    "fairness_variance": 79.66,
    "fairness_gini": 0.43622,
    "fairness_jain": 0.5566069241901369,
    "utilization_entropy": 0.9306331437229155,
    "participation_coverage_ratio": 1.0,
    "tier_0_selection_rate": 0.093,
    "tier_1_selection_rate": 0.387,
    "tier_2_selection_rate": 0.52,
    "label_coverage_ratio": 1.0,
    "mean_local_loss_reduction": 0.6361686654388905,
    "accuracy_delta": -0.0033999999999999586,
    "criticalfl_sparse_round": false
  }
}