{
  "metrics": [
    {
      "accuracy": 0.1041,
      "f1": 0.025060449392979356,
      "precision": 0.03294641452782796,
      "recall": 0.10328255526460788,
      "loss": 2.3103507289886474,
      "round": -1,
      "evaluated": true,
      "cum_time": 0.0,
      "cum_modelled_energy_wh": 0.0,
      "cum_modelled_carbon_g": 0.0,
      "cum_training_tflops": 0.0,
      "cum_comm_mb": 0.0
    },
    {
      "accuracy": 0.1951,
      "f1": 0.13605087611853792,
      "precision": 0.2243902014814565,
      "recall": 0.19374059599566315,
      "loss": 2.210709177017212,
      "round": 0,
      "evaluated": true,
      "selected_clients": [
        0,
        82,
        199,
        142,
        17,
        50,
        73,
        61,
        59,
        183,
        22,
        30,
        125,
        23,
        69,
        157,
        103,
        80,
        167,
        6
      ],
      "selected_count": 20,
      "selection_seconds": 1.2380477999977302,
      "selection_overhead_seconds": 1.2380477999977302,
      "round_time": 422.68104535983923,
      "cum_time": 422.68104535983923,
      "round_modelled_energy_wh": 5.854235409005169,
      "cum_modelled_energy_wh": 5.854235409005169,
      "round_modelled_carbon_g": 2.7807618192774552,
      "cum_modelled_carbon_g": 2.7807618192774552,
      "training_tflops": 0.008501967,
      "cum_training_tflops": 0.008501967,
      "round_comm_mb": 3.33251953125,
      "cum_comm_mb": 3.33251953125,
      "fairness_variance": 0.09,
      "fairness_gini": 0.9,
      "fairness_jain": 0.1,
      "utilization_entropy": 0.5654120103239064,
      "participation_coverage_ratio": 0.1,
      "tier_0_selection_rate": 0.3,
      "tier_1_selection_rate": 0.5,
      "tier_2_selection_rate": 0.2,
      "label_coverage_ratio": 1.0,
      "mean_local_loss_reduction": 0.5656136929988861,
      "accuracy_delta": 0.091,
      "criticalfl_sparse_round": false
    },
    {
      "accuracy": 0.1951,
      "f1": 0.13605087611853792,
      "precision": 0.2243902014814565,
      "recall": 0.19374059599566315,
      "loss": 2.210709177017212,
      "round": 1,
      "evaluated": false,
      "selected_clients": [
        22,
        0,
        73,
        142,
        30,
        103,
        125,
        23,
        69,
        180,
        61,
        157,
        50,
        6,
        17,
        80,
        199,
        59,
        167,
        82
      ],
      "selected_count": 20,
      "selection_seconds": 1.2477438999922015,
      "selection_overhead_seconds": 1.2477438999922015,
      "round_time": 368.425150982491,
      "cum_time": 791.1061963423302,
      "round_modelled_energy_wh": 5.767285129518361,
      "cum_modelled_energy_wh": 11.62152053852353,
      "round_modelled_carbon_g": 2.7394604365212216,
      "cum_modelled_carbon_g": 5.520222255798677,
      "training_tflops": 0.00838953,
      "cum_training_tflops": 0.016891497,
      "round_comm_mb": 3.33251953125,
      "cum_comm_mb": 6.6650390625,
      "fairness_variance": 0.35,
      "fairness_gini": 0.89975,
      "fairness_jain": 0.10256410256410256,
      "utilization_entropy": 0.5719532113562971,
      "participation_coverage_ratio": 0.105,
      "tier_0_selection_rate": 0.3,
      "tier_1_selection_rate": 0.5,
      "tier_2_selection_rate": 0.2,
      "label_coverage_ratio": 1.0,
      "mean_local_loss_reduction": 0.6405499547719955,
      "accuracy_delta": 0.0,
      "criticalfl_sparse_round": false
    },
    {
      "accuracy": 0.1951,
      "f1": 0.13605087611853792,
      "precision": 0.2243902014814565,
      "recall": 0.19374059599566315,
      "loss": 2.210709177017212,
      "round": 2,
      "evaluated": false,
      "selected_clients": [
        22,
        0,
        142,
        73,
        30,
        17,
        103,
        180,
        69,
        61,
        23,
        59,
        50,
        199,
        167,
        6,
        80,
        125,
        157,
        82
      ],
      "selected_count": 20,
      "selection_seconds": 1.2919345999980578,
      "selection_overhead_seconds": 1.2919345999980578,
      "round_time": 368.43255913250266,
      "cum_time": 1159.538755474833,
      "round_modelled_energy_wh": 5.767464336081885,
      "cum_modelled_energy_wh": 17.388984874605416,
      "round_modelled_carbon_g": 2.7395455596388953,
      "cum_modelled_carbon_g": 8.259767815437572,
      "training_tflops": 0.00838953,
      "cum_training_tflops": 0.025281027,
      "round_comm_mb": 3.33251953125,
      "cum_comm_mb": 9.99755859375,
      "fairness_variance": 0.79,
      "fairness_gini": 0.8998333333333334,
      "fairness_jain": 0.10227272727272728,
      "utilization_entropy": 0.5714187679816637,
      "participation_coverage_ratio": 0.105,
      "tier_0_selection_rate": 0.3,
      "tier_1_selection_rate": 0.5,
      "tier_2_selection_rate": 0.2,
      "label_coverage_ratio": 1.0,
      "mean_local_loss_reduction": 0.5609498545527458,
      "accuracy_delta": 0.0,
      "criticalfl_sparse_round": false
    },
    {
      "accuracy": 0.1951,
      "f1": 0.13605087611853792,
      "precision": 0.2243902014814565,
      "recall": 0.19374059599566315,
      "loss": 2.210709177017212,
      "round": 3,
      "evaluated": false,
      "selected_clients": [
        0,
        22,
        142,
        73,
        23,
        103,
        30,
        180,
        6,
        17,
        61,
        199,
        167,
        69,
        50,
        157,
        127,
        80,
        125,
        59
      ],
      "selected_count": 20,
      "selection_seconds": 1.2643850000022212,
      "selection_overhead_seconds": 1.2643850000022212,
      "round_time": 344.40860067766636,
      "cum_time": 1503.9473561524992,
      "round_modelled_energy_wh": 5.632334475214467,
      "cum_modelled_energy_wh": 23.021319349819883,
      "round_modelled_carbon_g": 2.6753588757268716,
      "cum_modelled_carbon_g": 10.935126691164445,
      "training_tflops": 0.0082641195,
      "cum_training_tflops": 0.0335451465,
      "round_comm_mb": 3.33251953125,
      "cum_comm_mb": 13.330078125,
      "fairness_variance": 1.38,
      "fairness_gini": 0.8995,
      "fairness_jain": 0.1038961038961039,
      "utilization_entropy": 0.5760254769344425,
      "participation_coverage_ratio": 0.11,
      "tier_0_selection_rate": 0.2875,
      "tier_1_selection_rate": 0.5125,
      "tier_2_selection_rate": 0.2,
      "label_coverage_ratio": 1.0,
      "mean_local_loss_reduction": 0.7333584025502204,
      "accuracy_delta": 0.0,
      "criticalfl_sparse_round": false
    },
    {
      "accuracy": 0.1951,
      "f1": 0.13605087611853792,
      "precision": 0.2243902014814565,
      "recall": 0.19374059599566315,
      "loss": 2.210709177017212,
      "round": 4,
      "evaluated": false,
      "selected_clients": [
        22,
        0,
        30,
        73,
        142,
        17,
        103,
        180,
        199,
        6,
        127,
        69,
        61,
        80,
        50,
        23,
        167,
        157,
        125,
        82
      ],
      "selected_count": 20,
      "selection_seconds": 1.3185743000067305,
      "selection_overhead_seconds": 1.3185743000067305,
      "round_time": 368.4784988659287,
      "cum_time": 1872.425855018428,
      "round_modelled_energy_wh": 5.598141307880487,
      "cum_modelled_energy_wh": 28.619460657700373,
      "round_modelled_carbon_g": 2.6591171212432316,
      "cum_modelled_carbon_g": 13.594243812407678,
      "training_tflops": 0.008138709,
      "cum_training_tflops": 0.0416838555,
      "round_comm_mb": 3.33251953125,
      "cum_comm_mb": 16.66259765625,
      "fairness_variance": 2.14,
      "fairness_gini": 0.8993,