{
  "metrics": [
    {
      "accuracy": 0.1041,
      "f1": 0.025060449392979356,
      "precision": 0.03294641452782796,
      "recall": 0.10328255526460788,
      "loss": 2.3103507289886474,
      "round": -1,
      "evaluated": true,
      "cum_time": 0.0,
      "cum_modelled_energy_wh": 0.0,
      "cum_modelled_carbon_g": 0.0,
      "cum_training_tflops": 0.0,
      "cum_comm_mb": 0.0
    },
    {
      "accuracy": 0.197,
      "f1": 0.13098215632515306,
      "precision": 0.16819100215386013,
      "recall": 0.2011295677491145,
      "loss": 2.23573288230896,
      "round": 0,
      "evaluated": true,
      "selected_clients": [
        164,
        28,
        45,
        156,
        53,
        72,
        82,
        118,
        74,
        58,
        29,
        51,
        92,
        137,
        111,
        59,
        174,
        163,
        71,
        24
      ],
      "selected_count": 20,
      "selection_seconds": 0.00036460001138038933,
      "selection_overhead_seconds": 0.00036460001138038933,
      "round_time": 368.4318483161974,
      "cum_time": 368.4318483161974,
      "round_modelled_energy_wh": 6.099795621288689,
      "cum_modelled_energy_wh": 6.099795621288689,
      "round_modelled_carbon_g": 2.8974029201121274,
      "cum_modelled_carbon_g": 2.8974029201121274,
      "training_tflops": 0.009361101,
      "cum_training_tflops": 0.009361101,
      "round_comm_mb": 3.33251953125,
      "cum_comm_mb": 3.33251953125,
      "fairness_variance": 0.09,
      "fairness_gini": 0.9,
      "fairness_jain": 0.1,
      "utilization_entropy": 0.5654120103239064,
      "participation_coverage_ratio": 0.1,
      "tier_0_selection_rate": 0.1,
      "tier_1_selection_rate": 0.5,
      "tier_2_selection_rate": 0.4,
      "label_coverage_ratio": 1.0,
      "mean_local_loss_reduction": 0.7115914851427079,
      "accuracy_delta": 0.09290000000000001,
      "criticalfl_sparse_round": false
    },
    {
      "accuracy": 0.197,
      "f1": 0.13098215632515306,
      "precision": 0.16819100215386013,
      "recall": 0.2011295677491145,
      "loss": 2.23573288230896,
      "round": 1,
      "evaluated": false,
      "selected_clients": [
        100,
        154,
        198,
        41,
        72,
        135,
        171,
        147,
        53,
        11,
        59,
        192,
        141,
        0,
        50,
        51,
        85,
        116,
        120,
        199
      ],
      "selected_count": 20,
      "selection_seconds": 0.0003338999958941713,
      "selection_overhead_seconds": 0.0003338999958941713,
      "round_time": 427.8536309916892,
      "cum_time": 796.2854793078866,
      "round_modelled_energy_wh": 6.438304723901377,
      "cum_modelled_energy_wh": 12.538100345190067,
      "round_modelled_carbon_g": 3.058194743853154,
      "cum_modelled_carbon_g": 5.955597663965282,
      "training_tflops": 0.009606156,
      "cum_training_tflops": 0.018967257,
      "round_comm_mb": 3.33251953125,
      "cum_comm_mb": 6.6650390625,
      "fairness_variance": 0.20000000000000004,
      "fairness_gini": 0.836,
      "fairness_jain": 0.16666666666666666,
      "utilization_entropy": 0.6700712268421568,
      "participation_coverage_ratio": 0.18,
      "tier_0_selection_rate": 0.075,
      "tier_1_selection_rate": 0.625,
      "tier_2_selection_rate": 0.3,
      "label_coverage_ratio": 1.0,
      "mean_local_loss_reduction": 0.5905078232288361,
      "accuracy_delta": 0.0,
      "criticalfl_sparse_round": false
    },
    {
      "accuracy": 0.197,
      "f1": 0.13098215632515306,
      "precision": 0.16819100215386013,
      "recall": 0.2011295677491145,
      "loss": 2.23573288230896,
      "round": 2,
      "evaluated": false,
      "selected_clients": [
        20,
        108,
        182,
        107,
        104,
        39,
        129,
        176,
        122,
        22,
        151,
        192,
        34,
        6,
        132,
        183,
        185,
        32,
        190,
        165
      ],
      "selected_count": 20,
      "selection_seconds": 0.00038129999302327633,
      "selection_overhead_seconds": 0.00038129999302327633,
      "round_time": 422.7534432983169,
      "cum_time": 1219.0389226062034,
      "round_modelled_energy_wh": 5.390929892372333,
      "cum_modelled_energy_wh": 17.9290302375624,
      "round_modelled_carbon_g": 2.5606916988768584,
      "cum_modelled_carbon_g": 8.51628936284214,
      "training_tflops": 0.0077019345,
      "cum_training_tflops": 0.0266691915,
      "round_comm_mb": 3.33251953125,
      "cum_comm_mb": 9.99755859375,
      "fairness_variance": 0.26,
      "fairness_gini": 0.7458333333333333,
      "fairness_jain": 0.2571428571428571,
      "utilization_entropy": 0.7509591738029577,
      "participation_coverage_ratio": 0.275,
      "tier_0_selection_rate": 0.18333333333333332,
      "tier_1_selection_rate": 0.55,
      "tier_2_selection_rate": 0.26666666666666666,
      "label_coverage_ratio": 1.0,
      "mean_local_loss_reduction": 0.7240957200527192,
      "accuracy_delta": 0.0,
      "criticalfl_sparse_round": false
    },
    {
      "accuracy": 0.197,
      "f1": 0.13098215632515306,
      "precision": 0.16819100215386013,
      "recall": 0.2011295677491145,
      "loss": 2.23573288230896,
      "round": 3,
      "evaluated": false,
      "selected_clients": [
        61,
        81,
        31,
        8,
        74,
        42,
        198,
        77,
        185,
        113,
        169,
        97,
        103,
        51,
        174,
        75,
        80,
        34,
        173,
        193
      ],
      "selected_count": 20,
      "selection_seconds": 0.0003375999949639663,
      "selection_overhead_seconds": 0.0003375999949639663,
      "round_time": 399.5156330467718,
      "cum_time": 1618.5545556529753,
      "round_modelled_energy_wh": 6.348105456170517,
      "cum_modelled_energy_wh": 24.277135693732916,
      "round_modelled_carbon_g": 3.0153500916809954,
      "cum_modelled_carbon_g": 11.531639454523136,
      "training_tflops": 0.00977337,
      "cum_training_tflops": 0.0364425615,
      "round_comm_mb": 3.33251953125,
      "cum_comm_mb": 13.330078125,
      "fairness_variance": 0.3600000000000001,
      "fairness_gini": 0.696125,
      "fairness_jain": 0.3076923076923077,
      "utilization_entropy": 0.7898489782142608,
      "participation_coverage_ratio": 0.345,
      "tier_0_selection_rate": 0.1875,
      "tier_1_selection_rate": 0.5125,
      "tier_2_selection_rate": 0.3,
      "label_coverage_ratio": 1.0,
      "mean_local_loss_reduction": 0.7995532795786857,
      "accuracy_delta": 0.0,
      "criticalfl_sparse_round": false
    },
    {
      "accuracy": 0.197,
      "f1": 0.13098215632515306,
      "precision": 0.16819100215386013,
      "recall": 0.2011295677491145,
      "loss": 2.23573288230896,
      "round": 4,
      "evaluated": false,
      "selected_clients": [
        28,
        95,
        105,
        73,
        150,
        4,
        157,
        54,
        14,
        156,
        26,
        165,
        99,
        111,
        180,
        84,
        96,
        176,
        85,
        110
      ],
      "selected_count": 20,
      "selection_seconds": 0.0008129000052576885,
      "selection_overhead_seconds": 0.0008129000052576885,
      "round_time": 403.6225774463766,
      "cum_time": 2022.177133099352,
      "round_modelled_energy_wh": 6.475316484298457,
      "cum_modelled_energy_wh": 30.752452178031373,
      "round_modelled_carbon_g": 3.075775330041767,
      "cum_modelled_carbon_g": 14.607414784564902,
      "training_tflops": 0.009707061,
      "cum_training_tflops": 0.0461496225,