{
  "run_label": "cifar100_benchmarks_cifar100_main_fedcor_s42",
  "round": 199,
  "rounds": 200,
  "latest_metrics": {
    "accuracy": 0.3431,
    "f1": 0.3320249782994442,
    "precision": 0.34384262545450217,
    "recall": 0.34310000000000007,
    "loss": 3.758501589202881,
    "round": 199,
    "evaluated": true,
    "selected_clients": [
      27,
      38,
      12,
      59,
      60,
      35,
      26,
      50,
      97,
      11
    ],
    "selected_count": 10,
    "selection_seconds": 0.034745958997518755,
    "selection_overhead_seconds": 0.034745958997518755,
    "round_time": 2895.827571451786,
    "cum_time": 577682.4205467538,
    "round_modelled_energy_wh": 25.244114839027823,
    "cum_modelled_energy_wh": 4862.756450688197,
    "round_modelled_carbon_g": 11.990954548538216,
    "cum_modelled_carbon_g": 2309.8093140768938,
    "training_tflops": 43.34318855424,
    "cum_training_tflops": 8510.89829824512,
    "round_comm_mb": 856.0281372070312,
    "cum_comm_mb": 171205.62744140625,
    "fairness_variance": 3012.66,
    "fairness_gini": 0.89308,
    "fairness_jain": 0.1172106216265318,
    "utilization_entropy": 0.5479021383124627,
    "participation_coverage_ratio": 0.15,
    "tier_0_selection_rate": 0.0995,
    "tier_1_selection_rate": 0.6555,
    "tier_2_selection_rate": 0.245,
    "label_coverage_ratio": 1.0,
    "mean_local_loss_reduction": -0.9278994216118008,
    "accuracy_delta": 0.008900000000000019,
    "criticalfl_sparse_round": false
  }
}