{
  "run_label": "inner_step_ablation_cifar10_review_100_research.maml_select.inner_steps_2_s42",
  "round": 99,
  "rounds": 100,
  "latest_metrics": {
    "accuracy": 0.6101,
    "f1": 0.5994129409596709,
    "precision": 0.6285600352603489,
    "recall": 0.6101,
    "loss": 1.170431163406372,
    "round": 99,
    "evaluated": true,
    "selected_clients": [
      7,
      21,
      81,
      2,
      38,
      45,
      76,
      91,
      84,
      62
    ],
    "selected_count": 10,
    "selection_seconds": 0.01804837500094436,
    "selection_overhead_seconds": 0.01804837500094436,
    "round_time": 1761.0392378812592,
    "cum_time": 218180.57082614885,
    "round_modelled_energy_wh": 15.198230461505046,
    "cum_modelled_energy_wh": 1663.3220481525561,
    "round_modelled_carbon_g": 7.219159469214897,
    "cum_modelled_carbon_g": 790.0779728724642,
    "training_tflops": 28.90187414784,
    "cum_training_tflops": 3034.3635266688,
    "round_comm_mb": 851.7732238769531,
    "cum_comm_mb": 85177.32238769531,
    "fairness_variance": 115.22,
    "fairness_gini": 0.4683,
    "fairness_jain": 0.46464083263637207,
    "utilization_entropy": 0.9135830152372217,
    "participation_coverage_ratio": 1.0,
    "tier_0_selection_rate": 0.087,
    "tier_1_selection_rate": 0.386,
    "tier_2_selection_rate": 0.527,
    "label_coverage_ratio": 1.0,
    "mean_local_loss_reduction": 0.4828238904476166,
    "accuracy_delta": 0.023799999999999932,
    "criticalfl_sparse_round": false
  }
}