{
  "metrics": [
    {
      "accuracy": 0.1041,
      "f1": 0.025060449392979356,
      "precision": 0.03294641452782796,
      "recall": 0.10328255526460788,
      "loss": 2.310351022338867,
      "round": -1,
      "evaluated": true,
      "cum_time": 0.0,
      "cum_modelled_energy_wh": 0.0,
      "cum_modelled_carbon_g": 0.0,
      "cum_training_tflops": 0.0,
      "cum_comm_mb": 0.0
    },
    {
      "accuracy": 0.0982,
      "f1": 0.017883809870697508,
      "precision": 0.009819999999999999,
      "recall": 0.1,
      "loss": 2.3118754272460937,
      "round": 0,
      "evaluated": true,
      "selected_clients": [
        67,
        77,
        87,
        12,
        45,
        25,
        61,
        23,
        63,
        20
      ],
      "selected_count": 10,
      "selection_seconds": 0.00013654198846779764,
      "selection_overhead_seconds": 0.00013654198846779764,
      "round_time": 107.7560789255422,
      "cum_time": 107.7560789255422,
      "round_modelled_energy_wh": 2.3272932489598936,
      "cum_modelled_energy_wh": 2.3272932489598936,
      "round_modelled_carbon_g": 1.1054642932559495,
      "cum_modelled_carbon_g": 1.1054642932559495,
      "training_tflops": 0.00389205,
      "cum_training_tflops": 0.00389205,
      "round_comm_mb": 1.666259765625,
      "cum_comm_mb": 1.666259765625,
      "fairness_variance": 0.09,
      "fairness_gini": 0.9,
      "fairness_jain": 0.1,
      "utilization_entropy": 0.4999999999999999,
      "participation_coverage_ratio": 0.1,
      "tier_0_selection_rate": 0.1,
      "tier_1_selection_rate": 0.2,
      "tier_2_selection_rate": 0.7,
      "label_coverage_ratio": 1.0,
      "mean_local_loss_reduction": 0.3450458288192749,
      "accuracy_delta": -0.0059000000000000025,
      "criticalfl_sparse_round": false
    },
    {
      "accuracy": 0.0982,
      "f1": 0.017883809870697508,
      "precision": 0.009819999999999999,
      "recall": 0.1,
      "loss": 2.3118754272460937,
      "round": 1,
      "evaluated": false,
      "selected_clients": [
        67,
        77,
        12,
        87,
        45,
        25,
        23,
        61,
        63,
        20
      ],
      "selected_count": 10,
      "selection_seconds": 0.00017166600446216762,
      "selection_overhead_seconds": 0.00017166600446216762,
      "round_time": 107.72257074006187,
      "cum_time": 215.47864966560405,
      "round_modelled_energy_wh": 2.327196153175018,
      "cum_modelled_energy_wh": 4.654489402134912,
      "round_modelled_carbon_g": 1.1054181727581336,
      "cum_modelled_carbon_g": 2.210882466014083,
      "training_tflops": 0.00389205,
      "cum_training_tflops": 0.0077841,
      "round_comm_mb": 1.666259765625,
      "cum_comm_mb": 3.33251953125,
      "fairness_variance": 0.36,
      "fairness_gini": 0.9,
      "fairness_jain": 0.1,
      "utilization_entropy": 0.4999999999999999,
      "participation_coverage_ratio": 0.1,
      "tier_0_selection_rate": 0.1,
      "tier_1_selection_rate": 0.2,
      "tier_2_selection_rate": 0.7,
      "label_coverage_ratio": 1.0,
      "mean_local_loss_reduction": 0.536051768064499,
      "accuracy_delta": 0.0,
      "criticalfl_sparse_round": false
    },
    {
      "accuracy": 0.0982,
      "f1": 0.017883809870697508,
      "precision": 0.009819999999999999,
      "recall": 0.1,
      "loss": 2.3118754272460937,
      "round": 2,
      "evaluated": false,
      "selected_clients": [
        77,
        87,
        67,
        12,
        25,
        45,
        61,
        23,
        63,
        20
      ],
      "selected_count": 10,
      "selection_seconds": 0.00011595900286920369,
      "selection_overhead_seconds": 0.00011595900286920369,
      "round_time": 107.669586475996,
      "cum_time": 323.1482361416,
      "round_modelled_energy_wh": 2.3269579704874714,
      "cum_modelled_energy_wh": 6.981447372622384,
      "round_modelled_carbon_g": 1.1053050359815488,
      "cum_modelled_carbon_g": 3.316187501995632,
      "training_tflops": 0.00389205,
      "cum_training_tflops": 0.01167615,
      "round_comm_mb": 1.666259765625,
      "cum_comm_mb": 4.998779296875,
      "fairness_variance": 0.8100000000000002,
      "fairness_gini": 0.9,
      "fairness_jain": 0.1,
      "utilization_entropy": 0.4999999999999999,
      "participation_coverage_ratio": 0.1,
      "tier_0_selection_rate": 0.1,
      "tier_1_selection_rate": 0.2,
      "tier_2_selection_rate": 0.7,
      "label_coverage_ratio": 1.0,
      "mean_local_loss_reduction": 0.6349564731121063,
      "accuracy_delta": 0.0,
      "criticalfl_sparse_round": false
    },
    {
      "accuracy": 0.0982,
      "f1": 0.017883809870697508,
      "precision": 0.009819999999999999,
      "recall": 0.1,
      "loss": 2.3118754272460937,
      "round": 3,
      "evaluated": false,
      "selected_clients": [
        67,
        87,
        77,
        25,
        12,
        45,
        23,
        61,
        63,
        20
      ],
      "selected_count": 10,
      "selection_seconds": 0.00013191701145842671,
      "selection_overhead_seconds": 0.00013191701145842671,
      "round_time": 107.63345370769431,
      "cum_time": 430.78168984929437,
      "round_modelled_energy_wh": 2.3267954968213234,
      "cum_modelled_energy_wh": 9.308242869443706,
      "round_modelled_carbon_g": 1.1052278609901285,
      "cum_modelled_carbon_g": 4.42141536298576,
      "training_tflops": 0.00389205,
      "cum_training_tflops": 0.0155682,
      "round_comm_mb": 1.666259765625,
      "cum_comm_mb": 6.6650390625,
      "fairness_variance": 1.44,
      "fairness_gini": 0.9,
      "fairness_jain": 0.1,
      "utilization_entropy": 0.4999999999999999,
      "participation_coverage_ratio": 0.1,
      "tier_0_selection_rate": 0.1,
      "tier_1_selection_rate": 0.2,
      "tier_2_selection_rate": 0.7,
      "label_coverage_ratio": 1.0,
      "mean_local_loss_reduction": 0.4067537009716034,
      "accuracy_delta": 0.0,
      "criticalfl_sparse_round": false
    },
    {
      "accuracy": 0.0982,
      "f1": 0.017883809870697508,
      "precision": 0.009819999999999999,
      "recall": 0.1,
      "loss": 2.3118754272460937,
      "round": 4,
      "evaluated": false,
      "selected_clients": [
        67,
        77,
        87,
        45,
        12,
        63,
        61,
        23,
        25,
        20
      ],
      "selected_count": 10,
      "selection_seconds": 0.00015224999515339732,
      "selection_overhead_seconds": 0.00015224999515339732,
      "round_time": 107.64157801289122,
      "cum_time": 538.4232678621856,
      "round_modelled_energy_wh": 2.326782253762489,
      "cum_modelled_energy_wh": 11.635025123206194,
      "round_modelled_carbon_g": 1.1052215705371822,
      "cum_modelled_carbon_g": 5.526636933522942,
      "training_tflops": 0.00389205,
      "cum_training_tflops": 0.01946025,
      "round_comm_mb": 1.666259765625,
      "cum_comm_mb": 8.331298828125,
      "fairness_variance": 2.25,
      "fairness_gini": 0.9,
      "fairness_jain": 0.1,
      "utilization_entropy": 0.4999999999999999,
      "participation_coverage_ratio": 0.1,
      "tier_0_selection_rate": 0.1,
      "tier_1_selection_rate": 0.2,
      "tier_2_selection_rate": 0.7,
      "label_coverage_ratio": 1.0,
      "mean_local_loss_reduction": 0.35876642167568207,
      "accuracy_delta": 0.0,
      "criticalfl_sparse_round": false
    },
    {
      "accuracy": 0.0982,
      "f1": 0.017883809870697508,
      "precision": 0.009819999999999999,
      "recall": 0.1,
      "loss": 2.3118754272460937,
      "round": 5,
      "evaluated": false,