{
  "run_label": "conv_cifar100_cifar100_main_maml_select_s42",
  "round": 199,
  "rounds": 200,
  "latest_metrics": {
    "accuracy": 0.4458,
    "f1": 0.43539519459462006,
    "precision": 0.46934108809512975,
    "recall": 0.44580000000000003,
    "loss": 2.3701013664245605,
    "round": 199,
    "evaluated": true,
    "selected_clients": [
      78,
      17,
      39,
      18,
      50,
      49,
      80,
      46,
      82,
      43
    ],
    "selected_count": 10,
    "selection_seconds": 0.017587500013178214,
    "selection_overhead_seconds": 0.017587500013178214,
    "round_time": 2840.719368889777,
    "cum_time": 456734.5067560739,
    "round_modelled_energy_wh": 25.22845612039447,
    "cum_modelled_energy_wh": 4520.060464421753,
    "round_modelled_carbon_g": 11.983516657187373,
    "cum_modelled_carbon_g": 2147.0287206003327,
    "training_tflops": 44.2437831936,
    "cum_training_tflops": 8157.87871573248,
    "round_comm_mb": 855.2957153320312,
    "cum_comm_mb": 171059.14306640625,
    "fairness_variance": 118.32,
    "fairness_gini": 0.26491,
    "fairness_jain": 0.7717240314863405,
    "utilization_entropy": 0.9737152135174932,
    "participation_coverage_ratio": 1.0,
    "tier_0_selection_rate": 0.1045,
    "tier_1_selection_rate": 0.4185,
    "tier_2_selection_rate": 0.477,
    "label_coverage_ratio": 1.0,
    "mean_local_loss_reduction": 1.5847682930529117,
    "accuracy_delta": 0.0126,
    "criticalfl_sparse_round": false
  }
}