{
  "run_label": "cifar100_benchmarks_cifar100_main_fedavg_s42",
  "round": 199,
  "rounds": 200,
  "latest_metrics": {
    "accuracy": 0.6174,
    "f1": 0.6152584285387852,
    "precision": 0.6332093802806248,
    "recall": 0.6173999999999998,
    "loss": 1.562681789779663,
    "round": 199,
    "evaluated": true,
    "selected_clients": [
      50,
      83,
      3,
      65,
      92,
      35,
      82,
      53,
      56,
      58
    ],
    "selected_count": 10,
    "selection_seconds": 8.895800056052394e-05,
    "selection_overhead_seconds": 8.895800056052394e-05,
    "round_time": 2941.52673559345,
    "cum_time": 511145.7274549924,
    "round_modelled_energy_wh": 24.125627304069255,
    "cum_modelled_energy_wh": 4813.306070605447,
    "round_modelled_carbon_g": 11.459672969432896,
    "cum_modelled_carbon_g": 2286.320383537587,
    "training_tflops": 42.2217389952,
    "cum_training_tflops": 8405.92559810304,
    "round_comm_mb": 856.0281372070312,
    "cum_comm_mb": 171205.62744140625,
    "fairness_variance": 21.96,
    "fairness_gini": 0.13239,
    "fairness_jain": 0.9479571523367144,
    "utilization_entropy": 0.9939296602617692,
    "participation_coverage_ratio": 1.0,
    "tier_0_selection_rate": 0.196,
    "tier_1_selection_rate": 0.495,
    "tier_2_selection_rate": 0.309,
    "label_coverage_ratio": 1.0,
    "mean_local_loss_reduction": 0.6964059114456177,
    "accuracy_delta": 0.0020000000000000018,
    "criticalfl_sparse_round": false
  }
}