{
  "run_label": "architecture_ablation_fashion_main_research.maml_select.hidden_16_s123",
  "round": 199,
  "rounds": 200,
  "latest_metrics": {
    "accuracy": 0.8963,
    "f1": 0.8938910925062965,
    "precision": 0.8990373752967111,
    "recall": 0.8962999999999999,
    "loss": 0.38414363622665404,
    "round": 199,
    "evaluated": true,
    "selected_clients": [
      40,
      8,
      83,
      34,
      94,
      92,
      18,
      7,
      95,
      61
    ],
    "selected_count": 10,
    "selection_seconds": 0.011252299999796378,
    "selection_overhead_seconds": 0.011252299999796378,
    "round_time": 1217.0701896401545,
    "cum_time": 527326.9347346943,
    "round_modelled_energy_wh": 21.708288771639726,
    "cum_modelled_energy_wh": 4692.131875014209,
    "round_modelled_carbon_g": 10.31143716652887,
    "cum_modelled_carbon_g": 2228.7626406317495,
    "training_tflops": 0.53962610688,
    "cum_training_tflops": 119.22172736256,
    "round_comm_mb": 28.159942626953125,
    "cum_comm_mb": 5631.988525390625,
    "fairness_variance": 122.74,
    "fairness_gini": 0.30563,
    "fairness_jain": 0.7651987603780082,
    "utilization_entropy": 0.9635910170937977,
    "participation_coverage_ratio": 1.0,
    "tier_0_selection_rate": 0.1105,
    "tier_1_selection_rate": 0.42,
    "tier_2_selection_rate": 0.4695,
    "label_coverage_ratio": 1.0,
    "mean_local_loss_reduction": 0.12214586229702036,
    "accuracy_delta": -0.008199999999999985,
    "criticalfl_sparse_round": false
  }
}