{
  "run_label": "feature_ablation_fashion_main_research.maml_select.no_grad_norm_s2026",
  "round": 199,
  "rounds": 200,
  "latest_metrics": {
    "accuracy": 0.9014,
    "f1": 0.9021926732778752,
    "precision": 0.9066307487019156,
    "recall": 0.9014,
    "loss": 0.3556400894641876,
    "round": 199,
    "evaluated": true,
    "selected_clients": [
      77,
      47,
      74,
      83,
      29,
      78,
      24,
      15,
      90,
      56
    ],
    "selected_count": 10,
    "selection_seconds": 0.009821416984777898,
    "selection_overhead_seconds": 0.009821416984777898,
    "round_time": 1955.9377259837488,
    "cum_time": 478717.020613414,
    "round_modelled_energy_wh": 26.576966485115484,
    "cum_modelled_energy_wh": 4839.7071897247015,
    "round_modelled_carbon_g": 12.624059080429854,
    "cum_modelled_carbon_g": 2298.860915119233,
    "training_tflops": 0.66617353728,
    "cum_training_tflops": 123.79206327552,
    "round_comm_mb": 28.159942626953125,
    "cum_comm_mb": 5631.988525390625,
    "fairness_variance": 148.92,
    "fairness_gini": 0.3418,
    "fairness_jain": 0.7287036362311448,
    "utilization_entropy": 0.9574655242492487,
    "participation_coverage_ratio": 1.0,
    "tier_0_selection_rate": 0.069,
    "tier_1_selection_rate": 0.4475,
    "tier_2_selection_rate": 0.4835,
    "label_coverage_ratio": 1.0,
    "mean_local_loss_reduction": 0.2178882709762547,
    "accuracy_delta": 0.006800000000000028,
    "criticalfl_sparse_round": false
  }
}