{
  "run_label": "feature_ablation_fashion_main_research.maml_select.no_staleness_s42",
  "round": 199,
  "rounds": 200,
  "latest_metrics": {
    "accuracy": 0.903,
    "f1": 0.9029344628496322,
    "precision": 0.9040632215489074,
    "recall": 0.9029999999999999,
    "loss": 0.3604847522735596,
    "round": 199,
    "evaluated": true,
    "selected_clients": [
      74,
      52,
      87,
      54,
      62,
      29,
      27,
      8,
      78,
      26
    ],
    "selected_count": 10,
    "selection_seconds": 0.009253958996850997,
    "selection_overhead_seconds": 0.009253958996850997,
    "round_time": 1788.3611627378277,
    "cum_time": 569685.8323598788,
    "round_modelled_energy_wh": 23.386301482934137,
    "cum_modelled_energy_wh": 4783.092976543604,
    "round_modelled_carbon_g": 11.108493204393714,
    "cum_modelled_carbon_g": 2271.969163858212,
    "training_tflops": 0.59872027392,
    "cum_training_tflops": 121.36270090752,
    "round_comm_mb": 28.159942626953125,
    "cum_comm_mb": 5631.988525390625,
    "fairness_variance": 124.74,
    "fairness_gini": 0.30979,
    "fairness_jain": 0.7622822731257385,
    "utilization_entropy": 0.9637037606184221,
    "participation_coverage_ratio": 1.0,
    "tier_0_selection_rate": 0.0755,
    "tier_1_selection_rate": 0.4825,
    "tier_2_selection_rate": 0.442,
    "label_coverage_ratio": 1.0,
    "mean_local_loss_reduction": 0.11703228667538497,
    "accuracy_delta": 0.008400000000000074,
    "criticalfl_sparse_round": false
  }
}