{
  "run_label": "cifar100_benchmarks_cifar100_main_maml_select_s42",
  "round": 199,
  "rounds": 200,
  "latest_metrics": {
    "accuracy": 0.5902,
    "f1": 0.5851706385560431,
    "precision": 0.6104184938466453,
    "recall": 0.5902,
    "loss": 1.6795974016189574,
    "round": 199,
    "evaluated": true,
    "selected_clients": [
      66,
      72,
      32,
      85,
      8,
      64,
      51,
      98,
      76,
      16
    ],
    "selected_count": 10,
    "selection_seconds": 0.022895334288477898,
    "selection_overhead_seconds": 0.022895334288477898,
    "round_time": 2895.5848755835427,
    "cum_time": 445848.5899690338,
    "round_modelled_energy_wh": 24.21985098220482,
    "cum_modelled_energy_wh": 4603.280014391465,
    "round_modelled_carbon_g": 11.50442921654729,
    "cum_modelled_carbon_g": 2186.558006835946,
    "training_tflops": 40.82411155968,
    "cum_training_tflops": 8258.46335011584,
    "round_comm_mb": 856.0281372070312,
    "cum_comm_mb": 171205.62744140625,
    "fairness_variance": 106.72,
    "fairness_gini": 0.28526,
    "fairness_jain": 0.7893905904641617,
    "utilization_entropy": 0.9720184738730903,
    "participation_coverage_ratio": 1.0,
    "tier_0_selection_rate": 0.121,
    "tier_1_selection_rate": 0.4615,
    "tier_2_selection_rate": 0.4175,
    "label_coverage_ratio": 1.0,
    "mean_local_loss_reduction": 0.6942706496454776,
    "accuracy_delta": -0.0035000000000000586,
    "criticalfl_sparse_round": false
  }
}