{
  "metrics": [
    {
      "accuracy": 0.1041,
      "f1": 0.025060449392979356,
      "precision": 0.03294641452782796,
      "recall": 0.10328255526460788,
      "loss": 2.310351022338867,
      "round": -1,
      "evaluated": true,
      "cum_time": 0.0,
      "cum_modelled_energy_wh": 0.0,
      "cum_modelled_carbon_g": 0.0,
      "cum_training_tflops": 0.0,
      "cum_comm_mb": 0.0
    },
    {
      "accuracy": 0.2582,
      "f1": 0.17027801214491775,
      "precision": 0.20095408059471268,
      "recall": 0.2458912299512371,
      "loss": 2.1309465980529785,
      "round": 0,
      "evaluated": true,
      "selected_clients": [
        12,
        96,
        40,
        83,
        54,
        92,
        0,
        94,
        48,
        32
      ],
      "selected_count": 10,
      "selection_seconds": 0.019960250006988645,
      "selection_overhead_seconds": 0.019960250006988645,
      "round_time": 481.7906021652,
      "cum_time": 481.7906021652,
      "round_modelled_energy_wh": 5.253195251138832,
      "cum_modelled_energy_wh": 5.253195251138832,
      "round_modelled_carbon_g": 2.4952677442909454,
      "cum_modelled_carbon_g": 2.4952677442909454,
      "training_tflops": 0.007651482,
      "cum_training_tflops": 0.007651482,
      "round_comm_mb": 1.666259765625,
      "cum_comm_mb": 1.666259765625,
      "fairness_variance": 0.09,
      "fairness_gini": 0.9,
      "fairness_jain": 0.1,
      "utilization_entropy": 0.4999999999999999,
      "participation_coverage_ratio": 0.1,
      "tier_0_selection_rate": 0.2,
      "tier_1_selection_rate": 0.7,
      "tier_2_selection_rate": 0.1,
      "label_coverage_ratio": 1.0,
      "mean_local_loss_reduction": 0.6721939980983734,
      "accuracy_delta": 0.1541,
      "criticalfl_sparse_round": false
    },
    {
      "accuracy": 0.2582,
      "f1": 0.17027801214491775,
      "precision": 0.20095408059471268,
      "recall": 0.2458912299512371,
      "loss": 2.1309465980529785,
      "round": 1,
      "evaluated": false,
      "selected_clients": [
        62,
        92,
        60,
        74,
        32,
        76,
        87,
        4,
        94,
        46
      ],
      "selected_count": 10,
      "selection_seconds": 0.0833800410036929,
      "selection_overhead_seconds": 0.0833800410036929,
      "round_time": 831.3582565094871,
      "cum_time": 1313.148858674687,
      "round_modelled_energy_wh": 7.1238519406891605,
      "cum_modelled_energy_wh": 12.377047191827993,
      "round_modelled_carbon_g": 3.3838296718273515,
      "cum_modelled_carbon_g": 5.879097416118297,
      "training_tflops": 0.0106570095,
      "cum_training_tflops": 0.0183084915,
      "round_comm_mb": 1.666259765625,
      "cum_comm_mb": 3.33251953125,
      "fairness_variance": 0.22,
      "fairness_gini": 0.851,
      "fairness_jain": 0.15384615384615385,
      "utilization_entropy": 0.6053604984823934,
      "participation_coverage_ratio": 0.17,
      "tier_0_selection_rate": 0.2,
      "tier_1_selection_rate": 0.6,
      "tier_2_selection_rate": 0.2,
      "label_coverage_ratio": 1.0,
      "mean_local_loss_reduction": 1.1487440660595893,
      "accuracy_delta": 0.0,
      "criticalfl_sparse_round": false
    },
    {
      "accuracy": 0.2582,
      "f1": 0.17027801214491775,
      "precision": 0.20095408059471268,
      "recall": 0.2458912299512371,
      "loss": 2.1309465980529785,
      "round": 2,
      "evaluated": false,
      "selected_clients": [
        85,
        93,
        66,
        1,
        49,
        87,
        37,
        48,
        81,
        7
      ],
      "selected_count": 10,
      "selection_seconds": 0.024533084011636674,
      "selection_overhead_seconds": 0.024533084011636674,
      "round_time": 1001.7560151853397,
      "cum_time": 2314.904873860027,
      "round_modelled_energy_wh": 6.130107751334885,
      "cum_modelled_energy_wh": 18.507154943162877,
      "round_modelled_carbon_g": 2.9118011818840706,
      "cum_modelled_carbon_g": 8.790898598002368,
      "training_tflops": 0.0089877525,
      "cum_training_tflops": 0.027296244,
      "round_comm_mb": 1.666259765625,
      "cum_comm_mb": 4.998779296875,
      "fairness_variance": 0.30999999999999994,
      "fairness_gini": 0.7833333333333333,
      "fairness_jain": 0.225,
      "utilization_entropy": 0.6883889614158343,
      "participation_coverage_ratio": 0.25,
      "tier_0_selection_rate": 0.23333333333333334,
      "tier_1_selection_rate": 0.5333333333333333,
      "tier_2_selection_rate": 0.23333333333333334,
      "label_coverage_ratio": 1.0,
      "mean_local_loss_reduction": 0.602778536081314,
      "accuracy_delta": 0.0,
      "criticalfl_sparse_round": false
    },
    {
      "accuracy": 0.2582,
      "f1": 0.17027801214491775,
      "precision": 0.20095408059471268,
      "recall": 0.2458912299512371,
      "loss": 2.1309465980529785,
      "round": 3,
      "evaluated": false,
      "selected_clients": [
        29,
        7,
        74,
        60,
        50,
        94,
        11,
        66,
        87,
        45
      ],
      "selected_count": 10,
      "selection_seconds": 0.021379792015068233,
      "selection_overhead_seconds": 0.021379792015068233,
      "round_time": 831.170149412127,
      "cum_time": 3146.075023272154,
      "round_modelled_energy_wh": 6.627906932487691,
      "cum_modelled_energy_wh": 25.135061875650567,
      "round_modelled_carbon_g": 3.148255792931653,
      "cum_modelled_carbon_g": 11.93915439093402,
      "training_tflops": 0.0101553675,
      "cum_training_tflops": 0.0374516115,
      "round_comm_mb": 1.666259765625,
      "cum_comm_mb": 6.6650390625,
      "fairness_variance": 0.5,
      "fairness_gini": 0.7685,
      "fairness_jain": 0.24242424242424243,
      "utilization_entropy": 0.7125656523188099,
      "participation_coverage_ratio": 0.29,
      "tier_0_selection_rate": 0.2,
      "tier_1_selection_rate": 0.525,
      "tier_2_selection_rate": 0.275,
      "label_coverage_ratio": 1.0,
      "mean_local_loss_reduction": 0.5402255305354629,
      "accuracy_delta": 0.0,
      "criticalfl_sparse_round": false
    },
    {
      "accuracy": 0.2582,
      "f1": 0.17027801214491775,
      "precision": 0.20095408059471268,
      "recall": 0.2458912299512371,
      "loss": 2.1309465980529785,
      "round": 4,
      "evaluated": false,
      "selected_clients": [
        62,
        57,
        41,
        22,
        88,
        70,
        45,
        31,
        72,
        37
      ],
      "selected_count": 10,
      "selection_seconds": 0.020468542003072798,
      "selection_overhead_seconds": 0.020468542003072798,
      "round_time": 315.6125325524087,
      "cum_time": 3461.6875558245624,
      "round_modelled_energy_wh": 3.9516922561764227,
      "cum_modelled_energy_wh": 29.08675413182699,
      "round_modelled_carbon_g": 1.8770538216838009,
      "cum_modelled_carbon_g": 13.81620821261782,
      "training_tflops": 0.006103311,
      "cum_training_tflops": 0.0435549225,
      "round_comm_mb": 1.666259765625,
      "cum_comm_mb": 8.331298828125,
      "fairness_variance": 0.57,
      "fairness_gini": 0.7112,
      "fairness_jain": 0.3048780487804878,
      "utilization_entropy": 0.7606517277520333,
      "participation_coverage_ratio": 0.36,
      "tier_0_selection_rate": 0.18,
      "tier_1_selection_rate": 0.54,
      "tier_2_selection_rate": 0.28,
      "label_coverage_ratio": 1.0,
      "mean_local_loss_reduction": 0.25416006334125996,
      "accuracy_delta": 0.0,
      "criticalfl_sparse_round": false
    },
    {
      "accuracy": 0.2582,
      "f1": 0.17027801214491775,
      "precision": 0.20095408059471268,
      "recall": 0.2458912299512371,
      "loss": 2.1309465980529785,
      "round": 5,