{
  "run_label": "fashion_lambda_anchor_fashion_main_research.maml_select.lambda_0p0_s42",
  "round": 199,
  "rounds": 200,
  "latest_metrics": {
    "accuracy": 0.9037,
    "f1": 0.9039951310525763,
    "precision": 0.9057917600193793,
    "recall": 0.9037000000000001,
    "loss": 0.35804423530101775,
    "round": 199,
    "evaluated": true,
    "selected_clients": [
      38,
      47,
      85,
      71,
      82,
      55,
      65,
      24,
      94,
      3
    ],
    "selected_count": 10,
    "selection_seconds": 0.009895500000311586,
    "selection_overhead_seconds": 0.009895500000311586,
    "round_time": 5192.694169011488,
    "cum_time": 742412.1487839767,
    "round_modelled_energy_wh": 27.188336641188336,
    "cum_modelled_energy_wh": 5474.407240805035,
    "round_modelled_carbon_g": 12.91445990456446,
    "cum_modelled_carbon_g": 2600.3434393823914,
    "training_tflops": 0.66083300352,
    "cum_training_tflops": 133.50417221376,
    "round_comm_mb": 28.159942626953125,
    "cum_comm_mb": 5631.988525390625,
    "fairness_variance": 14.66,
    "fairness_gini": 0.08048,
    "fairness_jain": 0.964645733854242,
    "utilization_entropy": 0.996609710699764,
    "participation_coverage_ratio": 1.0,
    "tier_0_selection_rate": 0.1765,
    "tier_1_selection_rate": 0.4875,
    "tier_2_selection_rate": 0.336,
    "label_coverage_ratio": 1.0,
    "mean_local_loss_reduction": 0.2543372715212172,
    "accuracy_delta": 0.0007999999999999119,
    "criticalfl_sparse_round": false
  }
}