{
  "run_label": "feature_ablation_fashion_main_research.maml_select.no_loss_s42",
  "round": 199,
  "rounds": 200,
  "latest_metrics": {
    "accuracy": 0.9062,
    "f1": 0.9057726984534538,
    "precision": 0.9062247349070827,
    "recall": 0.9061999999999999,
    "loss": 0.3514609709620476,
    "round": 199,
    "evaluated": true,
    "selected_clients": [
      11,
      40,
      70,
      12,
      98,
      53,
      84,
      65,
      54,
      60
    ],
    "selected_count": 10,
    "selection_seconds": 0.009078790986677632,
    "selection_overhead_seconds": 0.009078790986677632,
    "round_time": 2371.6877737422296,
    "cum_time": 565744.0015216833,
    "round_modelled_energy_wh": 24.1554163036735,
    "cum_modelled_energy_wh": 4760.715163111116,
    "round_modelled_carbon_g": 11.473822744244913,
    "cum_modelled_carbon_g": 2261.3397024777805,
    "training_tflops": 0.606614976,
    "cum_training_tflops": 120.77477779968,
    "round_comm_mb": 28.159942626953125,
    "cum_comm_mb": 5631.988525390625,
    "fairness_variance": 127.8,
    "fairness_gini": 0.31148,
    "fairness_jain": 0.757862826828344,
    "utilization_entropy": 0.9633622813056855,
    "participation_coverage_ratio": 1.0,
    "tier_0_selection_rate": 0.072,
    "tier_1_selection_rate": 0.485,
    "tier_2_selection_rate": 0.443,
    "label_coverage_ratio": 1.0,
    "mean_local_loss_reduction": 0.1691575934761204,
    "accuracy_delta": 0.007199999999999984,
    "criticalfl_sparse_round": false
  }
}