{
  "metrics": [
    {
      "accuracy": 0.1041,
      "f1": 0.025060449392979356,
      "precision": 0.03294641452782796,
      "recall": 0.10328255526460788,
      "loss": 2.310351022338867,
      "round": -1,
      "evaluated": true,
      "cum_time": 0.0,
      "cum_modelled_energy_wh": 0.0,
      "cum_modelled_carbon_g": 0.0,
      "cum_training_tflops": 0.0,
      "cum_comm_mb": 0.0
    },
    {
      "accuracy": 0.5118,
      "f1": 0.4000217043065355,
      "precision": 0.47074644935526466,
      "recall": 0.4999039847794914,
      "loss": 1.6932467777252198,
      "round": 0,
      "evaluated": true,
      "selected_clients": [
        18,
        2
      ],
      "selected_count": 2,
      "selection_seconds": 0.00043425001786090434,
      "selection_overhead_seconds": 0.00043425001786090434,
      "round_time": 414.55233940041745,
      "cum_time": 414.55233940041745,
      "round_modelled_energy_wh": 2.690848823044891,
      "cum_modelled_energy_wh": 2.690848823044891,
      "round_modelled_carbon_g": 1.2781531909463233,
      "cum_modelled_carbon_g": 1.2781531909463233,
      "training_tflops": 0.004627215,
      "cum_training_tflops": 0.004627215,
      "round_comm_mb": 0.333251953125,
      "cum_comm_mb": 0.333251953125,
      "fairness_variance": 0.09000000000000001,
      "fairness_gini": 0.9,
      "fairness_jain": 0.1,
      "utilization_entropy": 0.23137821315975918,
      "participation_coverage_ratio": 0.1,
      "tier_0_selection_rate": 0.0,
      "tier_1_selection_rate": 0.0,
      "tier_2_selection_rate": 1.0,
      "label_coverage_ratio": 1.0,
      "mean_local_loss_reduction": 1.5940028429031372,
      "accuracy_delta": 0.40770000000000006,
      "criticalfl_sparse_round": false
    },
    {
      "accuracy": 0.5118,
      "f1": 0.4000217043065355,
      "precision": 0.47074644935526466,
      "recall": 0.4999039847794914,
      "loss": 1.6932467777252198,
      "round": 1,
      "evaluated": false,
      "selected_clients": [
        2,
        18
      ],
      "selected_count": 2,
      "selection_seconds": 0.0001188750029541552,
      "selection_overhead_seconds": 0.0001188750029541552,
      "round_time": 414.63063823857004,
      "cum_time": 829.1829776389875,
      "round_modelled_energy_wh": 2.690828511271458,
      "cum_modelled_energy_wh": 5.381677334316349,
      "round_modelled_carbon_g": 1.2781435428539425,
      "cum_modelled_carbon_g": 2.5562967338002656,
      "training_tflops": 0.004627215,
      "cum_training_tflops": 0.00925443,
      "round_comm_mb": 0.333251953125,
      "cum_comm_mb": 0.66650390625,
      "fairness_variance": 0.36000000000000004,
      "fairness_gini": 0.9,
      "fairness_jain": 0.1,
      "utilization_entropy": 0.23137821315975918,
      "participation_coverage_ratio": 0.1,
      "tier_0_selection_rate": 0.0,
      "tier_1_selection_rate": 0.0,
      "tier_2_selection_rate": 1.0,
      "label_coverage_ratio": 1.0,
      "mean_local_loss_reduction": 0.33729538321495056,
      "accuracy_delta": 0.0,
      "criticalfl_sparse_round": false
    },
    {
      "accuracy": 0.5118,
      "f1": 0.4000217043065355,
      "precision": 0.47074644935526466,
      "recall": 0.4999039847794914,
      "loss": 1.6932467777252198,
      "round": 2,
      "evaluated": false,
      "selected_clients": [
        2,
        18
      ],
      "selected_count": 2,
      "selection_seconds": 9.441698784939945e-05,
      "selection_overhead_seconds": 9.441698784939945e-05,
      "round_time": 414.77458162842,
      "cum_time": 1243.9575592674075,
      "round_modelled_energy_wh": 2.691569283841915,
      "cum_modelled_energy_wh": 8.073246618158263,
      "round_modelled_carbon_g": 1.2784954098249097,
      "cum_modelled_carbon_g": 3.834792143625175,
      "training_tflops": 0.004627215,
      "cum_training_tflops": 0.013881645,
      "round_comm_mb": 0.333251953125,
      "cum_comm_mb": 0.999755859375,
      "fairness_variance": 0.8099999999999999,
      "fairness_gini": 0.9,
      "fairness_jain": 0.1,
      "utilization_entropy": 0.23137821315975918,
      "participation_coverage_ratio": 0.1,
      "tier_0_selection_rate": 0.0,
      "tier_1_selection_rate": 0.0,
      "tier_2_selection_rate": 1.0,
      "label_coverage_ratio": 1.0,
      "mean_local_loss_reduction": 0.1523309350013733,
      "accuracy_delta": 0.0,
      "criticalfl_sparse_round": false
    },
    {
      "accuracy": 0.5118,
      "f1": 0.4000217043065355,
      "precision": 0.47074644935526466,
      "recall": 0.4999039847794914,
      "loss": 1.6932467777252198,
      "round": 3,
      "evaluated": false,
      "selected_clients": [
        2,
        18
      ],
      "selected_count": 2,
      "selection_seconds": 0.00011037499643862247,
      "selection_overhead_seconds": 0.00011037499643862247,
      "round_time": 414.7432768686964,
      "cum_time": 1658.700836136104,
      "round_modelled_energy_wh": 2.691660589205488,
      "cum_modelled_energy_wh": 10.764907207363752,
      "round_modelled_carbon_g": 1.278538779872607,
      "cum_modelled_carbon_g": 5.113330923497782,
      "training_tflops": 0.004627215,
      "cum_training_tflops": 0.01850886,
      "round_comm_mb": 0.333251953125,
      "cum_comm_mb": 1.3330078125,
      "fairness_variance": 1.4400000000000002,
      "fairness_gini": 0.9,
      "fairness_jain": 0.1,
      "utilization_entropy": 0.23137821315975918,
      "participation_coverage_ratio": 0.1,
      "tier_0_selection_rate": 0.0,
      "tier_1_selection_rate": 0.0,
      "tier_2_selection_rate": 1.0,
      "label_coverage_ratio": 1.0,
      "mean_local_loss_reduction": 0.1382087655365467,
      "accuracy_delta": 0.0,
      "criticalfl_sparse_round": false
    },
    {
      "accuracy": 0.5118,
      "f1": 0.4000217043065355,
      "precision": 0.47074644935526466,
      "recall": 0.4999039847794914,
      "loss": 1.6932467777252198,
      "round": 4,
      "evaluated": false,
      "selected_clients": [
        18,
        2
      ],
      "selected_count": 2,
      "selection_seconds": 0.0001015419838950038,
      "selection_overhead_seconds": 0.0001015419838950038,
      "round_time": 414.69795862072476,
      "cum_time": 2073.398794756829,
      "round_modelled_energy_wh": 2.691128710102869,
      "cum_modelled_energy_wh": 13.456035917466622,
      "round_modelled_carbon_g": 1.2782861372988628,
      "cum_modelled_carbon_g": 6.391617060796645,
      "training_tflops": 0.004627215,
      "cum_training_tflops": 0.023136075,
      "round_comm_mb": 0.333251953125,
      "cum_comm_mb": 1.666259765625,
      "fairness_variance": 2.25,
      "fairness_gini": 0.9,
      "fairness_jain": 0.1,
      "utilization_entropy": 0.23137821315975918,
      "participation_coverage_ratio": 0.1,
      "tier_0_selection_rate": 0.0,
      "tier_1_selection_rate": 0.0,
      "tier_2_selection_rate": 1.0,
      "label_coverage_ratio": 1.0,
      "mean_local_loss_reduction": 0.14959992095828056,
      "accuracy_delta": 0.0,
      "criticalfl_sparse_round": false
    },
    {
      "accuracy": 0.5118,
      "f1": 0.4000217043065355,
      "precision": 0.47074644935526466,
      "recall": 0.4999039847794914,
      "loss": 1.6932467777252198,
      "round": 5,
      "evaluated": false,
      "selected_clients": [
        18,
        2
      ],
      "selected_count": 2,
      "selection_seconds": 9.400001727044582e-05,
      "selection_overhead_seconds": 9.400001727044582e-05,
      "round_time": 414.6050986353622,
      "cum_time": 2488.003893392191,
      "round_modelled_energy_wh": 2.6907371861051574,
      "cum_modelled_energy_wh": 16.14677310357178,
      "round_modelled_carbon_g": 1.2781001633999496,
      "cum_modelled_carbon_g": 7.669717224196595,
      "training_tflops": 0.004627215,