{
  "metrics": [
    {
      "accuracy": 0.1041,
      "f1": 0.025060449392979356,
      "precision": 0.03294641452782796,
      "recall": 0.10328255526460788,
      "loss": 2.3103507289886474,
      "round": -1,
      "evaluated": true,
      "cum_time": 0.0,
      "cum_modelled_energy_wh": 0.0,
      "cum_modelled_carbon_g": 0.0,
      "cum_training_tflops": 0.0,
      "cum_comm_mb": 0.0
    },
    {
      "accuracy": 0.3788,
      "f1": 0.3052198958989033,
      "precision": 0.41174231463776517,
      "recall": 0.36883781115115716,
      "loss": 2.124239457702637,
      "round": 0,
      "evaluated": true,
      "selected_clients": [
        43,
        49,
        90,
        71,
        30,
        35,
        83,
        72,
        47,
        76
      ],
      "selected_count": 10,
      "selection_seconds": 0.008839100002660416,
      "selection_overhead_seconds": 0.008839100002660416,
      "round_time": 490.58426969790924,
      "cum_time": 490.58426969790924,
      "round_modelled_energy_wh": 4.781432119468132,
      "cum_modelled_energy_wh": 4.781432119468132,
      "round_modelled_carbon_g": 2.2711802567473627,
      "cum_modelled_carbon_g": 2.2711802567473627,
      "training_tflops": 0.0072435375,
      "cum_training_tflops": 0.0072435375,
      "round_comm_mb": 1.666259765625,
      "cum_comm_mb": 1.666259765625,
      "fairness_variance": 0.09,
      "fairness_gini": 0.9,
      "fairness_jain": 0.1,
      "utilization_entropy": 0.4999999999999999,
      "participation_coverage_ratio": 0.1,
      "tier_0_selection_rate": 0.2,
      "tier_1_selection_rate": 0.5,
      "tier_2_selection_rate": 0.3,
      "label_coverage_ratio": 1.0,
      "mean_local_loss_reduction": 0.7498441338539124,
      "accuracy_delta": 0.27470000000000006,
      "criticalfl_sparse_round": false
    },
    {
      "accuracy": 0.3788,
      "f1": 0.3052198958989033,
      "precision": 0.41174231463776517,
      "recall": 0.36883781115115716,
      "loss": 2.124239457702637,
      "round": 1,
      "evaluated": false,
      "selected_clients": [
        49,
        92,
        56,
        17,
        81,
        64,
        88,
        12,
        82,
        3
      ],
      "selected_count": 10,
      "selection_seconds": 0.04595549999794457,
      "selection_overhead_seconds": 0.04595549999794457,
      "round_time": 895.6144240466908,
      "cum_time": 1386.1986937446,
      "round_modelled_energy_wh": 4.875184310492924,
      "cum_modelled_energy_wh": 9.656616429961055,
      "round_modelled_carbon_g": 2.315712547484139,
      "cum_modelled_carbon_g": 4.586892804231501,
      "training_tflops": 0.0073530915,
      "cum_training_tflops": 0.014596629,
      "round_comm_mb": 1.666259765625,
      "cum_comm_mb": 3.33251953125,
      "fairness_variance": 0.18,
      "fairness_gini": 0.819,
      "fairness_jain": 0.18181818181818182,
      "utilization_entropy": 0.6354634980487915,
      "participation_coverage_ratio": 0.19,
      "tier_0_selection_rate": 0.25,
      "tier_1_selection_rate": 0.4,
      "tier_2_selection_rate": 0.35,
      "label_coverage_ratio": 1.0,
      "mean_local_loss_reduction": 0.951932716369629,
      "accuracy_delta": 0.0,
      "criticalfl_sparse_round": false
    },
    {
      "accuracy": 0.3788,
      "f1": 0.3052198958989033,
      "precision": 0.41174231463776517,
      "recall": 0.36883781115115716,
      "loss": 2.124239457702637,
      "round": 2,
      "evaluated": false,
      "selected_clients": [
        30,
        76,
        60,
        25,
        17,
        19,
        42,
        85,
        52,
        10
      ],
      "selected_count": 10,
      "selection_seconds": 0.0311309000098845,
      "selection_overhead_seconds": 0.0311309000098845,
      "round_time": 831.2370694877941,
      "cum_time": 2217.435763232394,
      "round_modelled_energy_wh": 5.350394867046847,
      "cum_modelled_energy_wh": 15.007011297007903,
      "round_modelled_carbon_g": 2.5414375618472524,
      "cum_modelled_carbon_g": 7.128330366078754,
      "training_tflops": 0.007988793,
      "cum_training_tflops": 0.022585422,
      "round_comm_mb": 1.666259765625,
      "cum_comm_mb": 4.998779296875,
      "fairness_variance": 0.2899999999999999,
      "fairness_gini": 0.7693333333333333,
      "fairness_jain": 0.23684210526315788,
      "utilization_entropy": 0.6984232946046337,
      "participation_coverage_ratio": 0.26,
      "tier_0_selection_rate": 0.26666666666666666,
      "tier_1_selection_rate": 0.43333333333333335,
      "tier_2_selection_rate": 0.3,
      "label_coverage_ratio": 1.0,
      "mean_local_loss_reduction": 0.7315450608730316,
      "accuracy_delta": 0.0,
      "criticalfl_sparse_round": false
    },
    {
      "accuracy": 0.3788,
      "f1": 0.3052198958989033,
      "precision": 0.41174231463776517,
      "recall": 0.36883781115115716,
      "loss": 2.124239457702637,
      "round": 3,
      "evaluated": false,
      "selected_clients": [
        42,
        70,
        49,
        50,
        85,
        45,
        76,
        55,
        56,
        17
      ],
      "selected_count": 10,
      "selection_seconds": 0.03644630000053439,
      "selection_overhead_seconds": 0.03644630000053439,
      "round_time": 378.13642642636495,
      "cum_time": 2595.572189658759,
      "round_modelled_energy_wh": 4.624591891008882,
      "cum_modelled_energy_wh": 19.631603188016786,
      "round_modelled_carbon_g": 2.196681148229219,
      "cum_modelled_carbon_g": 9.325011514307974,
      "training_tflops": 0.007146957,
      "cum_training_tflops": 0.029732379,
      "round_comm_mb": 1.666259765625,
      "cum_comm_mb": 6.6650390625,
      "fairness_variance": 0.49999999999999994,
      "fairness_gini": 0.7605,
      "fairness_jain": 0.24242424242424243,
      "utilization_entropy": 0.7172508549416212,
      "participation_coverage_ratio": 0.3,
      "tier_0_selection_rate": 0.2,
      "tier_1_selection_rate": 0.5,
      "tier_2_selection_rate": 0.3,
      "label_coverage_ratio": 1.0,
      "mean_local_loss_reduction": 0.00914270281791687,
      "accuracy_delta": 0.0,
      "criticalfl_sparse_round": false
    },
    {
      "accuracy": 0.3788,
      "f1": 0.3052198958989033,
      "precision": 0.41174231463776517,
      "recall": 0.36883781115115716,
      "loss": 2.124239457702637,
      "round": 4,
      "evaluated": false,
      "selected_clients": [
        79,
        88,
        75,
        45,
        55,
        25,
        56,
        98,
        17,
        16
      ],
      "selected_count": 10,
      "selection_seconds": 0.03534489999583457,
      "selection_overhead_seconds": 0.03534489999583457,
      "round_time": 717.6931784871678,
      "cum_time": 3313.2653681459265,
      "round_modelled_energy_wh": 3.98245830358809,
      "cum_modelled_energy_wh": 23.614061491604875,
      "round_modelled_carbon_g": 1.8916676942043427,
      "cum_modelled_carbon_g": 11.216679208512316,
      "training_tflops": 0.00599664,
      "cum_training_tflops": 0.035729019,
      "round_comm_mb": 1.666259765625,
      "cum_comm_mb": 8.331298828125,
      "fairness_variance": 0.69,
      "fairness_gini": 0.7412,
      "fairness_jain": 0.26595744680851063,
      "utilization_entropy": 0.7403174901971638,
      "participation_coverage_ratio": 0.34,
      "tier_0_selection_rate": 0.22,
      "tier_1_selection_rate": 0.48,
      "tier_2_selection_rate": 0.3,
      "label_coverage_ratio": 1.0,
      "mean_local_loss_reduction": 0.10962423048913479,
      "accuracy_delta": 0.0,
      "criticalfl_sparse_round": false
    },
    {
      "accuracy": 0.3788,
      "f1": 0.3052198958989033,
      "precision": 0.41174231463776517,
      "recall": 0.36883781115115716,
      "loss": 2.124239457702637,