{
  "run_label": "feature_ablation_fashion_main_research.maml_select.no_grad_norm_s42",
  "round": 199,
  "rounds": 200,
  "latest_metrics": {
    "accuracy": 0.9018,
    "f1": 0.9023461981651193,
    "precision": 0.9060614253772442,
    "recall": 0.9018,
    "loss": 0.3610430025577545,
    "round": 199,
    "evaluated": true,
    "selected_clients": [
      48,
      53,
      82,
      5,
      89,
      81,
      23,
      54,
      98,
      99
    ],
    "selected_count": 10,
    "selection_seconds": 0.009574166004313156,
    "selection_overhead_seconds": 0.009574166004313156,
    "round_time": 1856.3791094831897,
    "cum_time": 568206.5819208366,
    "round_modelled_energy_wh": 21.070806014701382,
    "cum_modelled_energy_wh": 4822.660666117979,
    "round_modelled_carbon_g": 10.008632856983157,
    "cum_modelled_carbon_g": 2290.7638164060404,
    "training_tflops": 0.52929333504,
    "cum_training_tflops": 122.11409078784,
    "round_comm_mb": 28.159942626953125,
    "cum_comm_mb": 5631.988525390625,
    "fairness_variance": 110.92,
    "fairness_gini": 0.28777,
    "fairness_jain": 0.7829014327096219,
    "utilization_entropy": 0.9673415249384775,
    "participation_coverage_ratio": 1.0,
    "tier_0_selection_rate": 0.0745,
    "tier_1_selection_rate": 0.496,
    "tier_2_selection_rate": 0.4295,
    "label_coverage_ratio": 1.0,
    "mean_local_loss_reduction": 0.21974373173343337,
    "accuracy_delta": 0.0034000000000000696,
    "criticalfl_sparse_round": false
  }
}