{
  "run_label": "architecture_ablation_fashion_main_research.maml_select.hidden_64_s2026",
  "round": 199,
  "rounds": 200,
  "latest_metrics": {
    "accuracy": 0.8959,
    "f1": 0.8976450281069674,
    "precision": 0.9040801237548639,
    "recall": 0.8958999999999999,
    "loss": 0.3498470065116882,
    "round": 199,
    "evaluated": true,
    "selected_clients": [
      95,
      16,
      51,
      7,
      36,
      57,
      58,
      84,
      78,
      12
    ],
    "selected_count": 10,
    "selection_seconds": 0.00947719999930996,
    "selection_overhead_seconds": 0.00947719999930996,
    "round_time": 2111.290885491733,
    "cum_time": 492138.12069673976,
    "round_modelled_energy_wh": 23.70264233817532,
    "cum_modelled_energy_wh": 4859.577862345346,
    "round_modelled_carbon_g": 11.258755110633277,
    "cum_modelled_carbon_g": 2308.2994846140396,
    "training_tflops": 0.58850360064,
    "cum_training_tflops": 123.65529917184,
    "round_comm_mb": 28.159942626953125,
    "cum_comm_mb": 5631.988525390625,
    "fairness_variance": 141.96,
    "fairness_gini": 0.31846,
    "fairness_jain": 0.738061849582995,
    "utilization_entropy": 0.9626079124531373,
    "participation_coverage_ratio": 1.0,
    "tier_0_selection_rate": 0.0785,
    "tier_1_selection_rate": 0.4485,
    "tier_2_selection_rate": 0.473,
    "label_coverage_ratio": 1.0,
    "mean_local_loss_reduction": 0.4271516203548117,
    "accuracy_delta": -0.0026999999999999247,
    "criticalfl_sparse_round": false
  }
}