{
  "run_label": "architecture_ablation_fashion_main_research.maml_select.hidden_32_s123",
  "round": 199,
  "rounds": 200,
  "latest_metrics": {
    "accuracy": 0.9025,
    "f1": 0.9035099144243972,
    "precision": 0.9069159424126993,
    "recall": 0.9025000000000001,
    "loss": 0.3499589273840189,
    "round": 199,
    "evaluated": true,
    "selected_clients": [
      59,
      80,
      41,
      26,
      12,
      50,
      98,
      89,
      51,
      58
    ],
    "selected_count": 10,
    "selection_seconds": 0.00793110000086017,
    "selection_overhead_seconds": 0.00793110000086017,
    "round_time": 1916.009313013977,
    "cum_time": 599115.5133040015,
    "round_modelled_energy_wh": 26.297186715897332,
    "cum_modelled_energy_wh": 4926.555662837047,
    "round_modelled_carbon_g": 12.491163690051232,
    "cum_modelled_carbon_g": 2340.1139398475975,
    "training_tflops": 0.67000478976,
    "cum_training_tflops": 122.91400986624,
    "round_comm_mb": 28.159942626953125,
    "cum_comm_mb": 5631.988525390625,
    "fairness_variance": 68.36,
    "fairness_gini": 0.22489,
    "fairness_jain": 0.8540438978563498,
    "utilization_entropy": 0.9805601193429785,
    "participation_coverage_ratio": 1.0,
    "tier_0_selection_rate": 0.13,
    "tier_1_selection_rate": 0.462,
    "tier_2_selection_rate": 0.408,
    "label_coverage_ratio": 1.0,
    "mean_local_loss_reduction": 0.1419131086600828,
    "accuracy_delta": 0.0043999999999999595,
    "criticalfl_sparse_round": false
  }
}