{
  "metrics": [
    {
      "accuracy": 0.1041,
      "f1": 0.025060449392979356,
      "precision": 0.03294641452782796,
      "recall": 0.10328255526460788,
      "loss": 2.310351022338867,
      "round": -1,
      "evaluated": true,
      "cum_time": 0.0,
      "cum_modelled_energy_wh": 0.0,
      "cum_modelled_carbon_g": 0.0,
      "cum_training_tflops": 0.0,
      "cum_comm_mb": 0.0
    },
    {
      "accuracy": 0.6329,
      "f1": 0.5584609143545246,
      "precision": 0.5734303632113515,
      "recall": 0.6469570016800833,
      "loss": 1.5670814088821412,
      "round": 0,
      "evaluated": true,
      "selected_clients": [
        14,
        16
      ],
      "selected_count": 2,
      "selection_seconds": 0.00031895801657810807,
      "selection_overhead_seconds": 0.00031895801657810807,
      "round_time": 2655.697679344996,
      "cum_time": 2655.697679344996,
      "round_modelled_energy_wh": 7.186579520060139,
      "cum_modelled_energy_wh": 7.186579520060139,
      "round_modelled_carbon_g": 3.413625272028566,
      "cum_modelled_carbon_g": 3.413625272028566,
      "training_tflops": 0.0102447405,
      "cum_training_tflops": 0.0102447405,
      "round_comm_mb": 0.333251953125,
      "cum_comm_mb": 0.333251953125,
      "fairness_variance": 0.09000000000000001,
      "fairness_gini": 0.9,
      "fairness_jain": 0.1,
      "utilization_entropy": 0.23137821315975918,
      "participation_coverage_ratio": 0.1,
      "tier_0_selection_rate": 0.5,
      "tier_1_selection_rate": 0.5,
      "tier_2_selection_rate": 0.0,
      "label_coverage_ratio": 1.0,
      "mean_local_loss_reduction": 1.7818379700183868,
      "accuracy_delta": 0.5288,
      "criticalfl_sparse_round": false
    },
    {
      "accuracy": 0.6329,
      "f1": 0.5584609143545246,
      "precision": 0.5734303632113515,
      "recall": 0.6469570016800833,
      "loss": 1.5670814088821412,
      "round": 1,
      "evaluated": false,
      "selected_clients": [
        12
      ],
      "selected_count": 1,
      "selection_seconds": 0.00011766600073315203,
      "selection_overhead_seconds": 0.00011766600073315203,
      "round_time": 727.3388171260443,
      "cum_time": 3383.03649647104,
      "round_modelled_energy_wh": 2.4244627237534813,
      "cum_modelled_energy_wh": 9.611042243813621,
      "round_modelled_carbon_g": 1.1516197937829036,
      "cum_modelled_carbon_g": 4.56524506581147,
      "training_tflops": 0.0041731425,
      "cum_training_tflops": 0.014417883,
      "round_comm_mb": 0.1666259765625,
      "cum_comm_mb": 0.4998779296875,
      "fairness_variance": 0.1275,
      "fairness_gini": 0.85,
      "fairness_jain": 0.15,
      "utilization_entropy": 0.3667257913420846,
      "participation_coverage_ratio": 0.15,
      "tier_0_selection_rate": 0.3333333333333333,
      "tier_1_selection_rate": 0.3333333333333333,
      "tier_2_selection_rate": 0.3333333333333333,
      "label_coverage_ratio": 1.0,
      "mean_local_loss_reduction": 2.565028043463826,
      "accuracy_delta": 0.0,
      "criticalfl_sparse_round": false
    },
    {
      "accuracy": 0.6329,
      "f1": 0.5584609143545246,
      "precision": 0.5734303632113515,
      "recall": 0.6469570016800833,
      "loss": 1.5670814088821412,
      "round": 2,
      "evaluated": false,
      "selected_clients": [
        12
      ],
      "selected_count": 1,
      "selection_seconds": 0.00012245800462551415,
      "selection_overhead_seconds": 0.00012245800462551415,
      "round_time": 727.3015760418401,
      "cum_time": 4110.33807251288,
      "round_modelled_energy_wh": 2.424338586806134,
      "cum_modelled_energy_wh": 12.035380830619754,
      "round_modelled_carbon_g": 1.1515608287329135,
      "cum_modelled_carbon_g": 5.716805894544383,
      "training_tflops": 0.0041731425,
      "cum_training_tflops": 0.0185910255,
      "round_comm_mb": 0.1666259765625,
      "cum_comm_mb": 0.66650390625,
      "fairness_variance": 0.2600000000000001,
      "fairness_gini": 0.875,
      "fairness_jain": 0.13333333333333333,
      "utilization_entropy": 0.3470673197396387,
      "participation_coverage_ratio": 0.15,
      "tier_0_selection_rate": 0.25,
      "tier_1_selection_rate": 0.25,
      "tier_2_selection_rate": 0.5,
      "label_coverage_ratio": 1.0,
      "mean_local_loss_reduction": 0.024523590691387653,
      "accuracy_delta": 0.0,
      "criticalfl_sparse_round": false
    },
    {
      "accuracy": 0.6329,
      "f1": 0.5584609143545246,
      "precision": 0.5734303632113515,
      "recall": 0.6469570016800833,
      "loss": 1.5670814088821412,
      "round": 3,
      "evaluated": false,
      "selected_clients": [
        14
      ],
      "selected_count": 1,
      "selection_seconds": 0.00011100000119768083,
      "selection_overhead_seconds": 0.00011100000119768083,
      "round_time": 1820.5315342753024,
      "cum_time": 5930.869606788183,
      "round_modelled_energy_wh": 2.0228128158614473,
      "cum_modelled_energy_wh": 14.058193646481202,
      "round_modelled_carbon_g": 0.9608360875341876,
      "cum_modelled_carbon_g": 6.677641982078571,
      "training_tflops": 0.002620647,
      "cum_training_tflops": 0.0212116725,
      "round_comm_mb": 0.0999755859375,
      "cum_comm_mb": 0.7664794921875,
      "fairness_variance": 0.3875,
      "fairness_gini": 0.87,
      "fairness_jain": 0.1388888888888889,
      "utilization_entropy": 0.3521410031526743,
      "participation_coverage_ratio": 0.15,
      "tier_0_selection_rate": 0.4,
      "tier_1_selection_rate": 0.2,
      "tier_2_selection_rate": 0.4,
      "label_coverage_ratio": 1.0,
      "mean_local_loss_reduction": 1.8591710329055786,
      "accuracy_delta": 0.0,
      "criticalfl_sparse_round": true
    },
    {
      "accuracy": 0.6329,
      "f1": 0.5584609143545246,
      "precision": 0.5734303632113515,
      "recall": 0.6469570016800833,
      "loss": 1.5670814088821412,
      "round": 4,
      "evaluated": false,
      "selected_clients": [
        4,
        14
      ],
      "selected_count": 2,
      "selection_seconds": 0.00010229201870970428,
      "selection_overhead_seconds": 0.00010229201870970428,
      "round_time": 4969.799068453765,
      "cum_time": 10900.668675241948,
      "round_modelled_energy_wh": 7.544777562008106,
      "cum_modelled_energy_wh": 21.602971208489308,
      "round_modelled_carbon_g": 3.5837693419538503,
      "cum_modelled_carbon_g": 10.261411324032421,
      "training_tflops": 0.0097776945,
      "cum_training_tflops": 0.030989367,
      "round_comm_mb": 0.333251953125,
      "cum_comm_mb": 1.0997314453125,
      "fairness_variance": 0.6275000000000001,
      "fairness_gini": 0.85,
      "fairness_jain": 0.16333333333333333,
      "utilization_entropy": 0.42628450837869025,
      "participation_coverage_ratio": 0.2,
      "tier_0_selection_rate": 0.5714285714285714,
      "tier_1_selection_rate": 0.14285714285714285,
      "tier_2_selection_rate": 0.2857142857142857,
      "label_coverage_ratio": 1.0,
      "mean_local_loss_reduction": 0.008541968185454607,
      "accuracy_delta": 0.0,
      "criticalfl_sparse_round": false
    },
    {
      "accuracy": 0.6329,
      "f1": 0.5584609143545246,
      "precision": 0.5734303632113515,
      "recall": 0.6469570016800833,
      "loss": 1.5670814088821412,
      "round": 5,
      "evaluated": false,
      "selected_clients": [
        11
      ],
      "selected_count": 1,
      "selection_seconds": 0.00016737502301111817,
      "selection_overhead_seconds": 0.00016737502301111817,
      "round_time": 2366.4540758844637,
      "cum_time": 13267.122751126411,
      "round_modelled_energy_wh": 4.601438480886457,
      "cum_modelled_energy_wh": 26.204409689375765,
      "round_modelled_carbon_g": 2.185683278421067,
      "cum_modelled_carbon_g": 12.44709460245349,
      "training_tflops": 0.0067966725,
      "cum_training_tflops": 0.0377860395,
      "round_comm_mb": 0.0999755859375,
      "cum_comm_mb": 1.19970703125,
      "fairness_variance": 0.64,