{
  "run_label": "cifar10_lambda_sensitivity_cifar10_review_100_research.maml_select.cifar10_lambda_0p5_s123",
  "round": 99,
  "rounds": 100,
  "latest_metrics": {
    "accuracy": 0.6493,
    "f1": 0.6439058387300209,
    "precision": 0.6595368356982287,
    "recall": 0.6493,
    "loss": 1.024462003326416,
    "round": 99,
    "evaluated": true,
    "selected_clients": [
      26,
      1,
      23,
      95,
      41,
      67,
      52,
      89,
      29,
      88
    ],
    "selected_count": 10,
    "selection_seconds": 0.015020625010947697,
    "selection_overhead_seconds": 0.015020625010947697,
    "round_time": 2195.5827675585833,
    "cum_time": 210675.57989750363,
    "round_modelled_energy_wh": 15.393327956006067,
    "cum_modelled_energy_wh": 1680.5286855621057,
    "round_modelled_carbon_g": 7.311830779102881,
    "cum_modelled_carbon_g": 798.2511256420003,
    "training_tflops": 28.76023913472,
    "cum_training_tflops": 3033.43040187648,
    "round_comm_mb": 851.7732238769531,
    "cum_comm_mb": 85177.32238769531,
    "fairness_variance": 233.88,
    "fairness_gini": 0.51888,
    "fairness_jain": 0.29950880555888343,
    "utilization_entropy": 0.8726418552616865,
    "participation_coverage_ratio": 1.0,
    "tier_0_selection_rate": 0.08,
    "tier_1_selection_rate": 0.482,
    "tier_2_selection_rate": 0.438,
    "label_coverage_ratio": 1.0,
    "mean_local_loss_reduction": 0.5536408700048924,
    "accuracy_delta": 0.01990000000000003,
    "criticalfl_sparse_round": false
  }
}