{
  "run_label": "inner_step_ablation_cifar10_review_100_research.maml_select.inner_steps_5_s123",
  "round": 99,
  "rounds": 100,
  "latest_metrics": {
    "accuracy": 0.6476,
    "f1": 0.6366210053814936,
    "precision": 0.6714647601291053,
    "recall": 0.6476,
    "loss": 1.0025422449111938,
    "round": 99,
    "evaluated": true,
    "selected_clients": [
      77,
      99,
      42,
      26,
      64,
      0,
      58,
      20,
      7,
      61
    ],
    "selected_count": 10,
    "selection_seconds": 0.11924904197803698,
    "selection_overhead_seconds": 0.11924904197803698,
    "round_time": 2385.4384978530893,
    "cum_time": 219987.72265085886,
    "round_modelled_energy_wh": 19.050269095772858,
    "cum_modelled_energy_wh": 1778.9377343507037,
    "round_modelled_carbon_g": 9.048877820492107,
    "cum_modelled_carbon_g": 844.9954238165843,
    "training_tflops": 32.7843398016,
    "cum_training_tflops": 3214.12335273216,
    "round_comm_mb": 851.7732238769531,
    "cum_comm_mb": 85177.32238769531,
    "fairness_variance": 146.6,
    "fairness_gini": 0.4481,
    "fairness_jain": 0.40551500405515006,
    "utilization_entropy": 0.9094355962492194,
    "participation_coverage_ratio": 1.0,
    "tier_0_selection_rate": 0.08,
    "tier_1_selection_rate": 0.444,
    "tier_2_selection_rate": 0.476,
    "label_coverage_ratio": 1.0,
    "mean_local_loss_reduction": 0.7586175963282585,
    "accuracy_delta": -0.0049000000000000155,
    "criticalfl_sparse_round": false
  }
}