{
  "run_label": "inner_step_ablation_cifar10_review_100_research.maml_select.inner_steps_2_s2026",
  "round": 99,
  "rounds": 100,
  "latest_metrics": {
    "accuracy": 0.6372,
    "f1": 0.6298875474940548,
    "precision": 0.6439889525720781,
    "recall": 0.6372000000000001,
    "loss": 1.0563081811904906,
    "round": 99,
    "evaluated": true,
    "selected_clients": [
      93,
      15,
      82,
      96,
      43,
      3,
      86,
      2,
      24,
      48
    ],
    "selected_count": 10,
    "selection_seconds": 0.020828916982281953,
    "selection_overhead_seconds": 0.020828916982281953,
    "round_time": 1620.5580154651252,
    "cum_time": 210465.0501759964,
    "round_modelled_energy_wh": 14.61235154824968,
    "cum_modelled_energy_wh": 1711.5887662941348,
    "round_modelled_carbon_g": 6.940866985418598,
    "cum_modelled_carbon_g": 813.004663989714,
    "training_tflops": 27.11060780544,
    "cum_training_tflops": 3110.23823634432,
    "round_comm_mb": 851.7732238769531,
    "cum_comm_mb": 85177.32238769531,
    "fairness_variance": 118.82,
    "fairness_gini": 0.47624,
    "fairness_jain": 0.45699661822502513,
    "utilization_entropy": 0.9108675785951931,
    "participation_coverage_ratio": 1.0,
    "tier_0_selection_rate": 0.087,
    "tier_1_selection_rate": 0.372,
    "tier_2_selection_rate": 0.541,
    "label_coverage_ratio": 1.0,
    "mean_local_loss_reduction": 0.510182948410511,
    "accuracy_delta": 0.03759999999999997,
    "criticalfl_sparse_round": false
  }
}