{
  "run_label": "feature_ablation_fashion_main_research.maml_select.no_frequency_s2026",
  "round": 199,
  "rounds": 200,
  "latest_metrics": {
    "accuracy": 0.9041,
    "f1": 0.9028702462252166,
    "precision": 0.90364175859534,
    "recall": 0.9041,
    "loss": 0.3547496522903442,
    "round": 199,
    "evaluated": true,
    "selected_clients": [
      61,
      72,
      82,
      46,
      32,
      11,
      23,
      33,
      90,
      44
    ],
    "selected_count": 10,
    "selection_seconds": 0.009605250001186505,
    "selection_overhead_seconds": 0.009605250001186505,
    "round_time": 2050.9325551801653,
    "cum_time": 497282.4969146416,
    "round_modelled_energy_wh": 27.1000630159111,
    "cum_modelled_energy_wh": 4578.104024546298,
    "round_modelled_carbon_g": 12.872529932557772,
    "cum_modelled_carbon_g": 2174.5994116594916,
    "training_tflops": 0.69345669888,
    "cum_training_tflops": 116.5316076288,
    "round_comm_mb": 28.159942626953125,
    "cum_comm_mb": 5631.988525390625,
    "fairness_variance": 248.82,
    "fairness_gini": 0.37624,
    "fairness_jain": 0.6165038069110077,
    "utilization_entropy": 0.9474098127591806,
    "participation_coverage_ratio": 1.0,
    "tier_0_selection_rate": 0.0785,
    "tier_1_selection_rate": 0.423,
    "tier_2_selection_rate": 0.4985,
    "label_coverage_ratio": 1.0,
    "mean_local_loss_reduction": 0.12976675494310258,
    "accuracy_delta": 0.01529999999999998,
    "criticalfl_sparse_round": false
  }
}