{
  "metrics": [
    {
      "accuracy": 0.1041,
      "f1": 0.025060449392979356,
      "precision": 0.03294641452782796,
      "recall": 0.10328255526460788,
      "loss": 2.3103507289886474,
      "round": -1,
      "evaluated": true,
      "cum_time": 0.0,
      "cum_modelled_energy_wh": 0.0,
      "cum_modelled_carbon_g": 0.0,
      "cum_training_tflops": 0.0,
      "cum_comm_mb": 0.0
    },
    {
      "accuracy": 0.3501,
      "f1": 0.22159054507731507,
      "precision": 0.27240832354045913,
      "recall": 0.35457528695942203,
      "loss": 1.9480257137298584,
      "round": 0,
      "evaluated": true,
      "selected_clients": [
        12,
        32,
        13,
        9
      ],
      "selected_count": 4,
      "selection_seconds": 0.0003316999936942011,
      "selection_overhead_seconds": 0.0003316999936942011,
      "round_time": 1366.608354906931,
      "cum_time": 1366.608354906931,
      "round_modelled_energy_wh": 5.647607040235312,
      "cum_modelled_energy_wh": 5.647607040235312,
      "round_modelled_carbon_g": 2.6826133441117728,
      "cum_modelled_carbon_g": 2.6826133441117728,
      "training_tflops": 0.0078057225,
      "cum_training_tflops": 0.0078057225,
      "round_comm_mb": 0.66650390625,
      "cum_comm_mb": 0.66650390625,
      "fairness_variance": 0.09000000000000001,
      "fairness_gini": 0.9,
      "fairness_jain": 0.1,
      "utilization_entropy": 0.37580364941821515,
      "participation_coverage_ratio": 0.1,
      "tier_0_selection_rate": 0.5,
      "tier_1_selection_rate": 0.5,
      "tier_2_selection_rate": 0.0,
      "label_coverage_ratio": 1.0,
      "mean_local_loss_reduction": 1.6308250948786736,
      "accuracy_delta": 0.24600000000000002,
      "criticalfl_sparse_round": false
    },
    {
      "accuracy": 0.3501,
      "f1": 0.22159054507731507,
      "precision": 0.27240832354045913,
      "recall": 0.35457528695942203,
      "loss": 1.9480257137298584,
      "round": 1,
      "evaluated": false,
      "selected_clients": [
        20,
        22
      ],
      "selected_count": 2,
      "selection_seconds": 0.00044519999937620014,
      "selection_overhead_seconds": 0.00044519999937620014,
      "round_time": 427.1049992820662,
      "cum_time": 1793.7133541889973,
      "round_modelled_energy_wh": 2.142930155397288,
      "cum_modelled_energy_wh": 7.7905371956326,
      "round_modelled_carbon_g": 1.017891823813712,
      "cum_modelled_carbon_g": 3.7005051679254852,
      "training_tflops": 0.003514377,
      "cum_training_tflops": 0.0113200995,
      "round_comm_mb": 0.333251953125,
      "cum_comm_mb": 0.999755859375,
      "fairness_variance": 0.12749999999999997,
      "fairness_gini": 0.85,
      "fairness_jain": 0.15,
      "utilization_entropy": 0.485719170690123,
      "participation_coverage_ratio": 0.15,
      "tier_0_selection_rate": 0.3333333333333333,
      "tier_1_selection_rate": 0.5,
      "tier_2_selection_rate": 0.16666666666666666,
      "label_coverage_ratio": 1.0,
      "mean_local_loss_reduction": 2.2066772868856788,
      "accuracy_delta": 0.0,
      "criticalfl_sparse_round": false
    },
    {
      "accuracy": 0.3501,
      "f1": 0.22159054507731507,
      "precision": 0.27240832354045913,
      "recall": 0.35457528695942203,
      "loss": 1.9480257137298584,
      "round": 2,
      "evaluated": false,
      "selected_clients": [
        37,
        4
      ],
      "selected_count": 2,
      "selection_seconds": 0.0003733999910764396,
      "selection_overhead_seconds": 0.0003733999910764396,
      "round_time": 432.2862143674544,
      "cum_time": 2225.999568556452,
      "round_modelled_energy_wh": 1.8660327891644852,
      "cum_modelled_energy_wh": 9.656569984797086,
      "round_modelled_carbon_g": 0.8863655748531305,
      "cum_modelled_carbon_g": 4.586870742778616,
      "training_tflops": 0.003214545,
      "cum_training_tflops": 0.0145346445,
      "round_comm_mb": 0.199951171875,
      "cum_comm_mb": 1.19970703125,
      "fairness_variance": 0.16000000000000006,
      "fairness_gini": 0.8,
      "fairness_jain": 0.2,
      "utilization_entropy": 0.5637054741273227,
      "participation_coverage_ratio": 0.2,
      "tier_0_selection_rate": 0.25,
      "tier_1_selection_rate": 0.375,
      "tier_2_selection_rate": 0.375,
      "label_coverage_ratio": 1.0,
      "mean_local_loss_reduction": 0.6836559623479843,
      "accuracy_delta": 0.0,
      "criticalfl_sparse_round": true
    },
    {
      "accuracy": 0.3501,
      "f1": 0.22159054507731507,
      "precision": 0.27240832354045913,
      "recall": 0.35457528695942203,
      "loss": 1.9480257137298584,
      "round": 3,
      "evaluated": false,
      "selected_clients": [
        31,
        12,
        7,
        6
      ],
      "selected_count": 4,
      "selection_seconds": 0.00029969999741297215,
      "selection_overhead_seconds": 0.00029969999741297215,
      "round_time": 1366.7790429892511,
      "cum_time": 3592.778611545703,
      "round_modelled_energy_wh": 5.909553222463657,
      "cum_modelled_energy_wh": 15.566123207260743,
      "round_modelled_carbon_g": 2.807037780670237,
      "cum_modelled_carbon_g": 7.393908523448853,
      "training_tflops": 0.0095124585,
      "cum_training_tflops": 0.024047103,
      "round_comm_mb": 0.39990234375,
      "cum_comm_mb": 1.599609375,
      "fairness_variance": 0.25999999999999995,
      "fairness_gini": 0.7458333333333333,
      "fairness_jain": 0.2571428571428571,
      "utilization_entropy": 0.6423040246143794,
      "participation_coverage_ratio": 0.275,
      "tier_0_selection_rate": 0.25,
      "tier_1_selection_rate": 0.25,
      "tier_2_selection_rate": 0.5,
      "label_coverage_ratio": 1.0,
      "mean_local_loss_reduction": 0.6542974077165127,
      "accuracy_delta": 0.0,
      "criticalfl_sparse_round": true
    },
    {
      "accuracy": 0.3501,
      "f1": 0.22159054507731507,
      "precision": 0.27240832354045913,
      "recall": 0.35457528695942203,
      "loss": 1.9480257137298584,
      "round": 4,
      "evaluated": false,
      "selected_clients": [
        38,
        3,
        13,
        1,
        29,
        23,
        20,
        25
      ],
      "selected_count": 8,
      "selection_seconds": 0.0004017000028397888,
      "selection_overhead_seconds": 0.0004017000028397888,
      "round_time": 963.3201770135352,
      "cum_time": 4556.0987885592385,
      "round_modelled_energy_wh": 11.014840305210564,
      "cum_modelled_energy_wh": 26.580963512471307,
      "round_modelled_carbon_g": 5.232049144975018,
      "cum_modelled_carbon_g": 12.62595766842387,
      "training_tflops": 0.0170630355,
      "cum_training_tflops": 0.0411101385,
      "round_comm_mb": 1.3330078125,
      "cum_comm_mb": 2.9326171875,
      "fairness_variance": 0.4,
      "fairness_gini": 0.6275,
      "fairness_jain": 0.38461538461538464,
      "utilization_entropy": 0.7557276278781603,
      "participation_coverage_ratio": 0.425,
      "tier_0_selection_rate": 0.15,
      "tier_1_selection_rate": 0.45,
      "tier_2_selection_rate": 0.4,
      "label_coverage_ratio": 1.0,
      "mean_local_loss_reduction": 0.4618435531556315,
      "accuracy_delta": 0.0,
      "criticalfl_sparse_round": false
    },
    {
      "accuracy": 0.3501,
      "f1": 0.22159054507731507,
      "precision": 0.27240832354045913,
      "recall": 0.35457528695942203,
      "loss": 1.9480257137298584,
      "round": 5,
      "evaluated": false,
      "selected_clients": [
        5,
        27,
        22,
        17
      ],
      "selected_count": 4,
      "selection_seconds": 0.0002638000005390495,
      "selection_overhead_seconds": 0.0002638000005390495,
      "round_time": 1737.2986560398845,
      "cum_time": 6293.3974445991225,