{
  "run_label": "architecture_ablation_fashion_main_research.maml_select.hidden_16_s2026",
  "round": 199,
  "rounds": 200,
  "latest_metrics": {
    "accuracy": 0.9014,
    "f1": 0.8979383232495479,
    "precision": 0.9019159500444477,
    "recall": 0.9014000000000001,
    "loss": 0.3984791316986084,
    "round": 199,
    "evaluated": true,
    "selected_clients": [
      2,
      25,
      21,
      68,
      32,
      72,
      85,
      66,
      49,
      53
    ],
    "selected_count": 10,
    "selection_seconds": 0.01173689999995986,
    "selection_overhead_seconds": 0.01173689999995986,
    "round_time": 1990.6899346311295,
    "cum_time": 471434.00909099466,
    "round_modelled_energy_wh": 27.616236679546155,
    "cum_modelled_energy_wh": 4751.760431729452,
    "round_modelled_carbon_g": 13.117712422784424,
    "cum_modelled_carbon_g": 2257.08620507149,
    "training_tflops": 0.70135140096,
    "cum_training_tflops": 121.4518646016,
    "round_comm_mb": 28.159942626953125,
    "cum_comm_mb": 5631.988525390625,
    "fairness_variance": 176.78,
    "fairness_gini": 0.35745,
    "fairness_jain": 0.6935053226533514,
    "utilization_entropy": 0.9519873735301274,
    "participation_coverage_ratio": 1.0,
    "tier_0_selection_rate": 0.0745,
    "tier_1_selection_rate": 0.437,
    "tier_2_selection_rate": 0.4885,
    "label_coverage_ratio": 1.0,
    "mean_local_loss_reduction": 0.11279228692486284,
    "accuracy_delta": 0.0038000000000000256,
    "criticalfl_sparse_round": false
  }
}